00000000000009c4
0000000000000007
0000000000a7c5ac
0000010000000000
0000030000000000
fffff60000000000
0000040000000000
fffffd0000000000
0000024ccccccccd
fffffb0000000000
00000028f5c28f5c
fffffc999999999a
0000024ccccccccd
fffffb0000000000
00000028f5c28f5c
fffffc3333333333
0000024ccccccccd
fffffb0000000000
00000028f5c28f5c
fffffbcccccccccd
0000024ccccccccd
fffffb0000000000
00000028f5c28f5c
fffffb6666666666
0000024ccccccccd
fffffb0000000000
00000028f5c28f5c
fffffb0000000000
0000024ccccccccd
fffffb0000000000
00000028f5c28f5c
0000000000000000
000001cccccccccd
00000a0000000000
ffffffa1d5b46da0
ffffffd4f70be8b4
ffffff15deb1d97f
0000000000000000
000001cccccccccd
00000a0000000000
ffffffa526ca0a12
ffffffd4bb8ef12a
ffffff149b0d3fdb
0000000000000000
000001cccccccccd
00000a0000000000
ffffffa8857ca8c1
ffffffd4819be2d9
ffffff135fc7b4f8
0000000000000000
000001cccccccccd
00000a0000000000
ffffffabf191c44b
ffffffd4494aa3ca
ffffff122d633dc0
0000000000000000
000001cccccccccd
00000a0000000000
ffffffaf6ac668a8
ffffffd412b31cb1
ffffff110461eda1
0000000000000000
000001cccccccccd
00000a0000000000
ffffffb2f0cf0a93
ffffffd3dded2259
ffffff0fe5456bc3
0000000000000000
000001cccccccccd
00000a0000000000
ffffffb683576904
ffffffd3ab105df0
ffffff0ed08e71fa
0000000000000000
000001cccccccccd
00000a0000000000
ffffffba220279ab
ffffffd37a343448
ffffff0dc6bc4639
0000000000000000
000001cccccccccd
00000a0000000000
ffffffbdcc6a6138
ffffffd34b6fac3c
ffffff0cc84c2f3a
0000000000000000
000001cccccccccd
00000a0000000000
ffffffc182207841
ffffffd31ed95460
ffffff0bd5b8e55b
0000000000000000
000001cccccccccd
00000a0000000000
ffffffc542ad5d73
ffffffd2f487282d
ffffff0aef7a00ac
0000000000000000
000001cccccccccd
00000a0000000000
ffffffc90d91159e
ffffffd2cc8e74e1
ffffff0a1603654e
0000000000000000
000001cccccccccd
00000a0000000000
ffffffcce2433a08
ffffffd2a703be45
ffffff0949c4af65
0000000000000000
000001cccccccccd
00000a0000000000
ffffffd0c0333560
ffffffd283faa39d
ffffff088b289fd2
0000000000000000
000001cccccccccd
00000a0000000000
ffffffd4a6c88f69
ffffffd26385c4fd
ffffff07da948b26
0000000000000000
000001cccccccccd
00000a0000000000
ffffffd89563475e
ffffffd245b6a94c
ffffff073867cc25
0000000000000000
000001cccccccccd
00000a0000000000
ffffffdc8b5c3cd3
ffffffd22a9da525
ffffff06a4fb3b4a
0000000000000000
000001cccccccccd
00000a0000000000
ffffffe08805a6ba
ffffffd21249c2f8
ffffff0620a0acaf
0000000000000000
000001cccccccccd
00000a0000000000
ffffffe48aab97ec
ffffffd1fcc8ac88
ffffff05aba275cc
0000000000000000
000001cccccccccd
00000a0000000000
ffffffe89294907b
ffffffd1ea269626
ffffff054642fc59
0000000000000000
000001cccccccccd
00000a0000000000
ffffffec9f021adf
ffffffd1da6e2bd1
ffffff04f0bc4fa1
0000000000000000
000001cccccccccd
00000a0000000000
fffffff0af3173ce
ffffffd1cda88078
ffffff04ab3fcd83
0000000000000000
000001cccccccccd
00000a0000000000
fffffff4c25c3b96
ffffffd1c3dcff9a
ffffff0475f5d414
0000000000000000
000001cccccccccd
00000a0000000000
fffffff8d7b92f70
ffffffd1bd11615b
ffffff0450fd80fe
0000000000000000
000001cccccccccd
00000a0000000000
fffffffcee7ce955
ffffffd1b949a152
ffffff043c6c7f3e
0000000000000000
000001cccccccccd
00000a0000000000
0000000105daa4a7
ffffffd1b887f80a
ffffff04384ee3fa
0000000000000000
000001cccccccccd
00000a0000000000
000000051d0505f8
ffffffd1baccd767
ffffff0444a71acf
0000000000000000
000001cccccccccd
00000a0000000000
00000009332ee42a
ffffffd1c016e9eb
ffffff04616de1e1
0000000000000000
000001cccccccccd
00000a0000000000
0000000d478c1117
ffffffd1c86314e4
ffffff048e9255af
0000000000000000
000001cccccccccd
00000a0000000000
0000001159522008
ffffffd1d3ac7d7a
ffffff04cbfa0c8b
0000000000000000
000001cccccccccd
00000a0000000000
0000001567b92822
ffffffd1e1ec9087
ffffff0519814164
0000000000000000
000001cccccccccd
00000a0000000000
0000001971fc8136
ffffffd1f31b0d2f
ffffff0576fb0d49
0000000000000000
000001cccccccccd
00000a0000000000
0000001d775b793f
ffffffd2072e1208
ffffff05e431af0b
0000000000000000
000001cccccccccd
00000a0000000000
00000021771a0129
ffffffd21e1a2caf
ffffff0660e6e006
0000000000000000
000001cccccccccd
00000a0000000000
0000002570814f7d
ffffffd237d26b9e
ffffff06ecd4351d
0000000000000000
000001cccccccccd
00000a0000000000
0000002962e077bd
ffffffd254487206
ffffff0787ab8acb
0000000000000000
000001cccccccccd
00000a0000000000
0000002d4d8cf570
ffffffd2736c8d7a
ffffff0831177af7
0000000000000000
000001cccccccccd
00000a0000000000
000000312fe329fb
ffffffd2952dcd27
ffffff08e8bbdb50
0000000000000000
000001cccccccccd
00000a0000000000
000000350946cca7
ffffffd2b97a1a5d
ffffff09ae3642c3
0000000000000000
000001cccccccccd
00000a0000000000
00000038d9234c4c
ffffffd2e03e5223
ffffff0a811e94a5
0000000000000000
000001cccccccccd
00000a0000000000
0000003c9eec225a
ffffffd309665f96
ffffff0b61079027
0000000000000000
000001cccccccccd
00000a0000000000
000000405a1d172b
ffffffd334dd56cd
ffffff0c4d7f62aa
0000000000000000
000001cccccccccd
00000a0000000000
000000440a3a7797
ffffffd3628d9004
ffffff0d46103b92
0000000000000000
000001cccccccccd
00000a0000000000
00000047aed13c21
ffffffd39260c2d5
ffffff0e4a40e049
0000000000000000
000001cccccccccd
00000a0000000000
0000004b477721ff
ffffffd3c4402134
ffffff0f59953f29
0000000000000000
000001cccccccccd
00000a0000000000
0000004ed3cab68f
ffffffd3f814720b
ffffff10738f0030
0000000000000000
000001cccccccccd
00000a0000000000
00000052537355e0
ffffffd42dc62b35
ffffff1197ae1256
0000000000000000
000001cccccccccd
00000a0000000000
00000055c6211cf2
ffffffd4653d8aac
ffffff12c571349e
0000000000000000
000001cccccccccd
00000a0000000000
000000592b8cd096
ffffffd49e62aecb
ffffff13fc5679fe
0000000000000000
000001cccccccccd
00000a0000000000
0000005c8377b9c0
ffffffd4d91dad76
ffffff153bdbc75a
0000000000000000
000001cccccccccd
00000a0000000000
ffffffa18cbeb8b8
ffffffd7ad3032fb
ffffff15809668f1
0000000000000000
000001cccccccccd
00000a0000000000
ffffffa4dfa22f05
ffffffd7751b8bf1
ffffff143a748c3a
0000000000000000
000001cccccccccd
00000a0000000000
ffffffa8403fa1b8
ffffffd73e78e101
ffffff12fcba4cc0
0000000000000000
000001cccccccccd
00000a0000000000
ffffffabae5c9cf6
ffffffd7095ed4ca
ffffff11c7eb4ca4
0000000000000000
000001cccccccccd
00000a0000000000
ffffffaf29b6238d
ffffffd6d5e40e1e
ffffff109c8b466d
0000000000000000
000001cccccccccd
00000a0000000000
ffffffb2b20084de
ffffffd6a41f2291
ffffff0f7b1d9054
0000000000000000
000001cccccccccd
00000a0000000000
ffffffb646e73d08
ffffffd674267fe7
ffffff0e64249926
0000000000000000
000001cccccccccd
00000a0000000000
ffffffb9e80ce035
ffffffd646105494
ffffff0d58215f67
0000000000000000
000001cccccccccd
00000a0000000000
ffffffbd950b11e9
ffffffd619f27755
ffffff0c5792e38e
0000000000000000
000001cccccccccd
00000a0000000000
ffffffc14d728929
ffffffd5efe24e24
ffffff0b62f59645
0000000000000000
000001cccccccccd
00000a0000000000
ffffffc510cb2229
ffffffd5c7f4b4a1
ffffff0a7ac2c3ba
0000000000000000
000001cccccccccd
00000a0000000000
ffffffc8de93fe12
ffffffd5a23de23c
ffffff099f6ffd2b
0000000000000000
000001cccccccccd
00000a0000000000
ffffffccb643b167
ffffffd57ed15033
ffffff08d16e81e2
0000000000000000
000001cccccccccd
00000a0000000000
ffffffd097488142
ffffffd55dc19fc5
ffffff08112aa8fd
0000000000000000
000001cccccccccd
00000a0000000000
ffffffd48108afac
ffffffd53f2080b9
ffffff075f0b4d62
0000000000000000
000001cccccccccd
00000a0000000000
ffffffd872e2d6ea
ffffffd522fe9887
ffffff06bb713d44
0000000000000000
000001cccccccccd
00000a0000000000
ffffffdc6c2e53b2
ffffffd5096b6a60
ffffff0626b6aec1
0000000000000000
000001cccccccccd
00000a0000000000
ffffffe06c3bbdb8
ffffffd4f2754052
ffffff05a12ebaf6
0000000000000000
000001cccccccccd
00000a0000000000
ffffffe472556e2c
ffffffd4de2915ce
ffffff052b24e10b
0000000000000000
000001cccccccccd
00000a0000000000
ffffffe87dc01336
ffffffd4cc9283c2
ffffff04c4dc9293
0000000000000000
000001cccccccccd
00000a0000000000
ffffffec8dbb4f9c
ffffffd4bdbbae91
ffffff046e90ca95
0000000000000000
000001cccccccccd
00000a0000000000
fffffff0a1826561
ffffffd4b1ad360a
ffffff042873b070
0000000000000000
000001cccccccccd
00000a0000000000
fffffff4b84cea07
ffffffd4a86e27a9
ffffff03f2ae47be
0000000000000000
000001cccccccccd
00000a0000000000
fffffff8d14f8312
ffffffd4a203f332
ffffff03cd602e33
0000000000000000
000001cccccccccd
00000a0000000000
fffffffcebbca92e
ffffffd49e7261dc
ffffff03b89f682d
0000000000000000
000001cccccccccd
00000a0000000000
0000000106c57042
ffffffd49dbb901f
ffffff03b4783cc1
0000000000000000
000001cccccccccd
00000a0000000000
00000005219a52be
ffffffd49fdfea41
ffffff03c0ed218e
0000000000000000
000001cccccccccd
00000a0000000000
000000093b6bfe45
ffffffd4a4de2ba0
ffffff03ddf6b6b6
0000000000000000
000001cccccccccd
00000a0000000000
0000000d536c1fde
ffffffd4acb360c9
ffffff040b83d2fd
0000000000000000
000001cccccccccd
00000a0000000000
0000001168ce2de4
ffffffd4b75aec4d
ffffff0449799fdf
0000000000000000
000001cccccccccd
00000a0000000000
000000157ac82dd6
ffffffd4c4ce8e4a
ffffff0497b3c558
0000000000000000
000001cccccccccd
00000a0000000000
0000001988937460
ffffffd4d5066e85
ffffff04f604a4c2
0000000000000000
000001cccccccccd
00000a0000000000
0000001d916d5df0
ffffffd4e7f92908
ffffff056435a211
0000000000000000
000001cccccccccd
00000a0000000000
000000219497fe52
ffffffd4fd9bdd09
ffffff05e2077a8f
0000000000000000
000001cccccccccd
00000a0000000000
00000025915ac5fa
ffffffd515e23df8
ffffff066f32a80e
0000000000000000
000001cccccccccd
00000a0000000000
0000002987031bb4
ffffffd530bea67e
ffffff070b67cf59
0000000000000000
000001cccccccccd
00000a0000000000
0000002d74e4e9c2
ffffffd54e222d34
ffffff07b65038ad
0000000000000000
000001cccccccccd
00000a0000000000
000000315a5b1d70
ffffffd56dfcbad8
ffffff086f8e50d4
0000000000000000
000001cccccccccd
00000a0000000000
0000003536c8188d
ffffffd5903d21bb
ffffff0936be317b
0000000000000000
000001cccccccccd
00000a0000000000
000000390996142f
ffffffd5b4d13634
ffffff0a0b762f4e
0000000000000000
000001cccccccccd
00000a0000000000
0000003cd237748b
ffffffd5dba5e7cf
ffffff0aed476c6d
0000000000000000
000001cccccccccd
00000a0000000000
0000004090270dbf
ffffffd604a75af5
ffffff0bdbbe6db8
0000000000000000
000001cccccccccd
00000a0000000000
0000004442e85999
ffffffd62fc102e2
ffffff0cd663b19a
0000000000000000
000001cccccccccd
00000a0000000000
00000047ea079ea2
ffffffd65cddbb8e
ffffff0ddcbc46ec
0000000000000000
000001cccccccccd
00000a0000000000
0000004b851a08c4
ffffffd68be7e374
ffffff0eee4a62b2
0000000000000000
000001cccccccccd
00000a0000000000
0000004f13bdb424
ffffffd6bcc974e3
ffffff100a8df370
0000000000000000
000001cccccccccd
00000a0000000000
000000529599aac1
ffffffd6ef6c1ec0
ffffff113105310d
0000000000000000
000001cccccccccd
00000a0000000000
000000560a5dd5aa
ffffffd723b95c7b
ffffff12612d2842
0000000000000000
000001cccccccccd
00000a0000000000
0000005971c2e29a
ffffffd7599a8d23
ffffff139a8240b0
0000000000000000
000001cccccccccd
00000a0000000000
0000005ccb8a1ee6
ffffffd790f90963
ffffff14dc80bcd8
0000000000000000
000001cccccccccd
00000a0000000000
ffffffa1462b0cc4
ffffffda68aa7eca
ffffff1528ea362c
0000000000000000
000001cccccccccd
00000a0000000000
ffffffa49acb91a4
ffffffda3413c42e
ffffff13e06194d6
0000000000000000
000001cccccccccd
00000a0000000000
ffffffa7fd423b15
ffffffda00d6be95
ffffff12a048a8d5
0000000000000000
000001cccccccccd
00000a0000000000
ffffffab6d54a85d
ffffffd9cf08c054
ffffff116924a582
0000000000000000
000001cccccccccd
00000a0000000000
ffffffaeeabfd561
ffffffd99ebf2138
ffffff103b7ae06c
0000000000000000
000001cccccccccd
00000a0000000000
ffffffb27537ef25
ffffffd9700f2a45
ffffff0f17d052d2
0000000000000000
000001cccccccccd
00000a0000000000
ffffffb60c68329f
ffffffd9430e0069
ffffff0dfea91474
0000000000000000
000001cccccccccd
00000a0000000000
ffffffb9aff2d6da
ffffffd917d08e38
ffffff0cf087d082
0000000000000000
000001cccccccccd
00000a0000000000
ffffffbd5f710356
ffffffd8ee6b6cd4
ffffff0beded3573
0000000000000000
000001cccccccccd
00000a0000000000
ffffffc11a72d365
ffffffd8c6f2cc35
ffffff0af75760b7
0000000000000000
000001cccccccccd
00000a0000000000
ffffffc4e07f6757
ffffffd8a17a5aef
ffffff0a0d414760
0000000000000000
000001cccccccccd
00000a0000000000
ffffffc8b1150400
ffffffd87e152da5
ffffff0930221ce0
0000000000000000
000001cccccccccd
00000a0000000000
ffffffcc8ba9411d
ffffffd85cd5a66e
ffffff08606cb92a
0000000000000000
000001cccccccccd
00000a0000000000
ffffffd06fa946e4
ffffffd83dcd5c4d
ffffff079e8eff8f
0000000000000000
000001cccccccccd
00000a0000000000
ffffffd45c7a1af3
ffffffd8210d0308
ffffff06eaf147bd
0000000000000000
000001cccccccccd
00000a0000000000
ffffffd85178fc92
ffffffd806a4538e
ffffff0645f5ca62
0000000000000000
000001cccccccccd
00000a0000000000
ffffffdc4dfbd019
ffffffd7eea1f535
ffffff05aff812e1
0000000000000000
000001cccccccccd
00000a0000000000
ffffffe05151991c
ffffffd7d91367fe
ffffff05294c77a8
0000000000000000
000001cccccccccd
00000a0000000000
ffffffe45ac302af
ffffffd7c604f02a
ffffff04b23f9a95
0000000000000000
000001cccccccccd
00000a0000000000
ffffffe86992f51c
ffffffd7b5818353
ffffff044b15f2db
0000000000000000
000001cccccccccd
00000a0000000000
ffffffec7cff37eb
ffffffd7a792b740
ffffff03f40b61c5
0000000000000000
000001cccccccccd
00000a0000000000
fffffff094411f30
ffffffd79c40b2ac
ffffff03ad52d394
0000000000000000
000001cccccccccd
00000a0000000000
fffffff4ae8e42ba
ffffffd79392202a
ffffff037715ed9f
0000000000000000
000001cccccccccd
00000a0000000000
fffffff8cb193da9
ffffffd78d8c2351
ffffff035174cab5
0000000000000000
000001cccccccccd
00000a0000000000
fffffffce91274d8
ffffffd78a325056
ffffff033c85c691
0000000000000000
000001cccccccccd
00000a0000000000
0000000107a8e24e
ffffffd78986a626
ffffff0338555913
0000000000000000
000001cccccccccd
00000a0000000000
00000005260ae3ff
ffffffd78b898b1c
ffffff0344e601a3
0000000000000000
000001cccccccccd
00000a0000000000
0000000943670bf1
ffffffd79039cc53
ffffff0362304310
0000000000000000
000001cccccccccd
00000a0000000000
0000000d5eecefe6
ffffffd797949fa9
ffffff039022aff5
0000000000000000
000001cccccccccd
00000a0000000000
0000001177cdf6b3
ffffffd7a195a851
ffffff03cea20774
0000000000000000
000001cccccccccd
00000a0000000000
000000158d3e2165
ffffffd7ae36fe01
ffffff041d8961f2
0000000000000000
000001cccccccccd
00000a0000000000
000000199e74ce78
ffffffd7bd713693
ffffff047caa6d47
0000000000000000
000001cccccccccd
00000a0000000000
0000001daaad756b
ffffffd7cf3b7200
ffffff04ebcdb796
0000000000000000
000001cccccccccd
00000a0000000000
00000021b1285928
ffffffd7e38b6890
ffffff056ab307f3
0000000000000000
000001cccccccccd
00000a0000000000
00000025b12b2fde
ffffffd7fa557b13
ffffff05f911c3b8
0000000000000000
000001cccccccccd
00000a0000000000
00000029aa01befb
ffffffd8138cc4f0
ffffff0696995f5b
0000000000000000
000001cccccccccd
00000a0000000000
0000002d9afe6a48
ffffffd82f232fda
ffffff0742f1d976
0000000000000000
000001cccccccccd
00000a0000000000
00000031837ab53c
ffffffd84d0988e3
ffffff07fdbc3e99
0000000000000000
000001cccccccccd
00000a0000000000
0000003562d7b5cd
ffffffd86d2f96cb
ffffff08c6933472
0000000000000000
000001cccccccccd
00000a0000000000
00000039387e7850
ffffffd88f843130
ffffff099d0b8ad3
0000000000000000
000001cccccccccd
00000a0000000000
0000003d03e05418
ffffffd8b3f55877
ffffff0a80b4d110
0000000000000000
000001cccccccccd
00000a0000000000
00000040c47730b0
ffffffd8da704e31
ffffff0b7119ee3d
0000000000000000
000001cccccccccd
00000a0000000000
0000004479c5bbcc
ffffffd902e1adad
ffffff0c6dc1bade
0000000000000000
000001cccccccccd
00000a0000000000
0000004823579038
ffffffd92d35849a
ffffff0d762f9aa2
0000000000000000
000001cccccccccd
00000a0000000000
0000004bc0c14e16
ffffffd959576b69
ffffff0e89e414d3
0000000000000000
000001cccccccccd
00000a0000000000
0000004f51a0a515
ffffffd987329d50
ffffff0fa85d6a50
0000000000000000
000001cccccccccd
00000a0000000000
00000052d59c5133
ffffffd9b6b20fba
ffffff10d11827ea
0000000000000000
000001cccccccccd
00000a0000000000
000000564c640ae3
ffffffd9e7c088f3
ffffff12038fb417
0000000000000000
000001cccccccccd
00000a0000000000
00000059b5b06b6b
ffffffda1a48b5f7
ffffff133f3ed732
0000000000000000
000001cccccccccd
00000a0000000000
0000005d1142c66b
ffffffda4e353f42
ffffff1483a03d65
0000000000000000
000001cccccccccd
00000a0000000000
ffffffa1020b7dc5
ffffffdd294a5d6b
ffffff14d7d3667d
0000000000000000
000001cccccccccd
00000a0000000000
ffffffa45857fee6
ffffffdcf8469a5d
ffffff138cfb9370
0000000000000000
000001cccccccccd
00000a0000000000
ffffffa7bc95f048
ffffffdcc883eefa
ffffff124a9b15e6
0000000000000000
000001cccccccccd
00000a0000000000
ffffffab2e8b05ac
ffffffdc9a1650a8
ffffff111138a59d
0000000000000000
000001cccccccccd
00000a0000000000
ffffffaeadf4362d
ffffffdc6d11bb4c
ffffff0fe15b2644
0000000000000000
000001cccccccccd
00000a0000000000
ffffffb23a858f4b
ffffffdc418a1e4c
ffffff0ebb89272a
0000000000000000
000001cccccccccd
00000a0000000000
ffffffb5d3ea1272
ffffffdc17934888
ffffff0da0485c14
0000000000000000
000001cccccccccd
00000a0000000000
ffffffb979c39dfb
ffffffdbef40d370
ffffff0c901d1009
0000000000000000
000001cccccccccd
00000a0000000000
ffffffbd2baae290
ffffffdbc8a60d49
ffffff0b8b8992cd
0000000000000000
000001cccccccccd
00000a0000000000
ffffffc0e92f65ce
ffffffdba3d5e2de
ffffff0a930da21d
0000000000000000
000001cccccccccd
00000a0000000000
ffffffc4b1d792e8
ffffffdb80e2c8b0
ffffff09a725cfbb
0000000000000000
000001cccccccccd
00000a0000000000
ffffffc88520d9ea
ffffffdb5fdea3d4
ffffff08c84ae574
0000000000000000
000001cccccccccd
00000a0000000000
ffffffcc627fde1e
ffffffdb40dab2c6
ffffff07f6f14871
0000000000000000
000001cccccccccd
00000a0000000000
ffffffd04960b3e3
ffffffdb23e77645
ffffff0733885d3c
0000000000000000
000001cccccccccd
00000a0000000000
ffffffd439272e39
ffffffdb09149a8d
ffffff067e79ede2
0000000000000000
000001cccccccccd
00000a0000000000
ffffffd8312f3bdd
ffffffdaf070e10f
ffffff05d82993b2
0000000000000000
000001cccccccccd
00000a0000000000
ffffffdc30cd53f1
ffffffdada0a0afa
ffffff0540f4262e
0000000000000000
000001cccccccccd
00000a0000000000
ffffffe0374ef198
ffffffdac5ecc4b3
ffffff04b92f309e
0000000000000000
000001cccccccccd
00000a0000000000
ffffffe443fb1e1d
ffffffdab4249291
ffffff0441286fe8
0000000000000000
000001cccccccccd
00000a0000000000
ffffffe8561308b4
ffffffdaa4bbbefd
ffffff03d9255a00
0000000000000000
000001cccccccccd
00000a0000000000
ffffffec6cd2aae7
ffffffda97bb4a3d
ffffff038162b074
0000000000000000
000001cccccccccd
00000a0000000000
fffffff087717882
ffffffda8d2adc0e
ffffff033a141f4a
0000000000000000
000001cccccccccd
00000a0000000000
fffffff4a5231998
ffffffda8510b746
ffffff030363e965
0000000000000000
000001cccccccccd
00000a0000000000
fffffff8c5182d23
ffffffda7f71af93
ffffff02dd72a37a
0000000000000000
000001cccccccccd
00000a0000000000
fffffffce67f1298
ffffffda7c51218b
ffffff02c856fe61
0000000000000000
000001cccccccccd
00000a0000000000
000000010884b8af
ffffffda7bb0ed19
ffffff02c41da183
0000000000000000
000001cccccccccd
00000a0000000000
000000052a556f7c
ffffffda7d917263
ffffff02d0c915d0
0000000000000000
000001cccccccccd
00000a0000000000
000000094b1dbbff
ffffffda81f19123
ffffff02ee51c187
0000000000000000
000001cccccccccd
00000a0000000000
0000000d6a0b2b33
ffffffda88ceaa8d
ffffff031ca5f4da
0000000000000000
000001cccccccccd
00000a0000000000
00000011864d22c2
ffffffda9224a5a7
ffffff035baa074c
0000000000000000
000001cccccccccd
00000a0000000000
000000159f15ad63
ffffffda9dedf60c
ffffff03ab388561
0000000000000000
000001cccccccccd
00000a0000000000
00000019b39a4132
ffffffdaac23a507
ffffff040b226e14
0000000000000000
000001cccccccccd
00000a0000000000
0000001dc3147e33
ffffffdabcbd5ce9
ffffff047b2f7f48
0000000000000000
000001cccccccccd
00000a0000000000
00000021ccc2e377
ffffffdacfb17670
ffffff04fb1e904c
0000000000000000
000001cccccccccd
00000a0000000000
00000025cfe97974
ffffffdae4f50819
ffffff058aa5f94b
0000000000000000
000001cccccccccd
00000a0000000000
00000029cbd2703e
ffffffdafc7bf733
ffffff0629740679
0000000000000000
000001cccccccccd
00000a0000000000
0000002dbfceb097
ffffffdb16390a77
ffffff06d72f75a0
0000000000000000
000001cccccccccd
00000a0000000000
00000031ab365ee6
ffffffdb321dfdf2
ffffff079377fc95
0000000000000000
000001cccccccccd
00000a0000000000
000000358d694f6d
ffffffdb501b9810
ffffff085de6d72c
0000000000000000
000001cccccccccd
00000a0000000000
0000003965cf6b2f
ffffffdb7021bf83
ffffff09360f5b10
0000000000000000
000001cccccccccd
00000a0000000000
0000003d33d9054c
ffffffdb921f91cc
ffffff0a1b7f9000
0000000000000000
000001cccccccccd
00000a0000000000
00000040f6ff20ad
ffffffdbb6037a3d
ffffff0b0dc0caed
0000000000000000
000001cccccccccd
00000a0000000000
00000044aec3a618
ffffffdbdbbb4924
ffffff0c0c584a7e
0000000000000000
000001cccccccccd
00000a0000000000
000000485ab18afc
ffffffdc03344afd
ffffff0d16c7d38e
0000000000000000
000001cccccccccd
00000a0000000000
0000004bfa5ce94b
ffffffdc2c5b5f6b
ffffff0e2c8e4c48
0000000000000000
000001cccccccccd
00000a0000000000
0000004f8d63090b
ffffffdc571d0fd1
ffffff0f4d2854ad
0000000000000000
000001cccccccccd
00000a0000000000
00000053136a5c3e
ffffffdc8365a55f
ffffff107810db56
0000000000000000
000001cccccccccd
00000a0000000000
000000568c226df7
ffffffdcb1213e60
ffffff11acc1ad6e
0000000000000000
000001cccccccccd
00000a0000000000
00000059f743c581
ffffffdce03be2be
ffffff12eab400fb
0000000000000000
000001cccccccccd
00000a0000000000
0000005d548fbe85
ffffffdd10a19784
ffffff143160f8ae
0000000000000000
000001cccccccccd
00000a0000000000
ffffffa0c071c595
ffffffdfeedd14d6
ffffff148d76fd82
0000000000000000
000001cccccccccd
00000a0000000000
ffffffa41858ec38
ffffffdfc180b4c0
ffffff1340689ba7
0000000000000000
000001cccccccccd
00000a0000000000
ffffffa77e4be7ed
ffffffdf954c7c8c
ffffff11fbd8b638
0000000000000000
000001cccccccccd
00000a0000000000
ffffffaaf210821c
ffffffdf6a52f858
ffffff10c04f7baf
0000000000000000
000001cccccccccd
00000a0000000000
ffffffae7363af03
ffffffdf40a6bb90
ffffff0f8e555016
0000000000000000
000001cccccccccd
00000a0000000000
ffffffb201f95f59
ffffffdf185a4f33
ffffff0e66724af4
0000000000000000
000001cccccccccd
00000a0000000000
ffffffb59d7c5c90
ffffffdef1801f29
ffffff0d492dae43
0000000000000000
000001cccccccccd
00000a0000000000
ffffffb9458e30b2
ffffffdecc2a66c0
ffffff0c370d5714
0000000000000000
000001cccccccccd
00000a0000000000
ffffffbcf9c71ad1
ffffffdea86b1c67
ffffff0b309528d7
0000000000000000
000001cccccccccd
00000a0000000000
ffffffc0b9b610ed
ffffffde8653dcd5
ffffff0a36467426
0000000000000000
000001cccccccccd
00000a0000000000
ffffffc484e0d011
ffffffde65f5d5b2
ffffff09489f5a4b
0000000000000000
000001cccccccccd
00000a0000000000
ffffffc85ac3fb4d
ffffffde4761b004
ffffff08681a2e9c
0000000000000000
000001cccccccccd
00000a0000000000
ffffffcc3ad34a16
ffffffde2aa77a72
ffffff07952cd716
0000000000000000
000001cccccccccd
00000a0000000000
ffffffd02479c66a
ffffffde0fd693aa
ffffff06d0482d9a
0000000000000000
000001cccccccccd
00000a0000000000
ffffffd4171a1ae0
ffffffddf6fd9509
ffffff0619d7633c
0000000000000000
000001cccccccccd
00000a0000000000
ffffffd8120ef0ae
ffffffdde02a3dc1
ffffff05723f6742
0000000000000000
000001cccccccccd
00000a0000000000
ffffffdc14ab5d6a
ffffffddcb695eba
ffffff04d9de534c
0000000000000000
000001cccccccccd
00000a0000000000
ffffffe01e3b602e
ffffffddb8c6c75b
ffffff04510ade4b
0000000000000000
000001cccccccccd
00000a0000000000
ffffffe42e046d74
ffffffdda84d3377
ffffff03d813d7c5
0000000000000000
000001cccccccccd
00000a0000000000
ffffffe8434608e8
ffffffdd9a063a8d
ffffff036f3facf1
0000000000000000
000001cccccccccd
00000a0000000000
ffffffec5d3a6c26
ffffffdd8dfa4097
ffffff0316cbf90c
0000000000000000
000001cccccccccd
00000a0000000000
fffffff07b173930
ffffffdd8430688b
ffffff02ceed224a
0000000000000000
000001cccccccccd
00000a0000000000
fffffff49c0e3737
ffffffdd7cae88bc
ffffff0297ce0488
0000000000000000
000001cccccccccd
00000a0000000000
fffffff8bf4e1835
ffffffdd7779213e
ffffff02718faad6
0000000000000000
000001cccccccccd
00000a0000000000
fffffffce403459c
ffffffdd7493547a
ffffff025c4918b4
0000000000000000
000001cccccccccd
00000a0000000000
000000010958b252
ffffffdd73fee1e9
ffffff02580723b7
0000000000000000
000001cccccccccd
00000a0000000000
000000052e78b01d
ffffffdd75bc2330
ffffff0264cc5e11
0000000000000000
000001cccccccccd
00000a0000000000
00000009528dc683
ffffffdd79ca0b88
ffffff0282911240
0000000000000000
000001cccccccccd
00000a0000000000
0000000d74c3892d
ffffffdd8026297c
ffffff02b1434ffb
0000000000000000
000001cccccccccd
00000a0000000000
0000001194476bdc
ffffffdd88ccab04
ffffff02f0c70a24
0000000000000000
000001cccccccccd
00000a0000000000
00000015b04991f6
ffffffdd93b863d9
ffffff0340f6456d
0000000000000000
000001cccccccccd
00000a0000000000
00000019c7fd97e5
ffffffdda0e2d603
ffffff03a1a1570c
0000000000000000
000001cccccccccd
00000a0000000000
0000001dda9b547a
ffffffddb0443c78
ffffff04128f32ba
0000000000000000
000001cccccccccd
00000a0000000000
00000021e75f90c0
ffffffddc1d397af
ffffff04937dc70a
0000000000000000
000001cccccccccd
00000a0000000000
00000025ed8cb4b9
ffffffddd586bbfe
ffffff05242266ee
0000000000000000
000001cccccccccd
00000a0000000000
00000029ec6b67ce
ffffffddeb52619b
ffffff05c42a3f27
0000000000000000
000001cccccccccd
00000a0000000000
0000002de34b23c5
ffffffde032a3607
ffffff06733ad645
0000000000000000
000001cccccccccd
00000a0000000000
00000031d182b951
ffffffde1d00eec0
ffffff0730f295c0
0000000000000000
000001cccccccccd
00000a0000000000
00000035b670c59b
ffffffde38c85cec
ffffff07fce95a93
0000000000000000
000001cccccccccd
00000a0000000000
00000039917c182a
ffffffde567181e3
ffffff08d6b10be0
0000000000000000
000001cccccccccd
00000a0000000000
0000003d621408f7
ffffffde75eca449
ffffff09bdd635f7
0000000000000000
000001cccccccccd
00000a0000000000
0000004127b0be7d
ffffffde97296590
ffffff0ab1e0a842
0000000000000000
000001cccccccccd
00000a0000000000
00000044e1d363f7
ffffffdeba16d7ac
ffffff0bb254148b
0000000000000000
000001cccccccccd
00000a0000000000
0000004890064ffb
ffffffdedea392be
ffffff0cbeb0ae24
0000000000000000
000001cccccccccd
00000a0000000000
0000004c31dd1bf8
ffffffdf04bdca8f
ffffff0dd673c7a7
0000000000000000
000001cccccccccd
00000a0000000000
0000004fc6f4ad1b
ffffffdf2c5363ae
ffffff0ef9186dee
0000000000000000
000001cccccccccd
00000a0000000000
000000534ef32f62
ffffffdf55520802
ffffff102617ff2e
0000000000000000
000001cccccccccd
00000a0000000000
00000056c98803a5
ffffffdf7fa73ab3
ffffff115ceabd1b
0000000000000000
000001cccccccccd
00000a0000000000
0000005a366ba189
ffffffdfab406b47
ffffff129d085935
0000000000000000
000001cccccccccd
00000a0000000000
0000005d955f6e4a
ffffffdfd80b07d1
ffffff13e5e87a70
0000000000000000
000001cccccccccd
00000a0000000000
ffffffa0816f3855
ffffffe2b92da9b1
ffffff1449f8c239
0000000000000000
000001cccccccccd
00000a0000000000
ffffffa3dadf6bf7
ffffffe28f8c696b
ffffff12facd7f16
0000000000000000
000001cccccccccd
00000a0000000000
ffffffa74274e86f
ffffffe266fa12b5
ffffff11b42764c3
0000000000000000
000001cccccccccd
00000a0000000000
ffffffaab7f58db8
ffffffe23f87bc6c
ffffff1076900a07
0000000000000000
000001cccccccccd
00000a0000000000
ffffffae3b1e4ef4
ffffffe219468543
ffffff0f429144a5
0000000000000000
000001cccccccccd
00000a0000000000
ffffffb1cba302ae
ffffffe1f4478362
ffffff0e18b4a5ac
0000000000000000
000001cccccccccd
00000a0000000000
ffffffb5692e3dd6
ffffffe1d09bb326
ffffff0cf982ee87
0000000000000000
000001cccccccccd
00000a0000000000
ffffffb913613a85
ffffffe1ae53e517
ffffff0be5837fa3
0000000000000000
000001cccccccccd
00000a0000000000
ffffffbcc9d3cb81
ffffffe18d80ab24
ffffff0add3bc186
0000000000000000
000001cccccccccd
00000a0000000000
ffffffc08c145d5f
ffffffe16e324554
ffffff09e12e8944
0000000000000000
000001cccccccccd
00000a0000000000
ffffffc459a8061e
ffffffe150788e0a
ffffff08f1db7990
0000000000000000
000001cccccccccd
00000a0000000000
ffffffc8320aa3d9
ffffffe13462e5fc
ffffff080fbe6188
0000000000000000
000001cccccccccd
00000a0000000000
ffffffcc14af0b21
ffffffe11a002015
ffffff073b4e9aab
0000000000000000
000001cccccccccd
00000a0000000000
ffffffd000ff4562
ffffffe1015e6d66
ffffff0674fe675f
0000000000000000
000001cccccccccd
00000a0000000000
ffffffd3f65cdf78
ffffffe0ea8b4959
ffffff05bd3a538b
0000000000000000
000001cccccccccd
00000a0000000000
ffffffd7f421488b
ffffffe0d5936659
ffffff05146898de
0000000000000000
000001cccccccccd
00000a0000000000
ffffffdbf99e40ef
ffffffe0c2829b25
ffffff047ae8884e
0000000000000000
000001cccccccccd
00000a0000000000
ffffffe0061e58b4
ffffffe0b163d0f2
ffffff03f111fa77
0000000000000000
000001cccccccccd
00000a0000000000
ffffffe418e57d33
ffffffe0a240f2a6
ffffff037734c86e
0000000000000000
000001cccccccccd
00000a0000000000
ffffffe8313194e0
ffffffe09522dd49
ffffff030d984e86
0000000000000000
000001cccccccccd
00000a0000000000
ffffffec4e3b2840
ffffffe08a1151e3
ffffff02b47afa8d
0000000000000000
000001cccccccccd
00000a0000000000
fffffff06f3616e0
ffffffe08112e8f0
ffffff026c11e6d1
0000000000000000
000001cccccccccd
00000a0000000000
fffffff4935256cf
ffffffe07a2d0798
ffffff023488832f
0000000000000000
000001cccccccccd
00000a0000000000
fffffff8b9bcbd14
ffffffe07563d6be
ffffff020e004d3d
0000000000000000
000001cccccccccd
00000a0000000000
fffffffce19fcd6a
ffffffe072ba3c12
ffffff01f8909875
0000000000000000
000001cccccccccd
00000a0000000000
000000010a248f59
ffffffe07231d538
ffffff01f4466719
0000000000000000
000001cccccccccd
00000a0000000000
00000005327366de
ffffffe073caf50d
ffffff0201245451
0000000000000000
000001cccccccccd
00000a0000000000
0000000959b4ee83
ffffffe07784a31c
ffffff021f228fc1
0000000000000000
000001cccccccccd
00000a0000000000
0000000d7f12d102
ffffffe07d5c9d42
ffffff024e2eeaba
0000000000000000
000001cccccccccd
00000a0000000000
00000011a1b8a062
ffffffe0854f5b77
ffffff028e2cf6c0
0000000000000000
000001cccccccccd
00000a0000000000
00000015c0d4a8a3
ffffffe08f5815b9
ffffff02def6351b
0000000000000000
000001cccccccccd
00000a0000000000
00000019db98bc07
ffffffe09b70cbfa
ffffff03405a56c2
0000000000000000
000001cccccccccd
00000a0000000000
0000001df13af749
ffffffe0a9924fff
ffffff03b21f8be2
0000000000000000
000001cccccccccd
00000a0000000000
0000002200f67bfe
ffffffe0b9b45117
ffffff043402e1f7
0000000000000000
000001cccccccccd
00000a0000000000
000000260a0c1fb9
ffffffe0cbcd696e
ffffff04c5b8af55
0000000000000000
000001cccccccccd
00000a0000000000
0000002a0bc30e94
ffffffe0dfd32cef
ffffff0566ed0ad4
0000000000000000
000001cccccccccd
00000a0000000000
0000002e05695ff9
ffffffe0f5ba3976
ffffff0617444e33
0000000000000000
000001cccccccccd
00000a0000000000
00000031f6549cce
ffffffe10d764824
ffffff06d65ba1b5
0000000000000000
000001cccccccccd
00000a0000000000
00000035dde23637
ffffffe126fa3fac
ffffff07a3c98f61
0000000000000000
000001cccccccccd
00000a0000000000
00000039bb77ec80
ffffffe14238475e
ffffff087f1e9c57
0000000000000000
000001cccccccccd
00000a0000000000
0000003d8e8425d7
ffffffe15f21dabd
ffffff0967e5e68b
0000000000000000
000001cccccccccd
00000a0000000000
00000041567e34cb
ffffffe17da7dd74
ffffff0a5da5c56e
0000000000000000
000001cccccccccd
00000a0000000000
0000004512e68e98
ffffffe19dbaaf73
ffffff0b5fe06bdc
0000000000000000
000001cccccccccd
00000a0000000000
00000048c346f1aa
ffffffe1bf4a4109
ffffff0c6e1489e8
0000000000000000
000001cccccccccd
00000a0000000000
0000004c67327ca5
ffffffe1e24626c9
ffffff0d87bded14
0000000000000000
000001cccccccccd
00000a0000000000
0000004ffe45b6b2
ffffffe2069dad14
ffffff0eac561dbb
0000000000000000
000001cccccccccd
00000a0000000000
00000053882689ba
ffffffe22c3feb2b
ffffff0fdb54f865
0000000000000000
000001cccccccccd
00000a0000000000
0000005704842f62
ffffffe2531bd597
ffffff111431420e
0000000000000000
000001cccccccccd
00000a0000000000
0000005a731711d4
ffffffe27b204fce
ffffff125661365e
0000000000000000
000001cccccccccd
00000a0000000000
0000005dd3a0a137
ffffffe2a43c3d0e
ffffff13a15b0f12
0000000000000000
000001cccccccccd
00000a0000000000
ffffffa04514b8d3
ffffffe58804eb6e
ffffff140d7b2444
0000000000000000
000001cccccccccd
00000a0000000000
ffffffa39ffc21f2
ffffffe56231ca77
ffffff12bc4db191
0000000000000000
000001cccccccccd
00000a0000000000
ffffffa709214c9b
ffffffe53d540a3d
ffffff1173ab987b
0000000000000000
000001cccccccccd
00000a0000000000
ffffffaa804a3015
ffffffe5197b40c3
ffffff10341fc8d2
0000000000000000
000001cccccccccd
00000a0000000000
ffffffae0533bff7
ffffffe4f6b70c26
ffffff0efe357aa8
0000000000000000
000001cccccccccd
00000a0000000000
ffffffb19791bb16
ffffffe4d51703ad
ffffff0dd277a8fd
0000000000000000
000001cccccccccd
00000a0000000000
ffffffb5370e8548
ffffffe4b4aaa7f8
ffffff0cb170850c
0000000000000000
000001cccccccccd
00000a0000000000
ffffffb8e34b0d0f
ffffffe495815282
ffffff0b9ba8e305
0000000000000000
000001cccccccccd
00000a0000000000
ffffffbc9bdebe32
ffffffe477aa2472
ffffff0a91a7a0ff
0000000000000000
000001cccccccccd
00000a0000000000
ffffffc060578226
ffffffe45b33f4e9
ffffff0993f10937
0000000000000000
000001cccccccccd
00000a0000000000
ffffffc43039cf26
ffffffe4402d3ee8
ffffff08a30630ba
0000000000000000
000001cccccccccd
00000a0000000000
ffffffc80b00c69a
ffffffe426a40ef8
ffffff07bf6453bb
0000000000000000
000001cccccccccd
00000a0000000000
ffffffcbf01e6369
ffffffe40ea5f0ac
ffffff06e98430f9
0000000000000000
000001cccccccccd
00000a0000000000
ffffffcfdefbb898
ffffffe3f83fdc3f
ffffff0621d965a7
0000000000000000
000001cccccccccd
00000a0000000000
ffffffd3d6f94062
ffffffe3e37e2463
ffffff0568d1cb68
0000000000000000
000001cccccccccd
00000a0000000000
ffffffd7d76f3bdf
ffffffe3d06c647f
ffffff04bed4d9ed
0000000000000000
000001cccccccccd
00000a0000000000
ffffffdbdfae22f8
ffffffe3bf156f82
ffffff0424430dea
0000000000000000
000001cccccccccd
00000a0000000000
ffffffdfeeff2451
ffffffe3af833f7f
ffffff03997556ee
0000000000000000
000001cccccccccd
00000a0000000000
ffffffe404a4b484
ffffffe3a1bee63f
ffffff031ebc8dd2
0000000000000000
000001cccccccccd
00000a0000000000
ffffffe81fdb2bd3
ffffffe395d07ef2
ffffff02b460f543
0000000000000000
000001cccccccccd
00000a0000000000
ffffffec3fd97154
ffffffe38bbf2132
ffffff025aa1c5ef
0000000000000000
000001cccccccccd
00000a0000000000
fffffff063d1b248
ffffffe38390d57c
ffffff0211b4c7b1
0000000000000000
000001cccccccccd
00000a0000000000
fffffff48af22435
ffffffe37d4a8b3e
ffffff01d9c5f908
0000000000000000
000001cccccccccd
00000a0000000000
fffffff8b465d026
ffffffe378f010a4
ffffff01b2f745eb
0000000000000000
000001cccccccccd
00000a0000000000
fffffffcdf556554
ffffffe376840c35
ffffff019d604eeb
0000000000000000
000001cccccccccd
00000a0000000000
000000010ae8114f
ffffffe37607f85e
ffffff01990e415c
0000000000000000
000001cccccccccd
00000a0000000000
0000000536445bbe
ffffffe3777c20ed
ffffff01a603c106
0000000000000000
000001cccccccccd
00000a0000000000
000000096091039f
ffffffe37adfa296
ffffff01c438e3ad
0000000000000000
000001cccccccccd
00000a0000000000
0000000d88f5dc0d
ffffffe380306c6e
ffffff01f39b3e7c
0000000000000000
000001cccccccccd
00000a0000000000
00000011ae9ca670
ffffffe3876b436e
ffffff02340e051e
0000000000000000
000001cccccccccd
00000a0000000000
00000015d0b1e828
ffffffe3908bc7de
ffffff02856a3a33
0000000000000000
000001cccccccccd
00000a0000000000
00000019ee65b9b9
ffffffe39b8c7ca7
ffffff02e77ef06c
0000000000000000
000001cccccccccd
00000a0000000000
0000001e06ec8dad
ffffffe3a866d064
ffffff035a119b89
0000000000000000
000001cccccccccd
00000a0000000000
00000022197fed81
ffffffe3b7132827
ffffff03dcde7029
0000000000000000
000001cccccccccd
00000a0000000000
00000026255f2b0f
ffffffe3c788ebbe
ffffff046f98d14c
0000000000000000
000001cccccccccd
00000a0000000000
0000002a29d0051f
ffffffe3d9be935e
ffffff0511ebca24
0000000000000000
000001cccccccccd
00000a0000000000
0000002e261f3e03
ffffffe3eda9b688
ffffff05c37a92cc
0000000000000000
000001cccccccccd
00000a0000000000
0000003219a1233a
ffffffe4033f1bf8
ffffff0683e11e52
0000000000000000
000001cccccccccd
00000a0000000000
0000003603b20571
ffffffe41a72ca6f
ffffff0752b4b08c
0000000000000000
000001cccccccccd
00000a0000000000
00000039e3b6a05d
ffffffe433381a38
ffffff082f847a00
0000000000000000
000001cccccccccd
00000a0000000000
0000003db91c7218
ffffffe44d81c721
ffffff0919da3849
0000000000000000
000001cccccccccd
00000a0000000000
00000041835a01fe
ffffffe4694202cd
ffffff0a113ad95a
0000000000000000
000001cccccccccd
00000a0000000000
0000004541ef1716
ffffffe4866a8729
ffffff0b15272007
0000000000000000
000001cccccccccd
00000a0000000000
00000048f464de64
ffffffe4a4eca8dc
ffffff0c251c4851
0000000000000000
000001cccccccccd
00000a0000000000
0000004c9a4e0194
ffffffe4c4b96984
ffffff0d4094aa17
0000000000000000
000001cccccccccd
00000a0000000000
000000503346ae9f
ffffffe4e5c189a3
ffffff0e670858c2
0000000000000000
000001cccccccccd
00000a0000000000
00000053bef49132
ffffffe507f59a0d
ffffff0f97edbed2
0000000000000000
000001cccccccccd
00000a0000000000
000000573d06beb2
ffffffe52b460ccb
ffffff10d2ba3423
0000000000000000
000001cccccccccd
00000a0000000000
0000005aad3595d0
ffffffe54fa3453e
ffffff1216e28e09
0000000000000000
000001cccccccccd
00000a0000000000
0000005e0f4292c2
ffffffe574fda786
ffffff1363dba865
0000000000000000
000001cccccccccd
00000a0000000000
ffffffa00b72acfa
ffffffe85b298279
ffffff13d81f2175
0000000000000000
000001cccccccccd
00000a0000000000
ffffffa367bf37e3
ffffffe83936b468
ffffff12850b2dba
0000000000000000
000001cccccccccd
00000a0000000000
ffffffa6d260f83b
ffffffe8181f77da
ffffff113a8847dc
0000000000000000
000001cccccccccd
00000a0000000000
ffffffaa4b1dfd0d
ffffffe7f7f1d6ce
ffffff0ff922a8b2
0000000000000000
000001cccccccccd
00000a0000000000
ffffffadd1b33bc9
ffffffe7d8bbe361
ffffff0ec166da59
0000000000000000
000001cccccccccd
00000a0000000000
ffffffb165d45de7
ffffffe7ba8baa59
ffffff0d93e13158
0000000000000000
000001cccccccccd
00000a0000000000
ffffffb5072b996e
ffffffe79d6f24d8
ffffff0c711d3e3f
0000000000000000
000001cccccccccd
00000a0000000000
ffffffb8b559959a
ffffffe781742975
ffffff0b59a5387d
0000000000000000
000001cccccccccd
00000a0000000000
ffffffbc6ff55c89
ffffffe766a85cb2
ffffff0a4e016351
0000000000000000
000001cccccccccd
00000a0000000000
ffffffc0368c5af6
ffffffe74d1920fa
ffffff094eb76dde
0000000000000000
000001cccccccccd
00000a0000000000
ffffffc408a26ec1
ffffffe734d3863f
ffffff085c49cf92
0000000000000000
000001cccccccccd
00000a0000000000
ffffffc7e5b20519
ffffffe71de4395c
ffffff0777372216
0000000000000000
000001cccccccccd
00000a0000000000
ffffffcbcd2c48bd
ffffffe708577359
ffffff069ff97a3c
0000000000000000
000001cccccccccd
00000a0000000000
ffffffcfbe7960d3
ffffffe6f438e8bc
ffffff05d705c168
0000000000000000
000001cccccccccd
00000a0000000000
ffffffd3b8f8c07a
ffffffe6e193b913
ffffff051ccb10fd
0000000000000000
000001cccccccccd
00000a0000000000
ffffffd7bc018732
ffffffe6d0725ed3
ffffff0471b2117b
0000000000000000
000001cccccccccd
00000a0000000000
ffffffdbc6e2f1dc
ffffffe6c0de9fcb
ffffff03d61c5eeb
0000000000000000
000001cccccccccd
00000a0000000000
ffffffdfd8e4dbf0
ffffffe6b2e17e3d
ffffff034a63f456
0000000000000000
000001cccccccccd
00000a0000000000
ffffffe3f148504e
ffffffe6a6832ae5
ffffff02ceda9fe3
0000000000000000
000001cccccccccd
00000a0000000000
ffffffe80f4828d0
ffffffe69bcaf7f6
ffffff0263c98135
0000000000000000
000001cccccccccd
00000a0000000000
ffffffec3219bb84
ffffffe692bf4d57
ffffff020970939e
0000000000000000
000001cccccccccd
00000a0000000000
fffffff058ed945b
ffffffe68b659e24
ffffff01c006457f
0000000000000000
000001cccccccccd
00000a0000000000
fffffff482f039c6
ffffffe685c25fab
ffffff0187b71e38
0000000000000000
000001cccccccccd
00000a0000000000
fffffff8af4afaad
ffffffe681d901f6
ffffff0160a573ae
0000000000000000
000001cccccccccd
00000a0000000000
fffffffcdd24c3e5
ffffffe67fabea03
ffffff014ae93071
0000000000000000
000001cccccccccd
00000a0000000000
000000010ba2fb56
ffffffe67f3c6db3
ffffff01468fab2a
0000000000000000
000001cccccccccd
00000a0000000000
0000000539ea5eb0
ffffffe6808ad183
ffffff01539b8fea
0000000000000000
000001cccccccccd
00000a0000000000
00000009671fe3c4
ffffffe683964817
ffffff017204db9f
0000000000000000
000001cccccccccd
00000a0000000000
0000000d92699846
ffffffe6885cf39c
ffffff01a1b8e9b6
0000000000000000
000001cccccccccd
00000a0000000000
00000011baef7efe
ffffffe68edbe8f0
ffffff01e29a93cb
0000000000000000
000001cccccccccd
00000a0000000000
00000015dfdc6857
ffffffe6970f3491
ffffff02348262f2
0000000000000000
000001cccccccccd
00000a0000000000
0000001a005ec44f
ffffffe6a0f1e143
ffffff02973ed1f9
0000000000000000
000001cccccccccd
00000a0000000000
0000001e1ba96bf7
ffffffe6ac7e004b
ffffff030a949fd6
0000000000000000
000001cccccccccd
00000a0000000000
0000002230f460cc
ffffffe6b9acb338
ffffff038e3f311e
0000000000000000
000001cccccccccd
00000a0000000000
000000263f7d8057
ffffffe6c8763704
ffffff0421f0ff6e
0000000000000000
000001cccccccccd
00000a0000000000
0000002a46892aba
ffffffe6d8d1f080
ffffff04c554154c
0000000000000000
000001cccccccccd
00000a0000000000
0000002e4562dafb
ffffffe6eab679d4
ffffff05780a951e
0000000000000000
000001cccccccccd
00000a0000000000
000000323b5db024
ffffffe6fe19b0f6
ffffff0639af4992
0000000000000000
000001cccccccccd
00000a0000000000
0000003627d4e66d
ffffffe712f0c6e9
ffffff0709d63de8
0000000000000000
000001cccccccccd
00000a0000000000
0000003a0a2c3ff8
ffffffe729304f99
ffffff07e80d5c5a
0000000000000000
000001cccccccccd
00000a0000000000
0000003de1d05cd1
ffffffe740cc522a
ffffff08d3dd1111
0000000000000000
000001cccccccccd
00000a0000000000
00000041ae370221
ffffffe759b85995
ffffff09ccc8efeb
0000000000000000
000001cccccccccd
00000a0000000000
000000456edf50aa
ffffffe773e7855c
ffffff0ad2505b82
0000000000000000
000001cccccccccd
00000a0000000000
000000492351eaf4
ffffffe78f4c9a3f
ffffff0be3ef2bec
0000000000000000
000001cccccccccd
00000a0000000000
0000004ccb210b8b
ffffffe7abda12c1
ffffff0d011e53b7
0000000000000000
000001cccccccccd
00000a0000000000
0000005065e88c0b
ffffffe7c9822f5d
ffffff0e295481d5
0000000000000000
000001cccccccccd
00000a0000000000
00000053f34dddb6
ffffffe7e837064d
ffffff0f5c06bf3f
0000000000000000
000001cccccccccd
00000a0000000000
0000005772fff480
ffffffe807ea92cb
ffffff1098a9072c
0000000000000000
000001cccccccccd
00000a0000000000
0000005ae4b72580
ffffffe8288ec3a9
ffffff11deaed8f0
0000000000000000
000001cccccccccd
00000a0000000000
0000005e4834f9e5
ffffffe84a158934
ffffff132d8bc2b6
0000000000000000
000001cccccccccd
00000a0000000000
ffffff9fd498f251
ffffffeb32600084
ffffff13aa042bd3
0000000000000000
000001cccccccccd
00000a0000000000
ffffffa332385204
ffffffeb145edeb5
ffffff1255265a04
0000000000000000
000001cccccccccd
00000a0000000000
ffffffa69e434cbb
ffffffeaf71f3cfc
ffffff1108deccf4
0000000000000000
000001cccccccccd
00000a0000000000
ffffffaa18800986
ffffffeadaad8e9d
ffffff0fc5baf5bc
0000000000000000
000001cccccccccd
00000a0000000000
ffffffada0ab80e7
ffffffeabf164eca
ffffff0e8c489f7a
0000000000000000
000001cccccccccd
00000a0000000000
ffffffb136794923
ffffffeaa465f4a0
ffffff0d5d156702
0000000000000000
000001cccccccccd
00000a0000000000
ffffffb4d9936db0
ffffffea8aa8e67f
ffffff0c38ae2ade
0000000000000000
000001cccccccccd
00000a0000000000
ffffffb8899a52c8
ffffffea71eb6cbb
ffffff0b1f9e745d
0000000000000000
000001cccccccccd
00000a0000000000
ffffffbc4624a640
ffffffea5a39a3ce
ffffff0a126fda95
0000000000000000
000001cccccccccd
00000a0000000000
ffffffc00ebf5e87
ffffffea439f6e15
ffffff0911a9606e
0000000000000000
000001cccccccccd
00000a0000000000
ffffffc3e2edc8bc
ffffffea2e286538
ffffff081dcececf
0000000000000000
000001cccccccccd
00000a0000000000
ffffffc7c229a67f
ffffffea19dfcb59
ffffff0737600c4f
0000000000000000
000001cccccccccd
00000a0000000000
ffffffcbabe35c30
ffffffea06d07c2a
ffffff065ed873c6
0000000000000000
000001cccccccccd
00000a0000000000
ffffffcf9f822ff4
ffffffe9f504de0d
ffffff0594ae2b49
0000000000000000
000001cccccccccd
00000a0000000000
ffffffd39c6499bb
ffffffe9e486d35f
ffffff04d9517d2b
0000000000000000
000001cccccccccd
00000a0000000000
ffffffd7a1e0a460
ffffffe9d55fac19
ffffff042d2c34a8
0000000000000000
000001cccccccccd
00000a0000000000
ffffffdbaf445fa5
ffffffe9c79817ea
ffffff0390a0fff8
0000000000000000
000001cccccccccd
00000a0000000000
ffffffdfc3d662b0
ffffffe9bb3818ed
ffffff03040ad969
0000000000000000
000001cccccccccd
00000a0000000000
ffffffe3ded65e5a
ffffffe9b046f727
ffffff0287bc794b
0000000000000000
000001cccccccccd
00000a0000000000
ffffffe7ff7dbe8a
ffffffe9a6cb34f2
ffffff021bffd237
0000000000000000
000001cccccccccd
00000a0000000000
ffffffec25005975
ffffffe99eca846e
ffffff01c115995b
0000000000000000
000001cccccccccd
00000a0000000000
fffffff04e8d2b84
ffffffe99849be2d
ffffff017734dc23
0000000000000000
000001cccccccccd
00000a0000000000
fffffff47b4f1e5f
ffffffe9934cd919
ffffff013e8aa4ac
0000000000000000
000001cccccccccd
00000a0000000000
fffffff8aa6dd97c
ffffffe98fd6e3d5
ffffff011739ae0d
0000000000000000
000001cccccccccd
00000a0000000000
fffffffcdb0e9a54
ffffffe98de9ff88
ffffff01015a2980
0000000000000000
000001cccccccccd
00000a0000000000
000000010c551256
ffffffe98d875c3e
ffffff00fcf9952e
0000000000000000
000001cccccccccd
00000a0000000000
000000053d64488d
ffffffe98eaf36e0
ffffff010a1aa513
0000000000000000
000001cccccccccd
00000a0000000000
000000096d5f7cdb
ffffffe99160d8cd
ffffff0128b53e61
0000000000000000
000001cccccccccd
00000a0000000000
0000000d9b6b0aad
ffffffe9959a9910
ffffff0158b6855e
0000000000000000
000001cccccccccd
00000a0000000000
00000011c6ad490c
ffffffe99b59df37
ffffff019a00fd9d
0000000000000000
000001cccccccccd
00000a0000000000
00000015ee4f65f0
ffffffe9a29b27bd
ffffff01ec6cbc17
0000000000000000
000001cccccccccd
00000a0000000000
0000001a117e3adf
ffffffe9ab5a09f9
ffffff024fc7aa8b
0000000000000000
000001cccccccccd
00000a0000000000
0000001e2f6b18ee
ffffffe9b5913f7b
ffffff02c3d5db49
0000000000000000
000001cccccccccd
00000a0000000000
00000022474c8a6f
ffffffe9c13aacc5
ffffff034851ec42
0000000000000000
000001cccccccccd
00000a0000000000
00000026585f08b4
ffffffe9ce4f6b45
ffffff03dced7843
0000000000000000
000001cccccccccd
00000a0000000000
0000002a61e5a47a
ffffffe9dcc7d46a
ffffff04815194d6
0000000000000000
000001cccccccccd
00000a0000000000
0000002e632a9fe4
ffffffe9ec9b8db0
ffffff05351f5b5e
0000000000000000
000001cccccccccd
00000a0000000000
000000325b7ff8f6
ffffffe9fdc19590
ffffff05f7f07bcb
0000000000000000
000001cccccccccd
00000a0000000000
000000364a3fe3e3
ffffffea10305119
ffffff06c957d736
0000000000000000
000001cccccccccd
00000a0000000000
0000003a2ecd34a2
ffffffea23dd9a1a
ffffff07a8e220bb
0000000000000000
000001cccccccccd
00000a0000000000
0000003e0893b785
ffffffea38becdaf
ffffff08961682da
0000000000000000
000001cccccccccd
00000a0000000000
00000041d70878bb
ffffffea4ec8db10
ffffff09907747ac
0000000000000000
000001cccccccccd
00000a0000000000
0000004599a9fae5
ffffffea65f0527c
ffffff0a9782824d
0000000000000000
000001cccccccccd
00000a0000000000
0000004950005d0e
ffffffea7e297419
ffffff0baab2b7ea
0000000000000000
000001cccccccccd
00000a0000000000
0000004cf99d708e
ffffffea97683ead
ffffff0cc97f8701
0000000000000000
000001cccccccccd
00000a0000000000
00000050961cbf74
ffffffeab1a07e0e
ffffff0df35e4b69
0000000000000000
000001cccccccccd
00000a0000000000
0000005425238456
ffffffeaccc5d932
ffffff0f27c2bdf2
0000000000000000
000001cccccccccd
00000a0000000000
00000057a660946a
ffffffeae8cbdfba
ffffff10661f8e79
0000000000000000
000001cccccccccd
00000a0000000000
0000005b198c3cdc
ffffffeb05a616f4
ffffff11ade6f779
0000000000000000
000001cccccccccd
00000a0000000000
0000005e7e681492
ffffffeb2348062f
ffffff12fe8b4a51
0000000000000000
000001cccccccccd
00000a0000000000
ffffff9fa096d2a0
ffffffee0d6af2f5
ffffff138348102f
0000000000000000
000001cccccccccd
00000a0000000000
ffffffa2ff7683bd
ffffffedf36bee8d
ffffff122cbdee4c
0000000000000000
000001cccccccccd
00000a0000000000
ffffffa66cd71df0
ffffffedda141add
ffffff10decec9fc
0000000000000000
000001cccccccccd
00000a0000000000
ffffffa9e87ee05c
ffffffedc16e4a42
ffffff0f9a093b1b
0000000000000000
000001cccccccccd
00000a0000000000
ffffffad722ac795
ffffffeda9855693
ffffff0e5efc3bf9
0000000000000000
000001cccccccccd
00000a0000000000
ffffffb1098e58bd
ffffffed926416ad
ffffff0d2e369fb3
0000000000000000
000001cccccccccd
00000a0000000000
ffffffb4ae5377d6
ffffffed7c155368
ffffff0c0846809f
0000000000000000
000001cccccccccd
00000a0000000000
ffffffb8601a4a57
ffffffed66a3bc00
ffffff0aedb8a7b5
0000000000000000
000001cccccccccd
00000a0000000000
ffffffbc1e79272b
ffffffed5219da09
ffffff09df17edb7
0000000000000000
000001cccccccccd
00000a0000000000
ffffffbfe8fc9500
ffffffed3e8204fe
ffffff08dcec9748
0000000000000000
000001cccccccccd
00000a0000000000
ffffffc3bf2757e3
ffffffed2be65582
ffffff07e7bbad05
0000000000000000
000001cccccccccd
00000a0000000000
ffffffc7a0728eca
ffffffed1a509872
ffffff070006510b
0000000000000000
000001cccccccccd
00000a0000000000
ffffffcb8c4de1c1
ffffffed09ca41db
ffffff0626491346
0000000000000000
000001cccccccccd
00000a0000000000
ffffffcf821fc11c
ffffffecfa5c5ffb
ffffff055afb4623
0000000000000000
000001cccccccccd
00000a0000000000
ffffffd38145b5ef
ffffffecec0f8e67
ffffff049e8e553c
0000000000000000
000001cccccccccd
00000a0000000000
ffffffd78914c3d7
ffffffecdeebe97a
ffffff03f16d1fb5
0000000000000000
000001cccccccccd
00000a0000000000
ffffffdb98d9dbea
ffffffecd2f90228
ffffff0353fb5801
0000000000000000
000001cccccccccd
00000a0000000000
ffffffdfafda6064
ffffffecc83dd266
ffffff02c694eacb
0000000000000000
000001cccccccccd
00000a0000000000
ffffffe3cd54b86e
ffffffecbec0b233
ffffff02498d6ebb
0000000000000000
000001cccccccccd
00000a0000000000
ffffffe7f080f326
ffffffecb6874d74
ffffff01dd2f9ecd
0000000000000000
000001cccccccccd
00000a0000000000
ffffffec189178d1
ffffffecaf969abc
ffffff0181bce0b9
0000000000000000
000001cccccccccd
00000a0000000000
fffffff044b3c8dd
ffffffeca9f2d316
ffffff01376cd908
0000000000000000
000001cccccccccd
00000a0000000000
fffffff474114349
ffffffeca59f6afe
ffffff00fe6d0e0d
0000000000000000
000001cccccccccd
00000a0000000000
fffffff8a5cffba6
ffffffeca29f0c84
ffffff00d6e09b06
0000000000000000
000001cccccccccd
00000a0000000000
fffffffcd91393ee
ffffffeca0f392c4
ffffff00c0dff45b
0000000000000000
000001cccccccccd
00000a0000000000
000000010cfe1d32
ffffffeca09e06bf
ffffff00bc78bdbb
0000000000000000
000001cccccccccd
00000a0000000000
0000000540b0fc00
ffffffeca19e9d89
ffffff00c9adb2a8
0000000000000000
000001cccccccccd
00000a0000000000
00000009734dce74
ffffffeca3f4b7f6
ffffff00e876a1c7
0000000000000000
000001cccccccccd
00000a0000000000
0000000da3f751b4
ffffffeca79ee3aa
ffffff0118c07af4
0000000000000000
000001cccccccccd
00000a0000000000
00000011d1d244c4
ffffffecac9add90
ffffff015a6d6fff
0000000000000000
000001cccccccccd
00000a0000000000
00000015fc064680
ffffffecb2e595bf
ffffff01ad55278e
0000000000000000
000001cccccccccd
00000a0000000000
0000001a21beacce
ffffffecba7b34a2
ffffff021145018f
0000000000000000
000001cccccccccd
00000a0000000000
0000001e422b5309
ffffffecc3572177
ffffff0286006c4b
0000000000000000
000001cccccccccd
00000a0000000000
000000225c815de4
ffffffeccd7409ea
ffffff030b414908
0000000000000000
000001cccccccccd
00000a0000000000
000000266ffbf33a
ffffffecd8cbead2
ffffff03a0b85ef7
0000000000000000
000001cccccccccd
00000a0000000000
0000002a7bdce44a
ffffffece55819e4
ffffff04460ddb04
0000000000000000
000001cccccccccd
00000a0000000000
0000002e7f6d4940
ffffffecf3115042
ffffff04fae1db02
0000000000000000
000001cccccccccd
00000a0000000000
0000003279fe0d0b
ffffffed01efb5c5
ffffff05becd0287
0000000000000000
000001cccccccccd
00000a0000000000
000000366ae868b5
ffffffed11eaecea
ffffff06916117cb
0000000000000000
000001cccccccccd
00000a0000000000
0000003a518e4dcc
ffffffed22fa1f30
ffffff077229a6d0
0000000000000000
000001cccccccccd
00000a0000000000
0000003e2d5abf89
ffffffed351409d3
ffffff0860aca915
0000000000000000
000001cccccccccd
00000a0000000000
00000041fdc21a97
ffffffed482f0abc
ffffff095c6b301e
0000000000000000
000001cccccccccd
00000a0000000000
00000045c2424bc0
ffffffed5c412d8c
ffffff0a64e21122
0000000000000000
000001cccccccccd
00000a0000000000
000000497a62f5b4
ffffffed71403899
ffffff0b798a9051
0000000000000000
000001cccccccccd
00000a0000000000
0000004d25b58685
ffffffed8721b9c6
ffffff0c99db0a36
0000000000000000
000001cccccccccd
00000a0000000000
00000050c3d53d84
ffffffed9ddb1323
ffffff0dc54799bf
0000000000000000
000001cccccccccd
00000a0000000000
000000545467224c
ffffffedb561872d
ffffff0efb42b9ca
0000000000000000
000001cccccccccd
00000a0000000000
00000057d719ede5
ffffffedcdaa449d
ffffff103b3de0f5
0000000000000000
000001cccccccccd
00000a0000000000
0000005b4ba5e71d
ffffffede6aa71c3
ffffff1184aa16d1
0000000000000000
000001cccccccccd
00000a0000000000
0000005eb1ccb311
ffffffee00573740
ffffff12d6f88198
0000000000000000
000001cccccccccd
00000a0000000000
ffffff9f6f7af8c5
fffffff0ec0af75a
ffffff136406dd71
0000000000000000
000001cccccccccd
00000a0000000000
ffffffa2cf884484
fffffff0d61d8bb5
ffffff120beeda2e
0000000000000000
000001cccccccccd
00000a0000000000
ffffffa63e2aa713
fffffff0c0bcc7ce
ffffff10bc760eb3
0000000000000000
000001cccccccccd
00000a0000000000
ffffffa9bb287772
fffffff0abf1d37d
ffffff0f762c276b
0000000000000000
000001cccccccccd
00000a0000000000
ffffffad463eb71c
fffffff097c5dd62
ffffff0e39a13b53
0000000000000000
000001cccccccccd
00000a0000000000
ffffffb0df20dbfc
fffffff08442120d
ffffff0d07654102
0000000000000000
000001cccccccccd
00000a0000000000
ffffffb48578a5a7
fffffff0716f92a0
ffffff0be0077ba8
0000000000000000
000001cccccccccd
00000a0000000000
ffffffb838e5ff02
fffffff05f576afb
ffffff0ac415e0d8
0000000000000000
000001cccccccccd
00000a0000000000
ffffffbbf8feed6e
fffffff04e02877e
ffffff09b41c7802
0000000000000000
000001cccccccccd
00000a0000000000
ffffffbfc54f8e76
fffffff03d79aa7f
ffffff08b0a4b4a2
0000000000000000
000001cccccccccd
00000a0000000000
ffffffc39d5a24e7
fffffff02dc56170
ffffff07ba34cc6e
0000000000000000
000001cccccccccd
00000a0000000000
ffffffc78097361e
fffffff01eedf9e4
ffffff06d14f0ac3
0000000000000000
000001cccccccccd
00000a0000000000
ffffffcb6e75b81e
fffffff010fb767c
ffffff05f67122dc
0000000000000000
000001cccccccccd
00000a0000000000
ffffffcf665b50ef
fffffff003f583d5
ffffff052a13824d
0000000000000000
000001cccccccccd
00000a0000000000
ffffffd367a4a778
ffffffeff7e36da0
ffffff046ca8a584
0000000000000000
000001cccccccccd
00000a0000000000
ffffffd771a5c5f2
ffffffefeccc13e9
ffffff03be9c6fea
0000000000000000
000001cccccccccd
00000a0000000000
ffffffdb83aa8db8
ffffffefe2b5e0c1
ffffff0320538983
0000000000000000
000001cccccccccd
00000a0000000000
ffffffdf9cf73c19
ffffffefd9a6be5d
ffffff02922ac3b9
0000000000000000
000001cccccccccd
00000a0000000000
ffffffe3bcc8ff7e
ffffffefd1a40dbe
ffffff0214768720
0000000000000000
000001cccccccccd
00000a0000000000
ffffffe7e2569c14
ffffffefcab29e12
ffffff01a7824be3
0000000000000000
000001cccccccccd
00000a0000000000
ffffffec0cd11ecd
ffffffefc4d6a4d9
ffffff014b901e79
0000000000000000
000001cccccccccd
00000a0000000000
fffffff03b649d72
ffffffefc013b6e6
ffffff0100d8321f
0000000000000000
000001cccccccccd
00000a0000000000
fffffff46d39023a
ffffffefbc6cc260
ffffff00c7888281
0000000000000000
000001cccccccccd
00000a0000000000
fffffff8a172e131
ffffffefb9e409c8
ffffff009fc485b5
0000000000000000
000001cccccccccd
00000a0000000000
fffffffcd734558e
ffffffefb87b201a
ffffff0089a4ef97
0000000000000000
000001cccccccccd
00000a0000000000
000000010d9de4f1
ffffffefb832e61b
ffffff008537874c
0000000000000000
000001cccccccccd
00000a0000000000
0000000543cf6677
ffffffefb90b88d4
ffffff00927f0f73
0000000000000000
000001cccccccccd
00000a0000000000
0000000978e8eb75
ffffffefbb048140
ffffff00b173415f
0000000000000000
000001cccccccccd
00000a0000000000
0000000dac0ba7a5
ffffffefbe1c953b
ffffff00e200db69
0000000000000000
000001cccccccccd
00000a0000000000
00000011dc5ad692
ffffffefc251d99c
ffffff012409c222
0000000000000000
000001cccccccccd
00000a0000000000
0000001608fc9c26
ffffffefc7a1b583
ffffff01776533f9
0000000000000000
000001cccccccccd
00000a0000000000
0000001a311ade47
ffffffefce08e6c2
ffffff01dbe00ead
0000000000000000
000001cccccccccd
00000a0000000000
0000001e53e4158e
ffffffefd583875e
ffffff02513d259f
0000000000000000
000001cccccccccd
00000a0000000000
00000022708c1350
ffffffefde0d1415
ffffff02d735a7e7
0000000000000000
000001cccccccccd
00000a0000000000
00000026864cbb56
ffffffefe7a073c4
ffffff036d7994ef
0000000000000000
000001cccccccccd
00000a0000000000
0000002a9466afda
ffffffeff237ffb1
ffffff0413b03e11
0000000000000000
000001cccccccccd
00000a0000000000
0000002e9a21ee8d
ffffffeffdcd8c86
ffffff04c978d3b4
0000000000000000
000001cccccccccd
00000a0000000000
0000003296ce5dab
fffffff00a5a73ef
ffffff058e6afc3f
0000000000000000
000001cccccccccd
00000a0000000000
0000003689c4485f
fffffff017d79ebc
ffffff0662177316
0000000000000000
000001cccccccccd
00000a0000000000
0000003a7264c9ea
fffffff0263d8f6d
ffffff074408adf9
0000000000000000
000001cccccccccd
00000a0000000000
0000003e501a2750
fffffff035846d00
ffffff0833c386e6
0000000000000000
000001cccccccccd
00000a0000000000
000000422258176b
fffffff045a40dfa
ffffff0930c7e8d2
0000000000000000
000001cccccccccd
00000a0000000000
00000045e89bf99e
fffffff056940376
ffffff0a3a917d85
0000000000000000
000001cccccccccd
00000a0000000000
00000049a26cfb73
fffffff0684ba432
ffffff0b50985af7
0000000000000000
000001cccccccccd
00000a0000000000
0000004d4f5c2db7
fffffff07ac2177e
ffffff0c7251aeb1
0000000000000000
000001cccccccccd
00000a0000000000
00000050ef0489c6
fffffff08dee5feb
ffffff0d9f3065c4
0000000000000000
000001cccccccccd
00000a0000000000
00000054810ae7d6
fffffff0a1c765b7
ffffff0ed6a5d01e
0000000000000000
000001cccccccccd
00000a0000000000
00000058051de740
fffffff0b64400d8
ffffff1018223e01
0000000000000000
000001cccccccccd
00000a0000000000
0000005b7af5c9cb
fffffff0cb5b028f
ffffff11631596c3
0000000000000000
000001cccccccccd
00000a0000000000
0000005ee254431f
fffffff0e1033e8e
ffffff12b6efe7d4
0000000000000000
000001cccccccccd
00000a0000000000
ffffff9f415365c8
fffffff3cdfed1f5
ffffff134c5accc5
0000000000000000
000001cccccccccd
00000a0000000000
ffffffa2a27b6505
fffffff3bc31778f
ffffff11f2d42c3c
0000000000000000
000001cccccccccd
00000a0000000000
ffffffa6124b7ff0
fffffff3aad606b8
ffffff10a1f07e9d
0000000000000000
000001cccccccccd
00000a0000000000
ffffffa9908a24ff
fffffff399f3f3b9
ffffff0f5a407207
0000000000000000
000001cccccccccd
00000a0000000000
ffffffad1cf45b3c
fffffff38992b8ba
ffffff0e1c5526e7
0000000000000000
000001cccccccccd
00000a0000000000
ffffffb0b73d8b1e
fffffff379b9ce90
ffffff0ce8bfa3c7
0000000000000000
000001cccccccccd
00000a0000000000
ffffffb45f0f52be
fffffff36a70a517
ffffff0bc01040f6
0000000000000000
000001cccccccccd
00000a0000000000
ffffffb814096695
fffffff35bbe9b29
ffffff0aa2d60cd7
0000000000000000
000001cccccccccd
00000a0000000000
ffffffbbd5c17fde
fffffff34daaf646
ffffff09919e29b3
0000000000000000
000001cccccccccd
00000a0000000000
ffffffbfa3c359a5
fffffff3403cd9f4
ffffff088cf32634
0000000000000000
000001cccccccccd
00000a0000000000
ffffffc37d90bd70
fffffff3337b3ee2
ffffff07955c51b4
0000000000000000
000001cccccccccd
00000a0000000000
ffffffc762a1a03d
fffffff3276ce9ed
ffffff06ab5d0dbe
0000000000000000
000001cccccccccd
00000a0000000000
ffffffcb52645092
fffffff31c186312
ffffff05cf741e42
0000000000000000
000001cccccccccd
00000a0000000000
ffffffcf4c3db5f6
fffffff31183ec60
ffffff05021afa03
0000000000000000
000001cccccccccd
00000a0000000000
ffffffd34f89a236
fffffff307b5790a
ffffff0443c51d02
0000000000000000
000001cccccccccd
00000a0000000000
ffffffd75b9b346a
fffffff2feb2a4a3
ffffff0394df5e92
0000000000000000
000001cccccccccd
00000a0000000000
ffffffdb6fbd4d9e
fffffff2f680aaa3
ffffff02f5cf4ce5
0000000000000000
000001cccccccccd
00000a0000000000
ffffffdf8b3316b9
fffffff2ef245e54
ffffff0266f28fdb
0000000000000000
000001cccccccccd
00000a0000000000
ffffffe3ad3896f2
fffffff2e8a2232c
ffffff01e89e54e4
0000000000000000
000001cccccccccd
00000a0000000000
ffffffe7d50359fd
fffffff2e2fde5b7
ffffff017b1ec5a3
0000000000000000
000001cccccccccd
00000a0000000000
ffffffec01c324c9
fffffff2de3b152f
ffffff011eb68af9
0000000000000000
000001cccccccccd
00000a0000000000
fffffff032a2b786
fffffff2da5c9dba
ffffff00d39e5e0b
0000000000000000
000001cccccccccd
00000a0000000000
fffffff466c89b4f
fffffff2d764e384
ffffff009a04a8a0
0000000000000000
000001cccccccccd
00000a0000000000
fffffff89d57f9d4
fffffff2d555beac
ffffff00720d3610
0000000000000000
000001cccccccccd
00000a0000000000
fffffffcd5717d0e
fffffff2d4307814
ffffff005bd0f5c6
0000000000000000
000001cccccccccd
00000a0000000000
000000010e3434f0
fffffff2d3f5c72b
ffffff00575dd02d
0000000000000000
000001cccccccccd
00000a0000000000
0000000546be8108
fffffff2d4a5d0b3
ffffff0064b68e91
0000000000000000
000001cccccccccd
00000a0000000000
000000097e2efbb9
fffffff2d640267b
ffffff0083d2d646
0000000000000000
000001cccccccccd
00000a0000000000
0000000db3a564f8
fffffff2d8c3c822
ffffff00b49f372a
0000000000000000
000001cccccccccd
00000a0000000000
00000011e6438a37
fffffff2dc2f24d2
ffffff00f6fd4d4f
0000000000000000
000001cccccccccd
00000a0000000000
00000016152e2959
fffffff2e0801df1
ffffff014ac3f558
0000000000000000
000001cccccccccd
00000a0000000000
0000001a3f8dcca4
fffffff2e5b40ac5
ffffff01afbf92db
0000000000000000
000001cccccccccd
00000a0000000000
0000001e648f9da2
fffffff2ebc7bcf5
ffffff0225b267e5
0000000000000000
000001cccccccccd
00000a0000000000
0000002283662d2f
fffffff2f2b785d9
ffffff02ac54fc6b
0000000000000000
000001cccccccccd
00000a0000000000
000000269b4a2f0d
fffffff2fa7f3c99
ffffff0343569476
0000000000000000
000001cccccccccd
00000a0000000000
0000002aab7b2777
fffffff3031a44e8
ffffff03ea5db37d
0000000000000000
000001cccccccccd
00000a0000000000
0000002eb340099f
fffffff30c839669
ffffff04a108ab54
0000000000000000
000001cccccccccd
00000a0000000000
00000032b1e7c5ea
fffffff316b5c48d
ffffff0566ee3516
0000000000000000
000001cccccccccd
00000a0000000000
00000036a6c9c74f
fffffff321ab06dc
ffffff063b9e1229
0000000000000000
000001cccccccccd
00000a0000000000
0000003a91465f31
fffffff32d5d419b
ffffff071ea1b3a7
0000000000000000
000001cccccccccd
00000a0000000000
0000003e70c71f8c
fffffff339c60ea3
ffffff080f7ce65a
0000000000000000
000001cccccccccd
00000a0000000000
0000004244bf234e
fffffff346dec664
ffffff090dae8185
0000000000000000
000001cccccccccd
00000a0000000000
000000460cab4509
fffffff354a088f7
ffffff0a18b116c7
0000000000000000
000001cccccccccd
00000a0000000000
00000049c8124470
fffffff363044724
ffffff0b2ffba173
0000000000000000
000001cccccccccd
00000a0000000000
0000004d7684db12
fffffff37202cb51
ffffff0c530233d4
0000000000000000
000001cccccccccd
00000a0000000000
00000051179dc116
fffffff38194c23f
ffffff0d8136a0f2
0000000000000000
000001cccccccccd
00000a0000000000
00000054ab01a2da
fffffff391b2c38d
ffffff0eba092191
0000000000000000
000001cccccccccd
00000a0000000000
00000058305f085d
fffffff3a25559e9
ffffff0ffce8f33d
0000000000000000
000001cccccccccd
00000a0000000000
0000005ba76e2f97
fffffff3b3750ae5
ffffff114944f070
0000000000000000
000001cccccccccd
00000a0000000000
0000005f0ff0dad6
fffffff3c50a5e69
ffffff129e8c20e6
0000000000000000
000001cccccccccd
00000a0000000000
ffffff9f162d6643
fffffff6b3038641
ffffff133c5c2aba
0000000000000000
000001cccccccccd
00000a0000000000
ffffffa2785d0488
fffffff6a563a632
ffffff11e186fa33
0000000000000000
000001cccccccccd
00000a0000000000
ffffffa5e9469267
fffffff6981ac0bf
ffffff108f57f84f
0000000000000000
000001cccccccccd
00000a0000000000
ffffffa968b09529
fffffff68b2e8e3a
ffffff0f4660c161
0000000000000000
000001cccccccccd
00000a0000000000
ffffffacf65819e5
fffffff67ea4cbb9
ffffff0e07336b61
0000000000000000
000001cccccccccd
00000a0000000000
ffffffb091f07d3f
fffffff67283358f
ffffff0cd261f894
0000000000000000
000001cccccccccd
00000a0000000000
ffffffb43b233eaa
fffffff666cf8165
ffffff0ba87dc1f7
0000000000000000
000001cccccccccd
00000a0000000000
ffffffb7f18fe04b
fffffff65b8f5815
ffffff0a8a16da29
0000000000000000
000001cccccccccd
00000a0000000000
ffffffbbb4cbd49b
fffffff650c84f37
ffffff0977bb69be
0000000000000000
000001cccccccccd
00000a0000000000
ffffffbf84627ae2
fffffff6467fe280
ffffff0871f70617
0000000000000000
000001cccccccccd
00000a0000000000
ffffffc35fd52b67
fffffff63cbb6cee
ffffff07795203fa
0000000000000000
000001cccccccccd
00000a0000000000
ffffffc7469b5438
fffffff6338021de
ffffff068e50c743
0000000000000000
000001cccccccccd
00000a0000000000
ffffffcb3822a71c
fffffff62ad30610
ffffff05b1731136
0000000000000000
000001cccccccccd
00000a0000000000
ffffffcf33cf5935
fffffff622b8e8ae
ffffff04e3334f0b
0000000000000000
000001cccccccccd
00000a0000000000
ffffffd338fc7499
fffffff61b365c68
ffffff042405ea5b
0000000000000000
000001cccccccccd
00000a0000000000
ffffffd746fc3bed
fffffff6144fb0b3
ffffff0374589d49
0000000000000000
000001cccccccccd
00000a0000000000
ffffffdb5d189fd1
fffffff60e08eb3e
ffffff02d491cc25
0000000000000000
000001cccccccccd
00000a0000000000
ffffffdf7a93c5cf
fffffff60865c1b7
ffffff02450fe65f
0000000000000000
000001cccccccccd
00000a0000000000
ffffffe39ea8a005
fffffff6036993e4
ffffff01c628d09a
0000000000000000
000001cccccccccd
00000a0000000000
ffffffe7c88b94c6
fffffff5ff17662d
ffffff01582959ab
0000000000000000
000001cccccccccd
00000a0000000000
ffffffebf76b34fb
fffffff5fb71dca5
ffffff00fb54bc12
0000000000000000
000001cccccccccd
00000a0000000000
fffffff02a70fff7
fffffff5f87b36a0
ffffff00afe42da6
0000000000000000
000001cccccccccd
00000a0000000000
fffffff460c2331e
fffffff5f6354ae4
ffffff0076067eba
0000000000000000
000001cccccccccd
00000a0000000000
fffffff89980a3b3
fffffff5f4a18487
ffffff004ddfca0a
0000000000000000
000001cccccccccd
00000a0000000000
fffffffcd3cba0bb
fffffff5f3c0e076
ffffff003789367c
0000000000000000
000001cccccccccd
00000a0000000000
000000010ec0db12
fffffff5f393ebc9
ffffff003310cb7b
0000000000000000
000001cccccccccd
00000a0000000000
00000005497d515a
fffffff5f41ac2c1
ffffff0040795889
0000000000000000
000001cccccccccd
00000a0000000000
00000009831e3da9
fffffff5f55510a0
ffffff005fba705a
0000000000000000
000001cccccccccd
00000a0000000000
0000000dbac202a3
fffffff5f7421039
ffffff0090c07781
0000000000000000
000001cccccccccd
00000a0000000000
00000011ef8915c0
fffffff5f9e08d48
ffffff00d36cc68a
0000000000000000
000001cccccccccd
00000a0000000000
000000162096e48b
fffffff5fd2ee686
ffffff012795df03
0000000000000000
000001cccccccccd
00000a0000000000
0000001a4d12b2bf
fffffff6012b1074
ffffff018d07b2c2
0000000000000000
000001cccccccccd
00000a0000000000
0000001e74286f37
fffffff605d298dd
ffffff020383fc80
0000000000000000
000001cccccccccd
00000a0000000000
0000002295097de6
fffffff60b22aaec
ffffff028ac2a89c
0000000000000000
000001cccccccccd
00000a0000000000
00000026aeed751c
fffffff6111813e3
ffffff0322724cb7
0000000000000000
000001cccccccccd
00000a0000000000
0000002ac112ccb2
fffffff617af4852
ffffff03ca38acaf
0000000000000000
000001cccccccccd
00000a0000000000
0000002ecabf7dcf
fffffff61ee469c9
ffffff0481b34b49
0000000000000000
000001cccccccccd
00000a0000000000
00000032cb41924e
fffffff626b34ce7
ffffff05487804ec
0000000000000000
000001cccccccccd
00000a0000000000
00000036c1efa2f8
fffffff62f177fc6
ffffff061e15b289
0000000000000000
000001cccccccccd
00000a0000000000
0000003aae294417
fffffff6380c509d
ffffff070214d2f8
0000000000000000
000001cccccccccd
00000a0000000000
0000003e8f57600e
fffffff6418cd49a
ffffff07f3f838e0
0000000000000000
000001cccccccccd
00000a0000000000
0000004264ec7fee
fffffff64b93eece
ffffff08f33dbb74
0000000000000000
000001cccccccccd
00000a0000000000
000000462e65023a
fffffff6561c572d
ffffff09ff5ee83a
0000000000000000
000001cccccccccd
00000a0000000000
00000049eb474030
fffffff66120a181
ffffff0b17d1b43b
0000000000000000
000001cccccccccd
00000a0000000000
0000004d9b23a229
fffffff66c9b444c
ffffff0c3c092b0c
0000000000000000
000001cccccccccd
00000a0000000000
000000513d94a3d9
fffffff678869f85
ffffff0d6b761a3e
0000000000000000
000001cccccccccd
00000a0000000000
00000054d23ec93a
fffffff684dd031e
ffffff0ea587b7f2
0000000000000000
000001cccccccccd
00000a0000000000
0000005858d0852d
fffffff69198b55a
ffffff0fe9ac4356
0000000000000000
000001cccccccccd
00000a0000000000
0000005bd10212e6
fffffff69eb3f8cd
ffffff1137519e1a
0000000000000000
000001cccccccccd
00000a0000000000
0000005f3a954347
fffffff6ac291216
ffffff128de5ddf9
0000000000000000
000001cccccccccd
00000a0000000000
ffffff9eee158820
fffffff99ad4716e
ffffff1334214195
0000000000000000
000001cccccccccd
00000a0000000000
ffffffa2513986c0
fffffff9916e5985
ffffff11d81e4a67
0000000000000000
000001cccccccccd
00000a0000000000
ffffffa5c3281043
fffffff988442100
ffffff1084c43ded
0000000000000000
000001cccccccccd
00000a0000000000
ffffffa943a7bff9
fffffff97f59bc7d
ffffff0f3aa5929d
0000000000000000
000001cccccccccd
00000a0000000000
ffffffacd275a94d
fffffff976b32413
ffffff0dfa553f6e
0000000000000000
000001cccccccccd
00000a0000000000
ffffffb06f451e91
fffffff96e544f79
ffffff0cc4662d81
0000000000000000
000001cccccccccd
00000a0000000000
ffffffb419bf8354
fffffff9664131f3
ffffff0b996aa163
0000000000000000
000001cccccccccd
00000a0000000000
ffffffb7d1842b70
fffffff95e7db610
ffffff0a79f39cac
0000000000000000
000001cccccccccd
00000a0000000000
ffffffbb96284802
fffffff9570db92c
ffffff09669038ef
0000000000000000
000001cccccccccd
00000a0000000000
ffffffbf6736e34e
fffffff94ff506dd
ffffff085fccfd13
0000000000000000
000001cccccccccd
00000a0000000000
ffffffc34430ec8a
fffffff949375433
ffffff0766332e54
0000000000000000
000001cccccccccd
00000a0000000000
ffffffc72c8d545f
fffffff942d83aed
ffffff067a481e45
0000000000000000
000001cccccccccd
00000a0000000000
ffffffcb1fb93acf
fffffff93cdb349c
ffffff059c8c7766
0000000000000000
000001cccccccccd
00000a0000000000
ffffffcf1d182ef5
fffffff9374395d3
ffffff04cd7b89ea
0000000000000000
000001cccccccccd
00000a0000000000
ffffffd3240480ec
fffffff932148957
ffffff040d8a9a54
0000000000000000
000001cccccccccd
00000a0000000000
ffffffd733cfa5f0
fffffff92d510b6e
ffffff035d2833d4
0000000000000000
000001cccccccccd
00000a0000000000
ffffffdb4bc2ae8b
fffffff928fbe55a
ffffff02bcbb8022
0000000000000000
000001cccccccccd
00000a0000000000
ffffffdf6b1ece6e
fffffff92517a8fc
ffffff022ca3a6b6
0000000000000000
000001cccccccccd
00000a0000000000
ffffffe3911df546
fffffff921a6acbe
ffffff01ad373534
0000000000000000
000001cccccccccd
00000a0000000000
ffffffe7bcf377b4
fffffff91eab07c6
ffffff013ec392d8
0000000000000000
000001cccccccccd
00000a0000000000
ffffffebedccc734
fffffff91c268e86
ffffff00e18c8087
0000000000000000
000001cccccccccd
00000a0000000000
fffffff022d237a6
fffffff91a1acfa3
ffffff0095cba72e
0000000000000000
000001cccccccccd
00000a0000000000
fffffff45b27d0d1
fffffff918891155
ffffff005bb035c5
0000000000000000
000001cccccccccd
00000a0000000000
fffffff895ee2a2b
fffffff917724f36
ffffff00335e9058
0000000000000000
000001cccccccccd
00000a0000000000
fffffffcd2434ed8
fffffff916d7388e
ffffff001cf01104
0000000000000000
000001cccccccccd
00000a0000000000
000000010f43a7e7
fffffff916b82f20
ffffff001872dbd2
0000000000000000
000001cccccccccd
00000a0000000000
000000054c0aea7f
fffffff917154683
ffffff0025e9c603
0000000000000000
000001cccccccccd
00000a0000000000
0000000987b507cc
fffffff917ee43fd
ffffff00454c5116
0000000000000000
000001cccccccccd
00000a0000000000
0000000dc15f1c52
fffffff919429eea
ffffff007686b9a5
0000000000000000
000001cccccccccd
00000a0000000000
00000011f8285c6e
fffffff91b1181ac
ffffff00b97a19e7
0000000000000000
000001cccccccccd
00000a0000000000
000000162b32fbb7
fffffff91d59cb1a
ffffff010dfc9f55
0000000000000000
000001cccccccccd
00000a0000000000
0000001a59a50d1f
fffffff9201a1078
ffffff0173d9d2c5
0000000000000000
000001cccccccccd
00000a0000000000
0000001e82a959db
fffffff923509fe0
ffffff01ead2f20d
0000000000000000
000001cccccccccd
00000a0000000000
00000022a5702d18
fffffff926fb831d
ffffff02729f59fa
0000000000000000
000001cccccccccd
00000a0000000000
00000026c13012e8
fffffff92b1882f3
ffffff030aecff49
0000000000000000
000001cccccccccd
00000a0000000000
0000002ad52688d7
fffffff92fa52abc
ffffff03b360f520
0000000000000000
000001cccccccccd
00000a0000000000
0000002ee0989ef3
fffffff9349ecc62
ffffff046b97ff56
0000000000000000
000001cccccccccd
00000a0000000000
00000032e2d3883b
fffffff93a028491
ffffff0533272edf
0000000000000000
000001cccccccccd
00000a0000000000
00000036db2d19b5
fffffff93fcd3f30
ffffff06099c8677
0000000000000000
000001cccccccccd
00000a0000000000
0000003ac904379a
fffffff945fbbbfb
ffffff06ee7fa5c9
0000000000000000
000001cccccccccd
00000a0000000000
0000003eabc13060
fffffff94c8a9346
ffffff07e1527928
0000000000000000
000001cccccccccd
00000a0000000000
0000004282d60585
fffffff953763acc
ffffff08e191ec14
0000000000000000
000001cccccccccd
00000a0000000000
000000464dbea254
fffffff95abb0a8c
ffffff09eeb69cc7
0000000000000000
000001cccccccccd
00000a0000000000
0000004a0c01010b
fffffff96255419b
ffffff0b08358f18
0000000000000000
000001cccccccccd
00000a0000000000
0000004dbd2d3ee5
fffffff96a410ae9
ffffff0c2d80dd26
0000000000000000
000001cccccccccd
00000a0000000000
0000005160dd9fd4
fffffff9727a81f0
ffffff0d5e086459
0000000000000000
000001cccccccccd
00000a0000000000
00000054f6b682d5
fffffff97afdb73b
ffffff0e993a6d62
0000000000000000
000001cccccccccd
00000a0000000000
000000587e6647c8
fffffff983c6b4c7
ffffff0fde844e14
0000000000000000
000001cccccccccd
00000a0000000000
0000005bf7a52801
fffffff98cd1822c
ffffff112d53040b
0000000000000000
000001cccccccccd
00000a0000000000
0000005f623502b0
fffffff9961a289b
ffffff128513c754
0000000000000000
000001cccccccccd
00000a0000000000
ffffff9ec91790cf
fffffffc852b66b3
ffffff1333be44d2
0000000000000000
000001cccccccccd
00000a0000000000
ffffffa22d1c8a00
fffffffc800a3e4c
ffffff11d6aefe6a
0000000000000000
000001cccccccccd
00000a0000000000
ffffffa59ffb6986
fffffffc7b09b251
ffffff10824adeff
0000000000000000
000001cccccccccd
00000a0000000000
ffffffa9217adfb1
fffffffc762beca6
ffffff0f37252282
0000000000000000
000001cccccccccd
00000a0000000000
ffffffacb1580664
fffffffc7173192c
ffffff0df5d18bd0
0000000000000000
000001cccccccccd
00000a0000000000
ffffffb04f4626ff
fffffffc6ce163a3
ffffff0cbee3d569
0000000000000000
000001cccccccccd
00000a0000000000
ffffffb3faee8bd1
fffffffc6878f571
ffffff0b92ef19a7
0000000000000000
000001cccccccccd
00000a0000000000
ffffffb7b3f05e6c
fffffffc643bf34b
ffffff0a7285332e
0000000000000000
000001cccccccccd
00000a0000000000
ffffffbb79e093f2
fffffffc602c7abf
ffffff095e36169d
0000000000000000
000001cccccccccd
00000a0000000000
ffffffbf4c49e870
fffffffc5c4c9fb0
ffffff08568f2680
0000000000000000
000001cccccccccd
00000a0000000000
ffffffc32aacea4b
fffffffc589e69bf
ffffff075c1a82e0
0000000000000000
000001cccccccccd
00000a0000000000
ffffffc71480167f
fffffffc5523d1a4
ffffff066f5e55bb
0000000000000000
000001cccccccccd
00000a0000000000
ffffffcb09300674
fffffffc51debe89
ffffff0590dc1e05
0000000000000000
000001cccccccccd
00000a0000000000
ffffffcf081fafda
fffffffc4ed10360
ffffff04c10ffac5
0000000000000000
000001cccccccccd
00000a0000000000
ffffffd310a8b6da
fffffffc4bfc5c3f
ffffff04006ff812
0000000000000000
000001cccccccccd
00000a0000000000
ffffffd7221bd2b1
fffffffc49626bd2
ffffff034f6b5fc2
0000000000000000
000001cccccccccd
00000a0000000000
ffffffdb3bc1448f
fffffffc4704b8d6
ffffff02ae6a0fa3
0000000000000000
000001cccccccccd
00000a0000000000
ffffffdf5cd9604a
fffffffc44e4abbc
ffffff021dcbd71d
0000000000000000
000001cccccccccd
00000a0000000000
ffffffe3849d2648
fffffffc43038c65
ffffff019de7de18
0000000000000000
000001cccccccccd
00000a0000000000
ffffffe7b23eedb1
fffffffc4162800c
ffffff012f0c16f7
0000000000000000
000001cccccccccd
00000a0000000000
ffffffebe4eb1dc8
fffffffc40028763
ffffff00d17cbd5a
0000000000000000
000001cccccccccd
00000a0000000000
fffffff01bc8f504
fffffffc3ee47ce0
ffffff008573e349
0000000000000000
000001cccccccccd
00000a0000000000
fffffff455fb5c51
fffffffc3e091348
ffffff004b210e34
0000000000000000
000001cccccccccd
00000a0000000000
fffffff892a1c4aa
fffffffc3d70d47f
ffffff0022a8e520
0000000000000000
000001cccccccccd
00000a0000000000
fffffffcd0d90d16
fffffffc3d1c2094
ffffff000c24f0f3
0000000000000000
000001cccccccccd
00000a0000000000
000000010fbc6edb
fffffffc3d0b2d1d
ffffff0007a36fe0
0000000000000000
000001cccccccccd
00000a0000000000
000000054e666dcc
fffffffc3d3e04d4
ffffff0015273c65
0000000000000000
000001cccccccccd
00000a0000000000
000000098bf1ca42
fffffffc3db4878c
ffffff0034a7c849
0000000000000000
000001cccccccccd
00000a0000000000
0000000dc77a728f
fffffffc3e6e6a60
ffffff0066112ba2
0000000000000000
000001cccccccccd
00000a0000000000
00000012001e7182
fffffffc3f6b383e
ffffff00a94447b2
0000000000000000
000001cccccccccd
00000a0000000000
0000001634fed7ca
fffffffc40aa52b0
ffffff00fe16fd21
0000000000000000
000001cccccccccd
00000a0000000000
0000001a65409dff
fffffffc422af2ed
ffffff01645474dd
0000000000000000
000001cccccccccd
00000a0000000000
0000001e900d7d4f
fffffffc43ec2b2f
ffffff01dbbd7aae
0000000000000000
000001cccccccccd
00000a0000000000
00000022b494bcdf
fffffffc45ece845
ffffff026408e848
0000000000000000
000001cccccccccd
00000a0000000000
00000026d20bf236
fffffffc482bf362
ffffff02fce41f87
0000000000000000
000001cccccccccd
00000a0000000000
0000002ae7afb329
fffffffc4aa7f417
ffffff03a5f39247
0000000000000000
000001cccccccccd
00000a0000000000
0000002ef4c4380d
fffffffc4d5f7284
ffffff045ed3562a
0000000000000000
000001cccccccccd
00000a0000000000
00000032f895ed1c
fffffffc5050d9a4
ffffff052717c290
0000000000000000
000001cccccccccd
00000a0000000000
00000036f279f250
fffffffc537a79c6
ffffff05fe4e16e6
0000000000000000
000001cccccccccd
00000a0000000000
0000003ae1ce8929
fffffffc56da8b13
ffffff06e3fd276d
0000000000000000
000001cccccccccd
00000a0000000000
0000003ec5fb7013
fffffffc5a6f3027
ffffff07d7a60e9e
0000000000000000
000001cccccccccd
00000a0000000000
000000429e722b67
fffffffc5e3678bc
ffffff08d8c4e159
0000000000000000
000001cccccccccd
00000a0000000000
000000466aae3c38
fffffffc622e6452
ffffff09e6d16407
0000000000000000
000001cccccccccd
00000a0000000000
0000004a2a354549
fffffffc6654e4d2
ffffff0b013fbf16
0000000000000000
000001cccccccccd
00000a0000000000
0000004ddc971eca
fffffffc6aa7e131
ffffff0c27813120
0000000000000000
000001cccccccccd
00000a0000000000
00000051816dd9a0
fffffffc6f2537fe
ffffff0d5904bd57
0000000000000000
000001cccccccccd
00000a0000000000
00000055185db31b
fffffffc73cac1df
ffffff0e9537d4d8
0000000000000000
000001cccccccccd
00000a0000000000
00000058a114fa1a
fffffffc789653f9
ffffff0fdb86f9bc
0000000000000000
000001cccccccccd
00000a0000000000
0000005c1b4be6d2
fffffffc7d85c235
ffffff112b5e5add
0000000000000000
000001cccccccccd
00000a0000000000
0000005f86c4664d
fffffffc8296e16e
ffffff12842a677c
0000000000000000
000001cccccccccd
00000a0000000000
ffffff9ea73e73ec
ffffffff71c0cd6c
ffffff133b453e15
0000000000000000
000001cccccccccd
00000a0000000000
ffffffa20c10ddec
ffffffff70ee8b06
ffffff11dd4bbf31
0000000000000000
000001cccccccccd
00000a0000000000
ffffffa57fcb4321
ffffffff70217ee7
ffffff1087ff23bc
0000000000000000
000001cccccccccd
00000a0000000000
ffffffa9023467a0
ffffffff6f5a01ed
ffffff0f3bf357fc
0000000000000000
000001cccccccccd
00000a0000000000
ffffffac93096bc7
ffffffff6e986d4c
ffffff0df9bcd50d
0000000000000000
000001cccccccccd
00000a0000000000
ffffffb031fd913b
ffffffff6ddd1a34
ffffff0cc1f010c4
0000000000000000
000001cccccccccd
00000a0000000000
ffffffb3deba0ba0
ffffffff6d28617a
ffffff0b9520e4eb
0000000000000000
000001cccccccccd
00000a0000000000
ffffffb798ddde33
ffffffff6c7a9b33
ffffff0a73e1eeb0
0000000000000000
000001cccccccccd
00000a0000000000
ffffffbb5ffdc779
ffffffff6bd41e51
ffffff095ec3e724
0000000000000000
000001cccccccccd
00000a0000000000
ffffffbf33a43c24
ffffffff6b35403c
ffffff085654f5f7
0000000000000000
000001cccccccccd
00000a0000000000
ffffffc31351721a
ffffffff6a9e5466
ffffff075b1fffb4
0000000000000000
000001cccccccccd
00000a0000000000
ffffffc6fe7b7c83
ffffffff6a0fabde
ffffff066dabf0d4
0000000000000000
000001cccccccccd
00000a0000000000
ffffffcaf48e7987
ffffffff698994e3
ffffff058e7b074f
0000000000000000
000001cccccccccd
00000a0000000000
ffffffcef4ecd246
ffffffff690c5a77
ffffff04be0a1c3d
0000000000000000
000001cccccccccd
00000a0000000000
ffffffd2feef8d46
ffffffff689843f2
ffffff03fccfef53
0000000000000000
000001cccccccccd
00000a0000000000
ffffffd711e6b387
ffffffff682d9497
ffffff034b3c760d
0000000000000000
000001cccccccccd
00000a0000000000
ffffffdb2d19c7fe
ffffffff67cc8b2f
ffffff02a9b8306f
0000000000000000
000001cccccccccd
00000a0000000000
ffffffdf4fc85110
ffffffff677561a4
ffffff0218a38533
0000000000000000
000001cccccccccd
00000a0000000000
ffffffe3792a7380
ffffffff67284ca6
ffffff0198562749
0000000000000000
000001cccccccccd
00000a0000000000
ffffffe7a8719dbd
ffffffff66e57b55
ffffff01291e8688
0000000000000000
000001cccccccccd
00000a0000000000
ffffffebdcc94293
ffffffff66ad16f1
ffffff00cb414d3a
0000000000000000
000001cccccccccd
00000a0000000000
fffffff01557a1b1
ffffffff667f4298
ffffff007ef8ec33
0000000000000000
000001cccccccccd
00000a0000000000
fffffff4513e9c88
ffffffff665c1b03
ffffff00447536e7
0000000000000000
000001cccccccccd
00000a0000000000
fffffff88f9c9592
ffffffff6643b65e
ffffff001bdb10c1
0000000000000000
000001cccccccccd
00000a0000000000
fffffffccf8d581d
ffffffff66362419
ffffff0005442ce3
0000000000000000
000001cccccccccd
00000a0000000000
00000001102b065d
ffffffff66336cd0
ffffff0000bee117
0000000000000000
000001cccccccccd
00000a0000000000
00000005508f0ba0
ffffffff663b923d
ffffff000e4e0c97
0000000000000000
000001cccccccccd
00000a0000000000
000000098fd31035
ffffffff664e8f33
ffffff002de912fb
0000000000000000
000001cccccccccd
00000a0000000000
0000000dcd11ecce
ffffffff666c57aa
ffffff005f7beb66
0000000000000000
000001cccccccccd
00000a0000000000
0000001207689ae1
ffffffff6694d8d1
ffffff00a2e743b8
0000000000000000
000001cccccccccd
00000a0000000000
000000163df71fe8
ffffffff66c7f92e
ffffff00f800b74c
0000000000000000
000001cccccccccd
00000a0000000000
0000001a6fe17125
ffffffff670598d0
ffffff015e93188f
0000000000000000
000001cccccccccd
00000a0000000000
0000001e9c504df3
ffffffff674d917f
ffffff01d65ecc6b
0000000000000000
000001cccccccccd
00000a0000000000
00000022c2720eb4
ffffffff679fb703
ffffff025f1a3662
0000000000000000
000001cccccccccd
00000a0000000000
00000026e17b669a
ffffffff67fbd768
ffffff02f87233ea
0000000000000000
000001cccccccccd
00000a0000000000
0000002af8a816cf
ffffffff6861bb57
ffffff03a20aa584
0000000000000000
000001cccccccccd
00000a0000000000
0000002f073b91b4
ffffffff68d1266a
ffffff045b7f03e4
0000000000000000
000001cccccccccd
00000a0000000000
000000330c818d31
ffffffff6949d78e
ffffff052462ff4c
0000000000000000
000001cccccccccd
00000a0000000000
0000003707ce833e
ffffffff69cb896a
ffffff05fc432756
0000000000000000
000001cccccccccd
00000a0000000000
0000003af8802038
ffffffff6a55f2c2
ffffff06e2a5993c
0000000000000000
000001cccccccccd
00000a0000000000
0000003eddfd9e9b
ffffffff6ae8c6e9
ffffff07d70ab2be
0000000000000000
000001cccccccccd
00000a0000000000
00000042b7b81037
ffffffff6b83b629
ffffff08d8edc7ca
0000000000000000
000001cccccccccd
00000a0000000000
00000046852a94fa
ffffffff6c266e35
ffffff09e7c5d920
0000000000000000
000001cccccccccd
00000a0000000000
0000004a45da7fc4
ffffffff6cd09a91
ffffff0b03064a2f
0000000000000000
000001cccccccccd
00000a0000000000
0000004df95769d6
ffffffff6d81e505
ffffff0c2a1f949c
0000000000000000
000001cccccccccd
00000a0000000000
000000519f3b35af
ffffffff6e39f5fe
ffffff0d5c7ff7f7
0000000000000000
000001cccccccccd
00000a0000000000
00000055372a0231
ffffffff6ef874fd
ffffff0e9994243a
0000000000000000
000001cccccccccd
00000a0000000000
00000058c0d20f24
ffffffff6fbd08f3
ffffff0fe0c7ddfb
0000000000000000
000001cccccccccd
00000a0000000000
0000005c3beb9434
ffffffff708758a3
ffffff1131869b31
0000000000000000
000001cccccccccd
00000a0000000000
0000005fa8388ba9
ffffffff71570af8
ffffff128b3c17b8
0000000000000000
000001cccccccccd
00000a0000000000
ffffff9e88944a79
00000002604bc0de
ffffff134ac5fb99
0000000000000000
000001cccccccccd
00000a0000000000
ffffffa1ee207ab7
0000000263d12092
ffffff11ec04eac0
0000000000000000
000001cccccccccd
00000a0000000000
ffffffa562a16e3a
00000002674031d1
ffffff1095f1f9f9
0000000000000000
000001cccccccccd
00000a0000000000
ffffffa8e5ddfb7e
000000026a9776ec
ffffff0f4921b042
0000000000000000
000001cccccccccd
00000a0000000000
ffffffac7793492b
000000026dd570bb
ffffff0e062926d4
0000000000000000
000001cccccccccd
00000a0000000000
ffffffb017749252
0000000270f8a013
ffffff0ccd9d7846
0000000000000000
000001cccccccccd
00000a0000000000
ffffffb3c52af665
0000000273ff874e
ffffff0ba01326f4
0000000000000000
000001cccccccccd
00000a0000000000
ffffffb780555631
0000000276e8abf0
ffffff0a7e1d7b7e
0000000000000000
000001cccccccccd
00000a0000000000
ffffffbb48883eff
0000000279b29851
ffffff09684ddc40
0000000000000000
000001cccccccccd
00000a0000000000
ffffffbf1d4de503
000000027c5bdd62
ffffff085f331ef9
0000000000000000
000001cccccccccd
00000a0000000000
ffffffc2fe262e10
000000027ee31477
ffffff076358d5d1
0000000000000000
000001cccccccccd
00000a0000000000
ffffffc6ea86cd72
000000028146e11c
ffffff0675469938
0000000000000000
000001cccccccccd
00000a0000000000
ffffffcae1db7195
000000028385f2ec
ffffff05957f5026
0000000000000000
000001cccccccccd
00000a0000000000
ffffffcee3860417
00000002859f0769
ffffff04c4807869
0000000000000000
000001cccccccccd
00000a0000000000
ffffffd2eedefc74
000000028790ebd1
ffffff0402c170cf
0000000000000000
000001cccccccccd
00000a0000000000
ffffffd70335c57f
00000002895a7ee6
ffffff0350b2c6f3
0000000000000000
000001cccccccccd
00000a0000000000
ffffffdb1fd13565
000000028afab2aa
ffffff02aebd8aa7
0000000000000000
000001cccccccccd
00000a0000000000
ffffffdf43f017f5
000000028c708e0a
ffffff021d42a8da
0000000000000000
000001cccccccccd
00000a0000000000
ffffffe36ec9ca5c
000000028dbb2e69
ffffff019c9a4fd9
0000000000000000
000001cccccccccd
00000a0000000000
ffffffe79f8ee793
000000028ed9c917
ffffff012d135ed0
0000000000000000
000001cccccccccd
00000a0000000000
ffffffebd56a042e
000000028fcbaca3
ffffff00cef2e249
0000000000000000
000001cccccccccd
00000a0000000000
fffffff00f807846
0000000290904207
ffffff0082739f46
0000000000000000
000001cccccccccd
00000a0000000000
fffffff44cf335c0
0000000291270da9
ffffff0047c5ae7f
0000000000000000
000001cccccccccd
00000a0000000000
fffffff88cdfa928
00000002918fb032
ffffff001f0e290c
0000000000000000
000001cccccccccd
00000a0000000000
fffffffcce60a318
0000000291c9e738
ffffff000866e78f
0000000000000000
000001cccccccccd
00000a0000000000
00000001108f4805
0000000291d58dae
ffffff0003de54ca
0000000000000000
000001cccccccccd
00000a0000000000
0000000552840429
0000000291b29c28
ffffff001177542a
0000000000000000
000001cccccccccd
00000a0000000000
0000000993578132
00000002916128e6
ffffff0031293cad
0000000000000000
000001cccccccccd
00000a0000000000
0000000dd2239b5f
0000000290e167b1
ffffff0062dfe832
0000000000000000
000001cccccccccd
00000a0000000000
000000120e0453a3
000000029033a97b
ffffff00a67bd6f1
0000000000000000
000001cccccccccd
00000a0000000000
000000164618bc85
000000028f585bd4
ffffff00fbd266bc
0000000000000000
000001cccccccccd
00000a0000000000
0000001a7983df85
000000028e500828
ffffff0162ae1d2b
0000000000000000
000001cccccccccd
00000a0000000000
0000001ea76d98ee
000000028d1b52d8
ffffff01dacf03d7
0000000000000000
000001cccccccccd
00000a0000000000
00000022cf036821
000000028bbafa1c
ffffff0263eb1554
0000000000000000
000001cccccccccd
00000a0000000000
00000026ef7932a7
000000028a2fd4c6
ffffff02fdaeb99b
0000000000000000
000001cccccccccd
00000a0000000000
0000002b0809f873
00000002887ad0de
ffffff03a7bd503f
0000000000000000
000001cccccccccd
00000a0000000000
0000002f17f8781e
00000002869cf222
ffffff0461b1c6c9
0000000000000000
000001cccccccccd
00000a0000000000
000000331e8fc202
0000000284975065
ffffff052b1f395a
0000000000000000
000001cccccccccd
00000a0000000000
000000371b23b96b
00000002826b15e0
ffffff0603919bc5
0000000000000000
000001cccccccccd
00000a0000000000
0000003b0d118365
0000000280197d6c
ffffff06ea8e6932
0000000000000000
000001cccccccccd
00000a0000000000
0000003ef3bfe2c9
000000027da3d0b6
ffffff07df95585a
0000000000000000
000001cccccccccd
00000a0000000000
00000042ce9f819c
000000027b0b6666
ffffff08e2211286
0000000000000000
000001cccccccccd
00000a0000000000
000000469d2b27d7
000000027851a046
ffffff09f1a7eb84
0000000000000000
000001cccccccccd
00000a0000000000
0000004a5ee7e01a
000000027577e96f
ffffff0b0d9c98c6
0000000000000000
000001cccccccccd
00000a0000000000
0000004e13650ad7
00000002727fb474
ffffff0c356ee620
0000000000000000
000001cccccccccd
00000a0000000000
00000051ba3c60c7
000000026f6a799e
ffffff0d688c669f
0000000000000000
000001cccccccccd
00000a0000000000
000000555311e58f
000000026c39b535
ffffff0ea661201f
0000000000000000
000001cccccccccd
00000a0000000000
00000058dd93cba7
0000000268eee5d1
ffffff0fee58306e
0000000000000000
000001cccccccccd
00000a0000000000
0000005c597a4ab1
00000002658b8ace
ffffff113fdc6afa
0000000000000000
000001cccccccccd
00000a0000000000
0000005fc6876966
00000002621122c3
ffffff129a58ee1e
0000000000000000
000001cccccccccd
00000a0000000000
ffffff9e6d224aa4
0000000550823190
ffffff13624e003e
0000000000000000
000001cccccccccd
00000a0000000000
ffffffa1d35478eb
000000055866ac69
ffffff1202e88386
0000000000000000
000001cccccccccd
00000a0000000000
ffffffa54886e007
0000000560193a1b
ffffff10ac31e3d1
0000000000000000
000001cccccccccd
00000a0000000000
ffffffa8cc80674d
00000005679681aa
ffffff0f5ebf2ccc
0000000000000000
000001cccccccccd
00000a0000000000
ffffffac5efe3b66
000000056edb26b1
ffffff0e1b26013b
0000000000000000
000001cccccccccd
00000a0000000000
ffffffafffb391cd
0000000575e3ccb0
ffffff0ce1fc096e
0000000000000000
000001cccccccccd
00000a0000000000
ffffffb3ae49782e
000000057cad1a7a
ffffff0bb3d658f9
0000000000000000
000001cccccccccd
00000a0000000000
ffffffb76a5eb0bf
000000058333bde1
ffffff0a9148cc57
0000000000000000
000001cccccccccd
00000a0000000000
ffffffbb33879ce9
0000000589746f82
ffffff097ae55f87
0000000000000000
000001cccccccccd
00000a0000000000
ffffffbf094e374b
000000058f6bf6b4
ffffff08713b7eb8
0000000000000000
000001cccccccccd
00000a0000000000
ffffffc2eb321e21
0000000595172d94
ffffff0774d75249
0000000000000000
000001cccccccccd
00000a0000000000
ffffffc6d8a8aee9
000000059a730521
ffffff068641078f
0000000000000000
000001cccccccccd
00000a0000000000
ffffffcad11d3404
000000059f7c8967
ffffff05a5fc17f6
0000000000000000
000001cccccccccd
00000a0000000000
ffffffced3f124d2
00000005a430e5a2
ffffff04d4869029
0000000000000000
000001cccccccccd
00000a0000000000
ffffffd2e07c7896
00000005a88d685a
ffffff0412585904
0000000000000000
000001cccccccccd
00000a0000000000
ffffffd6f60e0c49
00000005ac8f876d
ffffff035fe28438
0000000000000000
000001cccccccccd
00000a0000000000
ffffffdb13ec1b27
00000005b034e3f8
ffffff02bd8e9e8c
0000000000000000
000001cccccccccd
00000a0000000000
ffffffdf3954c991
00000005b37b4e0b
ffffff022bbe0994
0000000000000000
000001cccccccccd
00000a0000000000
ffffffe3657ec1a0
00000005b660c837
ffffff01aac95ee3
0000000000000000
000001cccccccccd
00000a0000000000
ffffffe79799e07d
00000005b8e38ace
ffffff013affde83
0000000000000000
000001cccccccccd
00000a0000000000
ffffffebcecff34a
00000005bb0206e0
ffffff00dca6ea7a
0000000000000000
000001cccccccccd
00000a0000000000
fffffff00a458236
00000005bcbae8dd
ffffff008ff99112
0000000000000000
000001cccccccccd
00000a0000000000
fffffff4491aa813
00000005be0d1adc
ffffff0055282753
0000000000000000
000001cccccccccd
00000a0000000000
fffffff88a6bf49a
00000005bef7c684
ffffff002c57f50f
0000000000000000
000001cccccccccd
00000a0000000000
fffffffccd53574b
00000005bf7a567a
ffffff0015a2f393
0000000000000000
000001cccccccccd
00000a0000000000
0000000110e910bb
00000005bf947771
ffffff0011179fe4
0000000000000000
000001cccccccccd
00000a0000000000
000000055444a819
00000005bf4618b8
ffffff001eb8e118
0000000000000000
000001cccccccccd
00000a0000000000
00000009967de26b
00000005be8f6c5a
ffffff003e7e0334
0000000000000000
000001cccccccccd
00000a0000000000
0000000dd6adb941
00000005bd70e6c4
ffffff007052c695
0000000000000000
000001cccccccccd
00000a0000000000
0000001213ef4e67
00000005bbeb3df8
ffffff00b41783b8
0000000000000000
000001cccccccccd
00000a0000000000
000000164d60da43
00000005b9ff684c
ffffff0109a162d3
0000000000000000
000001cccccccccd
00000a0000000000
0000001a822492ad
00000005b7ae9ac1
ffffff0170baa6a0
0000000000000000
000001cccccccccd
00000a0000000000
0000001eb1618818
00000005b4fa46e4
ffffff01e923093a
0000000000000000
000001cccccccccd
00000a0000000000
00000022da447721
00000005b1e41860
ffffff02729029ec
0000000000000000
000001cccccccccd
00000a0000000000
00000026fc008cbc
00000005ae6df227
ffffff030cae0a7f
0000000000000000
000001cccccccccd
00000a0000000000
0000002b15d01b83
00000005aa99eb55
ffffff03b71f9a6c
0000000000000000
000001cccccccccd
00000a0000000000
0000002f26f540c6
00000005a66a4bc8
ffffff04717f4e4a
0000000000000000
000001cccccccccd
00000a0000000000
000000332eba7866
00000005a1e1887d
ffffff053b5fc192
0000000000000000
000001cccccccccd
00000a0000000000
000000372c731e9b
000000059d023fc1
ffffff06144c60de
0000000000000000
000001cccccccccd
00000a0000000000
0000003b1f7bdf29
0000000597cf3533
ffffff06fbca1abb
0000000000000000
000001cccccccccd
00000a0000000000
0000003f073b11c3
00000005924b4db4
ffffff07f1581514
0000000000000000
000001cccccccccd
00000a0000000000
00000042e321037e
000000058c798b44
ffffff08f4706560
0000000000000000
000001cccccccccd
00000a0000000000
00000046b2a82da8
00000005865d08da
ffffff0a0488c9bc
0000000000000000
000001cccccccccd
00000a0000000000
0000004a75555a51
000000057ff8f63d
ffffff0b21136123
0000000000000000
000001cccccccccd
00000a0000000000
0000004e2ab7b73c
00000005795093f3
ffffff0c497f6142
0000000000000000
000001cccccccccd
00000a0000000000
00000051d268d7f6
0000000572672f43
ffffff0d7d39c849
0000000000000000
000001cccccccccd
00000a0000000000
000000556c0ca805
000000056b401e50
ffffff0ebbae096d
0000000000000000
000001cccccccccd
00000a0000000000
00000058f7514e49
0000000563debc62
ffffff100446b2ee
0000000000000000
000001cccccccccd
00000a0000000000
0000005c73ef02af
000000055c466659
ffffff11566e0c7f
0000000000000000
000001cccccccccd
00000a0000000000
0000005fe1a7d773
00000005547a7749
ffffff12b18ead4d
0000000000000000
000001cccccccccd
00000a0000000000
ffffff9e54f0c03c
000000084219080d
ffffff1381e87551
0000000000000000
000001cccccccccd
00000a0000000000
ffffffa1bbb509e3
000000084e62cc5c
ffffff1222022187
0000000000000000
000001cccccccccd
00000a0000000000
ffffffa53183aa49
000000085a5eef7e
ffffff10cacae829
0000000000000000
000001cccccccccd
00000a0000000000
ffffffa8b62397ed
0000000866083939
ffffff0f7cd84334
0000000000000000
000001cccccccccd
00000a0000000000
ffffffac49520506
0000000871596be6
ffffff0e38c047fa
0000000000000000
000001cccccccccd
00000a0000000000
ffffffafeac2226a
000000087c4d498c
ffffff0cff19151c
0000000000000000
000001cccccccccd
00000a0000000000
ffffffb39a1cee50
0000000886de9944
ffffff0bd0783797
0000000000000000
000001cccccccccd
00000a0000000000
ffffffb757011029
0000000891082cf4
ffffff0aad7207c0
0000000000000000
000001cccccccccd
00000a0000000000
ffffffbb2102c2d6
000000089ac4e736
ffffff099698ff1b
0000000000000000
000001cccccccccd
00000a0000000000
ffffffbef7abce50
00000008a40fc184
ffffff088c7d0832
0000000000000000
000001cccccccccd
00000a0000000000
ffffffc2da7b91c3
00000008ace3d288
ffffff078faac9ba
0000000000000000
000001cccccccccd
00000a0000000000
ffffffc6c8e71f11
00000008b53c548b
ffffff06a0aaee66
0000000000000000
000001cccccccccd
00000a0000000000
ffffffcac259685d
00000008bd14abf2
ffffff05c0016b18
0000000000000000
000001cccccccccd
00000a0000000000
ffffffcec6338038
00000008c4686db7
ffffff04ee2cc4fd
0000000000000000
000001cccccccccd
00000a0000000000
ffffffd2d3ccecb8
00000008cb3365df
ffffff042ba55988
0000000000000000
000001cccccccccd
00000a0000000000
ffffffd6ea740d97
00000008d1719dbe
ffffff0378dcaa0a
0000000000000000
000001cccccccccd
00000a0000000000
ffffffdb096e9535
00000008d71f6218
ffffff02d63cacf2
0000000000000000
000001cccccccccd
00000a0000000000
ffffffdf2ffa140c
00000008dc3948f2
ffffff024427268d
0000000000000000
000001cccccccccd
00000a0000000000
ffffffe35d4c95fc
00000008e0bc3719
ffffff01c2f50b42
0000000000000000
000001cccccccccd
00000a0000000000
ffffffe790955071
00000008e4a5653d
ffffff0152f5ed24
0000000000000000
000001cccccccccd
00000a0000000000
ffffffebc8fd6046
00000008e7f26499
ffffff00f46f76b1
0000000000000000
000001cccccccccd
00000a0000000000
fffffff005a895e3
00000008eaa12315
ffffff00a79cf44d
0000000000000000
000001cccccccccd
00000a0000000000
fffffff445b64dfd
00000008ecafeeda
ffffff006caeee28
0000000000000000
000001cccccccccd
00000a0000000000
fffffff888425515
00000008ee1d7940
ffffff0043cad3b5
0000000000000000
000001cccccccccd
00000a0000000000
fffffffccc65d3a7
00000008eee8d920
ffffff002d0ab9fa
0000000000000000
000001cccccccccd
00000a0000000000
00000001113840d5
00000008ef118c6a
ffffff00287d2d77
0000000000000000
000001cccccccccd
00000a0000000000
0000000555d0594a
00000008ee977910
ffffff003625185f
0000000000000000
000001cccccccccd
00000a0000000000
00000009994517e5
00000008ed7aed32
ffffff0055f9bd66
0000000000000000
000001cccccccccd
00000a0000000000
0000000ddaaeadce
00000008ebbc9e94
ffffff0087e6c74a
0000000000000000
000001cccccccccd
00000a0000000000
0000001219277788
00000008e95da95c
ffffff00cbcc6ccc
0000000000000000
000001cccccccccd
00000a0000000000
0000001653cceca6
00000008e65f8e1d
ffffff01217fa8b3
0000000000000000
000001cccccccccd
00000a0000000000
0000001a89c087e8
00000008e2c42f38
ffffff0188ca8501
0000000000000000
000001cccccccccd
00000a0000000000
0000001eba28a596
00000008de8dcd96
ffffff02016c7874
0000000000000000
000001cccccccccd
00000a0000000000
00000022e431562a
00000008d9bf04d0
ffffff028b1ad4fd
0000000000000000
000001cccccccccd
00000a0000000000
00000027070d2382
00000008d45ac6c4
ffffff03258145d9
0000000000000000
000001cccccccccd
00000a0000000000
0000002b21f5c70f
00000008ce6456b2
ffffff03d0425ba1
0000000000000000
000001cccccccccd
00000a0000000000
0000002f342ccfab
00000008c7df43ec
ffffff048af8249b
0000000000000000
000001cccccccccd
00000a0000000000
000000333cfc3619
00000008c0cf6426
ffffff055534cf7c
0000000000000000
000001cccccccccd
00000a0000000000
000000373bb6df4e
00000008b938cd79
ffffff062e8356a2
0000000000000000
000001cccccccccd
00000a0000000000
0000003b2fb90c09
00000008b11fd034
ffffff07166831ec
0000000000000000
000001cccccccccd
00000a0000000000
0000003f1868b572
00000008a888f074
ffffff080c620d28
0000000000000000
000001cccccccccd
00000a0000000000
00000042f535d6b2
000000089f78dfb3
ffffff090fea8148
0000000000000000
000001cccccccccd
00000a0000000000
00000046c59aa3c3
0000000895f47647
ffffff0a2076ce6b
0000000000000000
000001cccccccccd
00000a0000000000
0000004a891bade3
000000088c00acea
ffffff0b3d78951b
0000000000000000
000001cccccccccd
00000a0000000000
0000004e3f47f647
0000000881a2965a
ffffff0c665e8cf7
0000000000000000
000001cccccccccd
00000a0000000000
00000051e7b8efe2
0000000876df5917
ffffff0d9a953766
0000000000000000
000001cccccccccd
00000a0000000000
000000558212712e
000000086bbc295f
ffffff0ed9878ce7
0000000000000000
000001cccccccccd
00000a0000000000
000000590e02970f
00000008603e4351
ffffff10229fa3c6
0000000000000000
000001cccccccccd
00000a0000000000
0000005c8b4199f9
00000008546ae567
ffffff1175474f35
0000000000000000
000001cccccccccd
00000a0000000000
0000005ff991969a
0000000848474b2e
ffffff12d0e8b5e0
0000000000000000
000001cccccccccd
00000a0000000000
ffffff9e400705d0
0000000b34c448ee
ffffff13a99e1e24
0000000000000000
000001cccccccccd
00000a0000000000
ffffffa1a74970eb
0000000b457833a0
ffffff12495ae563
0000000000000000
000001cccccccccd
00000a0000000000
ffffffa51d9ef477
0000000b55c2b872
ffffff10f1c6852e
0000000000000000
000001cccccccccd
00000a0000000000
ffffffa8a2ce944a
0000000b659cbcd5
ffffff0fa376cf1b
0000000000000000
000001cccccccccd
00000a0000000000
ffffffac369587a2
0000000b74ff1ead
ffffff0e5f0233c6
0000000000000000
000001cccccccccd
00000a0000000000
ffffffafd8a6fb81
0000000b83e2bb47
ffffff0d24ff3053
0000000000000000
000001cccccccccd
00000a0000000000
ffffffb388abe0ec
0000000b924076b8
ffffff0bf603b307
0000000000000000
000001cccccccccd
00000a0000000000
ffffffb74642c856
0000000ba0114399
ffffff0ad2a477a9
0000000000000000
000001cccccccccd
00000a0000000000
ffffffbb10ffcb70
0000000bad4e2b29
ffffff09bb745cbe
0000000000000000
000001cccccccccd
00000a0000000000
ffffffbee86c867d
0000000bb9f055a7
ffffff08b103b2b6
0000000000000000
000001cccccccccd
00000a0000000000
ffffffc2cc082234
0000000bc5f112f3
ffffff07b3df8651
0000000000000000
000001cccccccccd
00000a0000000000
ffffffc6bb476f1d
0000000bd149e354
ffffff06c490e7b6
0000000000000000
000001cccccccccd
00000a0000000000
ffffffcab595130c
0000000bdbf4804a
ffffff05e39c2fcc
0000000000000000
000001cccccccccd
00000a0000000000
ffffffceba51c95b
0000000be5eae571
ffffff051180458d
0000000000000000
000001cccccccccd
00000a0000000000
ffffffd2c8d4b62f
0000000bef275941
ffffff044eb5e520
0000000000000000
000001cccccccccd
00000a0000000000
ffffffd6e06bccd6
0000000bf7a475a5
ffffff039baeeaa3
0000000000000000
000001cccccccccd
00000a0000000000
ffffffdb005c492f
0000000bff5d3051
ffffff02f8d5a288
0000000000000000
000001cccccccccd
00000a0000000000
ffffffdf27e33ba0
0000000c064ce2b7
ffffff02668c218b
0000000000000000
000001cccccccccd
00000a0000000000
ffffffe3563626fc
0000000c0c6f518f
ffffff01e52ba625
0000000000000000
000001cccccccccd
00000a0000000000
ffffffe78a83af62
0000000c11c0b3d0
ffffff017504055c
0000000000000000
000001cccccccccd
00000a0000000000
ffffffebc3f458f2
0000000c163db909
ffffff01165b24d5
0000000000000000
000001cccccccccd
00000a0000000000
fffffff001ab54d9
0000000c19e38f08
ffffff00c96c83b4
0000000000000000
000001cccccccccd
00000a0000000000
fffffff442c75b12
0000000c1cafe6b7
ffffff008e68d3f4
0000000000000000
000001cccccccccd
00000a0000000000
fffffff886638ef0
0000000c1ea0f825
ffffff006575a56f
0000000000000000
000001cccccccccd
00000a0000000000
fffffffccb986c79
0000000c1fb585a5
ffffff004ead23d4
0000000000000000
000001cccccccccd
00000a0000000000
00000001117cbc38
0000000c1fecde06
ffffff004a1de84f
0000000000000000
000001cccccccccd
00000a0000000000
0000000557268b5a
0000000c1f46ddc6
ffffff0057cadf9b
0000000000000000
000001cccccccccd
00000a0000000000
000000099bac258b
0000000c1dc3ef56
ffffff0077ab44d2
0000000000000000
000001cccccccccd
00000a0000000000
0000000dde250e47
0000000c1b650a5e
ffffff00a9aab0ff
0000000000000000
000001cccccccccd
00000a0000000000
000000121daaf71b
0000000c182bb201
ffffff00eda93f53
0000000000000000
000001cccccccccd
00000a0000000000
00000016595ab082
0000000c1419f236
ffffff01437bc56d
0000000000000000
000001cccccccccd
00000a0000000000
0000001a9055131e
0000000c0f325c2f
ffffff01aaec1efd
0000000000000000
000001cccccccccd
00000a0000000000
0000001ec1bfdf20
0000000c097801e7
ffffff0223b98bb9
0000000000000000
000001cccccccccd
00000a0000000000
00000022ecc68fe2
0000000c02ee70da
ffffff02ad991e70
0000000000000000
000001cccccccccd
00000a0000000000
00000027109b21fb
0000000bfb99ac09
ffffff0348363bc6
0000000000000000
000001cccccccccd
00000a0000000000
0000002b2c76ca36
0000000bf37e2545
ffffff03f33326fc
0000000000000000
000001cccccccccd
00000a0000000000
0000002f3f9a9c11
0000000beaa0b5f4
ffffff04ae299b03
0000000000000000
000001cccccccccd
00000a0000000000
0000003349501ecb
0000000be106974b
ffffff0578ab6e0e
0000000000000000
000001cccccccccd
00000a0000000000
0000003748e9d01f
0000000bd6b55a29
ffffff0652433da2
0000000000000000
000001cccccccccd
00000a0000000000
0000003b3dc39432
0000000bcbb2de9b
ffffff073a75213f
0000000000000000
000001cccccccccd
00000a0000000000
0000003f27431265
0000000bc0054b2c
ffffff0830bf61b2
0000000000000000
000001cccccccccd
00000a0000000000
0000004304d7ff0d
0000000bb3b30414
ffffff09349b3314
0000000000000000
000001cccccccccd
00000a0000000000
00000046d5fc523f
0000000ba6c2a25b
ffffff0a457d6fae
0000000000000000
000001cccccccccd
00000a0000000000
0000004a9a346c2b
0000000b993aeb07
ffffff0b62d751f7
0000000000000000
000001cccccccccd
00000a0000000000
0000004e510f279b
0000000b8b22c66a
ffffff0c8c172c05
0000000000000000
000001cccccccccd
00000a0000000000
00000051fa25db76
0000000b7c8137a0
ffffff0dc0a91af1
0000000000000000
000001cccccccccd
00000a0000000000
00000055951c4c2d
0000000b6d5d544f
ffffff0efff7b4ca
0000000000000000
000001cccccccccd
00000a0000000000
0000005921a08e2f
0000000b5dbe3cba
ffffff10496cafe5
0000000000000000
000001cccccccccd
00000a0000000000
0000005c9f6ada9a
0000000b4dab142d
ffffff119c71827f
0000000000000000
000001cccccccccd
00000a0000000000
000000600e3d575e
0000000b3d2af9d3
ffffff12f86ff9c5
0000000000000000
000001cccccccccd
00000a0000000000
ffffff9e2e6b7e87
0000000e28373a0a
ffffff13d9754d97
0000000000000000
000001cccccccccd
00000a0000000000
ffffffa19617fd18
0000000e3d58d110
ffffff1278f96d61
0000000000000000
000001cccccccccd
00000a0000000000
ffffffa50cdef59d
0000000e51f53182
ffffff11212ba4dc
0000000000000000
000001cccccccccd
00000a0000000000
ffffffa892877751
0000000e66035c39
ffffff0fd2a2063e
0000000000000000
000001cccccccccd
00000a0000000000
ffffffac26cebdd6
0000000e797a4857
ffffff0e8df345db
0000000000000000
000001cccccccccd
00000a0000000000
ffffffafc967f316
0000000e8c50ec14
ffffff0d53b6274f
0000000000000000
000001cccccccccd
00000a0000000000
ffffffb379fbfd1c
0000000e9e7e4612
ffffff0c2480e1ad
0000000000000000
000001cccccccccd
00000a0000000000
ffffffb73829591a
0000000eaff96738
ffffff0b00e87b7a
0000000000000000
000001cccccccccd
00000a0000000000
ffffffbb038404e4
0000000ec0b97cf2
ffffff09e9801f6a
0000000000000000
000001cccccccccd
00000a0000000000
ffffffbedb9577fe
0000000ed0b5dbd5
ffffff08ded86b03
0000000000000000
000001cccccccccd
00000a0000000000
ffffffc2bfdcad51
0000000edfe60a89
ffffff07e17eb873
0000000000000000
000001cccccccccd
00000a0000000000
ffffffc6afce3e5e
0000000eee41ccea
ffffff06f1fc650e
0000000000000000
000001cccccccccd
00000a0000000000
ffffffcaaad490b3
0000000efbc12f41
ffffff0610d61601
0000000000000000
000001cccccccccd
00000a0000000000
ffffffceb0501632
0000000f085c9181
ffffff053e8afd02
0000000000000000
000001cccccccccd
00000a0000000000
ffffffd2bf97a071
0000000f140cb262
ffffff047b941ebc
0000000000000000
000001cccccccccd
00000a0000000000
ffffffd6d7f8c75c
0000000f1ecaba50
ffffff03c8639ced
0000000000000000
000001cccccccccd
00000a0000000000
ffffffdaf8b862e7
0000000f289045f3
ffffff032564061b
0000000000000000
000001cccccccccd
00000a0000000000
ffffffdf21131775
0000000f31577057
ffffff0292f7ace3
0000000000000000
000001cccccccccd
00000a0000000000
ffffffe3503df442
0000000f391adc6d
ffffff02117808c5
0000000000000000
000001cccccccccd
00000a0000000000
ffffffe7856722de
0000000f3fd5bded
ffffff01a1352269
0000000000000000
000001cccccccccd
00000a0000000000
ffffffebbfb6a694
0000000f4583e163
ffffff0142750d15
0000000000000000
000001cccccccccd
00000a0000000000
ffffffeffe4f2a3b
0000000f4a21b35e
ffffff00f5736f20
0000000000000000
000001cccccccccd
00000a0000000000
fffffff4404edacf
0000000f4dac469a
ffffff00ba611acf
0000000000000000
000001cccccccccd
00000a0000000000
fffffff884d04ceb
0000000f5021591f
ffffff009163b90b
0000000000000000
000001cccccccccd
00000a0000000000
fffffffccaeb6b0d
0000000f517f583b
ffffff007a958707
0000000000000000
000001cccccccccd
00000a0000000000
0000000111b66a73
0000000f51c5634e
ffffff00760527bb
0000000000000000
000001cccccccccd
00000a0000000000
000000055846c431
0000000f50f34d56
ffffff0083b589dc
0000000000000000
000001cccccccccd
00000a0000000000
000000099db23021
0000000f4f099d44
ffffff00a39de29d
0000000000000000
000001cccccccccd
00000a0000000000
0000000de10f9f33
0000000f4c098d05
ffffff00d5a9bd5d
0000000000000000
000001cccccccccd
00000a0000000000
00000012217832b6
0000000f47f5075a
ffffff0119b91ffb
0000000000000000
000001cccccccccd
00000a0000000000
000000165e082e29
0000000f42cea474
ffffff016fa0c360
0000000000000000
000001cccccccccd
00000a0000000000
0000001a95dfe16c
0000000f3c99a562
ffffff01d72a5f70
0000000000000000
000001cccccccccd
00000a0000000000
0000001ec82488fc
0000000f3559ee6e
ffffff0250150968
0000000000000000
000001cccccccccd
00000a0000000000
00000022f401226b
0000000f2d140069
ffffff02da15a367
0000000000000000
000001cccccccccd
00000a0000000000
0000002718a73329
0000000f23ccf10e
ffffff0374d75ba8
0000000000000000
000001cccccccccd
00000a0000000000
0000002b354f801f
0000000f198a6285
ffffff041ffc39e5
0000000000000000
000001cccccccccd
00000a0000000000
0000002f493ab4ca
0000000f0e527a31
ffffff04db1db901
0000000000000000
000001cccccccccd
00000a0000000000
0000003353b1f8b2
0000000f022bd6d2
ffffff05a5cd6b40
0000000000000000
000001cccccccccd
00000a0000000000
0000003754077293
0000000ef51d862f
ffffff067f95a6fc
0000000000000000
000001cccccccccd
00000a0000000000
0000003b4996b887
0000000ee72efa54
ffffff0767fa3a05
0000000000000000
000001cccccccccd
00000a0000000000
0000003f33c52d0e
0000000ed867fe88
ffffff085e79218d
0000000000000000
000001cccccccccd
00000a0000000000
00000043120248d8
0000000ec8d0ac21
ffffff09628b44e1
0000000000000000
000001cccccccccd
00000a0000000000
00000046e3c7d191
0000000eb8715f45
ffffff0a73a530e9
0000000000000000
000001cccccccccd
00000a0000000000
0000004aa899fe26
0000000ea752abb4
ffffff0b9137d2c6
0000000000000000
000001cccccccccd
00000a0000000000
0000004e6007891e
0000000e957d51c8
ffffff0cbab12fdb
0000000000000000
000001cccccccccd
00000a0000000000
0000005209a9b1da
0000000e82fa33a7
ffffff0def7d19bb
0000000000000000
000001cccccccccd
00000a0000000000
00000055a5242db6
0000000e6fd24ace
ffffff0f2f05dc9e
0000000000000000
000001cccccccccd
00000a0000000000
0000005932250a27
0000000e5c0e9e02
ffffff1078b4e72a
0000000000000000
000001cccccccccd
00000a0000000000
0000005cb0648100
0000000e47b837ba
ffffff11cbf36a7a
0000000000000000
000001cccccccccd
00000a0000000000
000000601fa4c023
0000000e32d81d09
ffffff13282af183
0000000000000000
000001cccccccccd
00000a0000000000
ffffff9e202390c1
000000111c2488a0
ffffff141171dd98
0000000000000000
000001cccccccccd
00000a0000000000
ffffffa1882603ef
0000001135b5f670
ffffff12b0e1cc8c
0000000000000000
000001cccccccccd
00000a0000000000
ffffffa4ff48ef06
000000114ea655a3
ffffff1158fe93ae
0000000000000000
000001cccccccccd
00000a0000000000
ffffffa885536a9d
0000001166eac118
ffffff100a5e6eb2
0000000000000000
000001cccccccccd
00000a0000000000
ffffffac1a02b5fe
000000117e7847c2
ffffff0ec5983dd9
0000000000000000
000001cccccccccd
00000a0000000000
ffffffafbd09f8ac
000000119543f74d
ffffff0d8b42f2eb
0000000000000000
000001cccccccccd
00000a0000000000
ffffffb36e120fdf
00000011ab42e772
ffffff0c5bf4f51b
0000000000000000
000001cccccccccd
00000a0000000000
ffffffb72cb9693c
00000011c06a45e1
ffffff0b38437cb5
0000000000000000
000001cccccccccd
00000a0000000000
ffffffbaf893ec0c
00000011d4af62b4
ffffff0a20c1e786
0000000000000000
000001cccccccccd
00000a0000000000
ffffffbed12af211
00000011e807bd53
ffffff0916010717
0000000000000000
000001cccccccccd
00000a0000000000
ffffffc2b5fd5111
00000011fa6911ae
ffffff08188e6a26
0000000000000000
000001cccccccccd
00000a0000000000
ffffffc6a67f75ed
000000120bc965be
ffffff0728f3a2a4
0000000000000000
000001cccccccccd
00000a0000000000
ffffffcaa21b9210
000000121c1f1721
ffffff0647b58a03
0000000000000000
000001cccccccccd
00000a0000000000
ffffffcea831dbbb
000000122b60e8b7
ffffff057553855d
0000000000000000
000001cccccccccd
00000a0000000000
ffffffd2b818e180
0000001239861020
ffffff04b246cb6e
0000000000000000
000001cccccccccd
00000a0000000000
ffffffd6d11df118
00000012468642fb
ffffff03ff01ae2c
0000000000000000
000001cccccccccd
00000a0000000000
ffffffdaf2859156
000000125259c3b2
ffffff035beeea01
0000000000000000
000001cccccccccd
00000a0000000000
ffffffdf1b8c0ee3
000000125cf96dc0
ffffff02c970fc9e
0000000000000000
000001cccccccccd
00000a0000000000
ffffffe34b661b19
00000012665ec14a
ffffff0247e18550
0000000000000000
000001cccccccccd
00000a0000000000
ffffffe781417bfc
000000126e83edd7
ffffff01d790b0d6
0000000000000000
000001cccccccccd
00000a0000000000
ffffffebbc45cc2a
000000127563dc1e
ffffff0178c4b26f
0000000000000000
000001cccccccccd
00000a0000000000
ffffffeffb954959
000000127afa36b7
ffffff012bb94beb
0000000000000000
000001cccccccccd
00000a0000000000
fffffff43e4daf98
000000127f43719a
ffffff00f09f663e
0000000000000000
000001cccccccccd
00000a0000000000
fffffff883891f8a
00000012823cd058
ffffff00c79cbbe9
0000000000000000
000001cccccccccd
00000a0000000000
fffffffcca5f0d70
0000001283e46ae7
ffffff00b0cb9672
0000000000000000
000001cccccccccd
00000a0000000000
0000000111e536d4
000000128439310d
ffffff00ac3a9fb7
0000000000000000
000001cccccccccd
00000a0000000000
0000000559309c78
00000012833aec3f
ffffff00b9ecc7cd
0000000000000000
000001cccccccccd
00000a0000000000
000000099f567e19
0000001280ea4005
ffffff00d9d93fc5
0000000000000000
000001cccccccccd
00000a0000000000
0000000de36d5595
000000127d48a8d4
ffffff010beb895b
0000000000000000
000001cccccccccd
00000a0000000000
00000012248dcf03
000000127858796d
ffffff0150039b75
0000000000000000
000001cccccccccd
00000a0000000000
0000001661d3bb5d
00000012721cd6bd
ffffff01a5f61ace
0000000000000000
000001cccccccccd
00000a0000000000
0000001a9a5efb5f
000000126a99b257
ffffff020d8ca630
0000000000000000
000001cccccccccd
00000a0000000000
0000001ecd54608e
0000001261d3c398
ffffff0286863512
0000000000000000
000001cccccccccd
00000a0000000000
00000022f9de824c
0000001257d07f89
ffffff031097877f
0000000000000000
000001cccccccccd
00000a0000000000
000000271f2e853f
000000124c960f9d
ffffff03ab6ba5b4
0000000000000000
000001cccccccccd
00000a0000000000
0000002b3c7cd375
00000012402b476b
ffffff0456a46de9
0000000000000000
000001cccccccccd
00000a0000000000
0000002f5109c3f0
000000123297997e
ffffff0511db2e78
0000000000000000
000001cccccccccd
00000a0000000000
000000335c1e3086
0000001223e30b64
ffffff05dca14a86
0000000000000000
000001cccccccccd
00000a0000000000
000000375d0bf94f
0000001214162920
ffffff06b680e73a
0000000000000000
000001cccccccccd
00000a0000000000
0000003b532e750f
000000120339f81d
ffffff079efd9f98
0000000000000000
000001cccccccccd
00000a0000000000
0000003f3deace61
00000011f157e9ce
ffffff0895953cf1
0000000000000000
000001cccccccccd
00000a0000000000
000000431cb04d92
00000011de79ce1f
ffffff0999c0720f
0000000000000000
000001cccccccccd
00000a0000000000
00000046eef88f71
00000011caa9c5cb
ffffff0aaaf39736
0000000000000000
000001cccccccccd
00000a0000000000
0000004ab447a97c
00000011b5f234d3
ffffff0bc89f6531
0000000000000000
000001cccccccccd
00000a0000000000
0000004e6c2c3c1a
00000011a05db51a
ffffff0cf231adc7
0000000000000000
000001cccccccccd
00000a0000000000
00000052163f73a7
0000001189f7094f
ffffff0e2716100f
0000000000000000
000001cccccccccd
00000a0000000000
00000055b224f95a
0000001172c91045
ffffff0f66b6a744
0000000000000000
000001cccccccccd
00000a0000000000
000000593f8ad515
000000115adeb8bd
ffffff10b07cb2de
0000000000000000
000001cccccccccd
00000a0000000000
0000005cbe294156
000000114242f5c9
ffffff1203d136e0
0000000000000000
000001cccccccccd
00000a0000000000
000000602dc2728d
000000112900b3c8
ffffff13601d9386
0000000000000000
000001cccccccccd
00000a0000000000
ffffff9e1533a185
00000014103e704c
ffffff14519528ac
0000000000000000
000001cccccccccd
00000a0000000000
ffffffa17d77dcce
000000142e408087
ffffff12f11583e4
0000000000000000
000001cccccccccd
00000a0000000000
ffffffa4f4e127ac
000000144b85a774
ffffff119940f98b
0000000000000000
000001cccccccccd
00000a0000000000
ffffffa87b36a1f0
000000146801197a
ffffff104aadd77e
0000000000000000
000001cccccccccd
00000a0000000000
ffffffac10358dc2
0000001483a5fcd2
ffffff0f05f31202
0000000000000000
000001cccccccccd
00000a0000000000
ffffffafb39110dc
000000149e677614
ffffff0dcba7b093
0000000000000000
000001cccccccccd
00000a0000000000
ffffffb364f201c0
00000014b838b583
ffffff0c9c6231a8
0000000000000000
000001cccccccccd
00000a0000000000
ffffffb723f6c237
00000014d10d050b
ffffff0b78b7e632
0000000000000000
000001cccccccccd
00000a0000000000
ffffffbaf033284d
00000014e8d7d6e6
ffffff0a613c45cd
0000000000000000
000001cccccccccd
00000a0000000000
ffffffbec9307702
00000014ff8cd4be
ffffff0956803cc9
0000000000000000
000001cccccccccd
00000a0000000000
ffffffc2ae6d67ad
00000015151fef3e
ffffff0859117556
0000000000000000
000001cccccccccd
00000a0000000000
ffffffc69f5e4503
0000001529856df2
ffffff0769799d4d
0000000000000000
000001cccccccccd
00000a0000000000
ffffffca9b6d187e
000000153cb1ff3f
ffffff06883daa27
0000000000000000
000001cccccccccd
00000a0000000000
ffffffcea1f9eaaf
000000154e9ac870
ffffff05b5dd1cdf
0000000000000000
000001cccccccccd
00000a0000000000
ffffffd2b25b16ce
000000155f35758d
ffffff04f2d14798
0000000000000000
000001cccccccccd
00000a0000000000
ffffffd6cbddb1b2
000000156e7848ec
ffffff043f8c96e7
0000000000000000
000001cccccccccd
00000a0000000000
ffffffdaedc603fd
000000157c5a2a42
ffffff039c79e0bf
0000000000000000
000001cccccccccd
00000a0000000000
ffffffdf1750171b
0000001588d2b515
ffffff0309fbbaec
0000000000000000
000001cccccccccd
00000a0000000000
ffffffe347b05466
0000001593da4653
ffffff02886bdb26
0000000000000000
000001cccccccccd
00000a0000000000
ffffffe77e14358d
000000159d6a08fd
ffffff02181a8295
0000000000000000
000001cccccccccd
00000a0000000000
ffffffebb9a304ec
00000015a57c01a4
ffffff01b94df6a2
0000000000000000
000001cccccccccd
00000a0000000000
ffffffeff97eac88
00000015ac0b18a7
ffffff016c4208c8
0000000000000000
000001cccccccccd
00000a0000000000
fffffff43cc491d5
00000015b1132305
ffffff013127aeee
0000000000000000
000001cccccccccd
00000a0000000000
fffffff8828e7c85
00000015b490e9a9
ffffff010824adad
0000000000000000
000001cccccccccd
00000a0000000000
fffffffcc9f3862a
00000015b6822f15
ffffff00f153559c
0000000000000000
000001cccccccccd
00000a0000000000
0000000112091083
00000015b6e5b365
ffffff00ecc2548f
0000000000000000
000001cccccccccd
00000a0000000000
0000000559e3c006
00000015b5bb367f
ffffff00fa749b68
0000000000000000
000001cccccccccd
00000a0000000000
00000009a0987851
00000015b303788e
ffffff011a6158d3
0000000000000000
000001cccccccccd
00000a0000000000
0000000de53d57f0
00000015aec038a7
ffffff014c740909
0000000000000000
000001cccccccccd
00000a0000000000
0000001226eab118
00000015a8f431ae
ffffff01908c9a56
0000000000000000
000001cccccccccd
00000a0000000000
0000001664bbfce8
00000015a1a3157e
ffffff01e67fa5ec
0000000000000000
000001cccccccccd
00000a0000000000
0000001a9dd0c6e8
0000001598d1866b
ffffff024e16bc3e
0000000000000000
000001cccccccccd
00000a0000000000
0000001ed14d8e90
000000158e850f2f
ffffff02c710c3d2
0000000000000000
000001cccccccccd
00000a0000000000
00000022fe5c9ce8
0000001582c4195d
ffffff0351226962
0000000000000000
000001cccccccccd
00000a0000000000
00000027242ecc60
000000157595e281
ffffff03ebf69fb7
0000000000000000
000001cccccccccd
00000a0000000000
0000002b41fc415c
0000001567027006
ffffff04972f2dbe
0000000000000000
000001cccccccccd
00000a0000000000
0000002f5705121d
0000001557128210
ffffff05526548f5
0000000000000000
000001cccccccccd
00000a0000000000
000000336291dce7
0000001545cf8573
ffffff061d2a3a62
0000000000000000
000001cccccccccd
00000a0000000000
0000003763f44bb0
00000015334384ea
ffffff06f7080c21
0000000000000000
000001cccccccccd
00000a0000000000
0000003b5a8784b4
000000151f7919c5
ffffff07df823d85
0000000000000000
000001cccccccccd
00000a0000000000
0000003f45b087ba
000000150a7b5c29
ffffff08d6167be2
0000000000000000
000001cccccccccd
00000a0000000000
0000004324de7801
00000014f455d321
ffffff09da3d5e04
0000000000000000
000001cccccccccd
00000a0000000000
00000046f78ad30e
00000014dd14648f
ffffff0aeb6b2076
0000000000000000
000001cccccccccd
00000a0000000000
0000004abd3994c9
00000014c4c3453f
ffffff0c091060de
0000000000000000
000001cccccccccd
00000a0000000000
0000004e7579499c
00000014ab6ee92c
ffffff0d329ad6b2
0000000000000000
000001cccccccccd
00000a0000000000
000000521fe30f60
000000149123f421
ffffff0e677607c8
0000000000000000
000001cccccccccd
00000a0000000000
00000055bc1a8607
0000001475ef2acf
ffffff0fa70bf760
0000000000000000
000001cccccccccd
00000a0000000000
0000005949cdb13e
0000001459dd6480
ffffff10f0c5ce6f
0000000000000000
000001cccccccccd
00000a0000000000
0000005cc8b4cc15
000000143cfb7d68
ffffff12440c7c1b
0000000000000000
000001cccccccccd
00000a0000000000
0000006038921014
000000141f5649ba
ffffff13a0494d84
0000000000000000
000001cccccccccd
00000a0000000000
ffffff9e0d9f10c0
000000170436e29d
ffffff1499de059b
0000000000000000
000001cccccccccd
00000a0000000000
ffffffa17610dd33
0000001726a8ffde
ffffff1339937dd3
0000000000000000
000001cccccccccd
00000a0000000000
ffffffa4edaae87f
0000001748425b2b
ffffff11e1f1d4ea
0000000000000000
000001cccccccccd
00000a0000000000
ffffffa874345782
0000001768f442cd
ffffff10938f5386
0000000000000000
000001cccccccccd
00000a0000000000
ffffffac096a6e68
0000001788aff4a9
ffffff0f4f02e9e6
0000000000000000
000001cccccccccd
00000a0000000000
ffffffafad0051b5
00000017a766aca6
ffffff0e14e39cae
0000000000000000
000001cccccccccd
00000a0000000000
ffffffb35e9ed34d
00000017c509b3f4
ffffff0ce5c7e8a0
0000000000000000
000001cccccccccd
00000a0000000000
ffffffb71de44cc4
00000017e18a7122
ffffff0bc2451e10
0000000000000000
000001cccccccccd
00000a0000000000
ffffffbaea64883a
00000017fcda78f0
ffffff0aaaeeb508
0000000000000000
000001cccccccccd
00000a0000000000
ffffffbec3a8b8eb
0000001816eb9fb1
ffffff09a0559b39
0000000000000000
000001cccccccccd
00000a0000000000
ffffffc2a92f847b
000000182fb00b32
ffffff08a3077d16
0000000000000000
000001cccccccccd
00000a0000000000
ffffffc69a6d1df1
00000018471a44f3
ffffff07b38e0b7e
0000000000000000
000001cccccccccd
00000a0000000000
ffffffca96cb7317
000000185d1d4c86
ffffff06d26e3f98
0000000000000000
000001cccccccccd
00000a0000000000
ffffffce9daa6cd0
0000001871aca9fd
ffffff0600279e99
0000000000000000
000001cccccccccd
00000a0000000000
ffffffd2ae6042b8
0000001884bc8024
ffffff053d337f44
0000000000000000
000001cccccccccd
00000a0000000000
ffffffd6c839e237
0000001896419e61
ffffff048a045318
0000000000000000
000001cccccccccd
00000a0000000000
ffffffdaea7b68cb
00000018a6319208
ffffff03e704f510
0000000000000000
000001cccccccccd
00000a0000000000
ffffffdf1460b13b
00000018b482b6f0
ffffff0354980005
0000000000000000
000001cccccccccd
00000a0000000000
ffffffe3451df2f3
00000018c12c471e
ffffff02d3172e99
0000000000000000
000001cccccccccd
00000a0000000000
ffffffe77be072ab
00000018cc266948
ffffff0262d2c698
0000000000000000
000001cccccccccd
00000a0000000000
ffffffebb7cf4316
00000018d56a3e14
ffffff02041111b2
0000000000000000
000001cccccccccd
00000a0000000000
ffffffeff80c1425
00000018dcf1ebd5
ffffff01b70de527
0000000000000000
000001cccccccccd
00000a0000000000
fffffff43bb40f3a
00000018e2b8a8b9
ffffff017bfa3a0f
0000000000000000
000001cccccccccd
00000a0000000000
fffffff881e0be51
00000018e6bac322
ffffff0152fbd789
0000000000000000
000001cccccccccd
00000a0000000000
fffffffcc9a8fc13
00000018e8f5a837
ffffff013c2d0ff5
0000000000000000
000001cccccccccd
00000a0000000000
000000011221ea8b
00000018e967e871
ffffff01379c9227
0000000000000000
000001cccccccccd
00000a0000000000
000000055a5fee2a
00000018e8113a2e
ffffff01454d4f35
0000000000000000
000001cccccccccd
00000a0000000000
00000009a177aaa4
00000018e4f27a33
ffffff0165367532
0000000000000000
000001cccccccccd
00000a0000000000
0000000de67eff27
00000018e00daa24
ffffff0197437eee
0000000000000000
000001cccccccccd
00000a0000000000
00000012288dff8b
00000018d965eced
ffffff01db54588e
0000000000000000
000001cccccccccd
00000a0000000000
0000001666bfe800
00000018d0ff8137
ffffff02313d9866
0000000000000000
000001cccccccccd
00000a0000000000
0000001aa03408ec
00000018c6dfb9ea
ffffff0298c8cb6b
0000000000000000
000001cccccccccd
00000a0000000000
0000001ed40ea8df
00000018bb0cf4e8
ffffff0311b4d41a
0000000000000000
000001cccccccccd
00000a0000000000
000000230179da86
00000018ad8e9015
ffffff039bb65ab2
0000000000000000
000001cccccccccd
00000a0000000000
0000002727a644d6
000000189e6cdcd1
ffffff0436784d33
0000000000000000
000001cccccccccd
00000a0000000000
0000002b45cbdbe2
000000188db11211
ffffff04e19c6d8a
0000000000000000
000001cccccccccd
00000a0000000000
0000002f5b2a88ff
000000187b653d45
ffffff059cbbec25
0000000000000000
000001cccccccccd
00000a0000000000
00000033670ac123
000000186794322f
ffffff0667680d0e
0000000000000000
000001cccccccccd
00000a0000000000
0000003768be08bb
00000018524979eb
ffffff07412ad597
0000000000000000
000001cccccccccd
00000a0000000000
0000003b5f9f645a
000000183b91414d
ffffff082987c0a2
0000000000000000
000001cccccccccd
00000a0000000000
0000003f4b13b618
00000018237846cf
ffffff091ffc778b
0000000000000000
000001cccccccccd
00000a0000000000
000000432a8a0786
000000180a0bc834
ffffff0a24018dbf
0000000000000000
000001cccccccccd
00000a0000000000
00000046fd7bc077
00000017ef597023
ffffff0b350b3d23
0000000000000000
000001cccccccccd
00000a0000000000
0000004ac36ccb1d
00000017d36f43cb
ffffff0c528a2187
0000000000000000
000001cccccccccd
00000a0000000000
0000004e7beba60c
00000017b65b90db
ffffff0d7bebf177
0000000000000000
000001cccccccccd
00000a0000000000
000000522691650f
00000017982cdbcf
ffffff0eb09c32de
0000000000000000
000001cccccccccd
00000a0000000000
00000055c301a1b6
0000001778f1ced6
ffffff0ff004ea24
0000000000000000
000001cccccccccd
00000a0000000000
0000005950ea5cc8
0000001758b9295b
ffffff11398f4283
0000000000000000
000001cccccccccd
00000a0000000000
0000005cd003d1c4
000000173791b053
ffffff128ca42e8f
0000000000000000
000001cccccccccd
00000a0000000000
0000006040103dbf
00000017158a1f64
ffffff13e8ad0006
0000000000000000
000001cccccccccd
00000a0000000000
ffffff9e09683665
00000019f7bfaf27
ffffff14ea48c538
0000000000000000
000001cccccccccd
00000a0000000000
ffffffa171f355d6
0000001a1e9fe200
ffffff138a580bca
0000000000000000
000001cccccccccd
00000a0000000000
ffffffa4e9a87986
0000001a448b80f8
ffffff12330d7855
0000000000000000
000001cccccccccd
00000a0000000000
ffffffa8704ec925
0000001a6971f57d
ffffff10e4ff36df
0000000000000000
000001cccccccccd
00000a0000000000
ffffffac05a38a02
0000001a8d429668
ffffff0fa0c41b93
0000000000000000
000001cccccccccd
00000a0000000000
ffffffafa959dff7
0000001aafecb841
ffffff0e66f30fa4
0000000000000000
000001cccccccccd
00000a0000000000
ffffffb35b1a9a59
0000001ad15fbe7d
ffffff0d3822751d
0000000000000000
000001cccccccccd
00000a0000000000
ffffffb71a840e2e
0000001af18b2da9
ffffff0c14e7826b
0000000000000000
000001cccccccccd
00000a0000000000
ffffffbae729fef8
0000001b105ebe65
ffffff0afdd59694
0000000000000000
000001cccccccccd
00000a0000000000
ffffffbec095972d
0000001b2dca710c
ffffff09f37d873d
0000000000000000
000001cccccccccd
00000a0000000000
ffffffc2a6457180
0000001b49bea1e8
ffffff08f66ce9d9
0000000000000000
000001cccccccccd
00000a0000000000
ffffffc697adb3cf
0000001b642c1dbf
ffffff08072d5962
0000000000000000
000001cccccccccd
00000a0000000000
ffffffca94383c7e
0000001b7d0436a2
ffffff072643ba47
0000000000000000
000001cccccccccd
00000a0000000000
ffffffce9b44e2d1
0000001b9438d8af
ffffff06542f7e3f
0000000000000000
000001cccccccccd
00000a0000000000
ffffffd2ac29ca9a
0000001ba9bc9eae
ffffff059169e9db
0000000000000000
000001cccccccccd
00000a0000000000
ffffffd6c633cb4f
0000001bbd82e63f
ffffff04de655dba
0000000000000000
000001cccccccccd
00000a0000000000
ffffffdae8a6ea71
0000001bcf7fe36e
ffffff043b8ca55a
0000000000000000
000001cccccccccd
00000a0000000000
ffffffdf12bee8d5
0000001bdfa8b36c
ffffff03a9424d7f
0000000000000000
000001cccccccccd
00000a0000000000
ffffffe343afe220
0000001bedf36e43
ffffff0327e00428
0000000000000000
000001cccccccccd
00000a0000000000
ffffffe77aa6fd98
0000001bfa573738
ffffff02b7b603fb
0000000000000000
000001cccccccccd
00000a0000000000
ffffffebb6cb2ef4
0000001c04cc4bc2
ffffff02590a8cfb
0000000000000000
000001cccccccccd
00000a0000000000
ffffffeff73e05d9
0000001c0d4c10d1
ffffff020c196c46
0000000000000000
000001cccccccccd
00000a0000000000
fffffff43b1c8a3e
0000001c13d11e42
ffffff01d1139456
0000000000000000
000001cccccccccd
00000a0000000000
fffffff8818023ca
0000001c1857485c
ffffff01a81ec737
0000000000000000
000001cccccccccd
00000a0000000000
fffffffcc97f8a26
0000001c1adba72f
ffffff01915553c7
0000000000000000
000001cccccccccd
00000a0000000000
00000001122fbbed
0000001c1b5c9bbc
ffffff018cc5e6e7
0000000000000000
000001cccccccccd
00000a0000000000
000000055aa4f9f4
0000001c19d9d2df
ffffff019a737147
0000000000000000
000001cccccccccd
00000a0000000000
00000009a1f3c45d
0000001c165445e2
ffffff01ba552226
0000000000000000
000001cccccccccd
00000a0000000000
0000000de731d719
0000001c10ce38bc
ffffff01ec567711
0000000000000000
000001cccccccccd
00000a0000000000
000000122977234f
0000001c094b360c
ffffff0230576077
0000000000000000
000001cccccccccd
00000a0000000000
0000001667dec343
0000001bffd008cd
ffffff02862c7a85
0000000000000000
000001cccccccccd
00000a0000000000
0000001aa187e67d
0000001bf462b3ea
ffffff02ed9f598f
0000000000000000
000001cccccccccd
00000a0000000000
0000001ed596b3e2
0000001be70a67bb
ffffff03666ee8fd
0000000000000000
000001cccccccccd
00000a0000000000
0000002303351fe1
0000001bd7cf75a7
ffffff03f04fdb76
0000000000000000
000001cccccccccd
00000a0000000000
000000272993b4ce
0000001bc6bb41fd
ffffff048aed2ae0
0000000000000000
000001cccccccccd
00000a0000000000
0000002b47ea4bdc
0000001bb3d83444
ffffff0535e8a684
0000000000000000
000001cccccccccd
00000a0000000000
0000002f5d78b563
0000001b9f31a623
ffffff05f0db8d9b
0000000000000000
000001cccccccccd
00000a0000000000
0000003369874f62
0000001b88d3d12c
ffffff06bb57345e
0000000000000000
000001cccccccccd
00000a0000000000
000000376b678962
0000001b70cbbba7
ffffff0794e5b1ab
0000000000000000
000001cccccccccd
00000a0000000000
0000003b62745542
0000001b572724b1
ffffff087d0a933c
0000000000000000
000001cccccccccd
00000a0000000000
0000003f4e128497
0000001b3bf46fc8
ffffff097343968b
0000000000000000
000001cccccccccd
00000a0000000000
000000432db112ab
0000001b1f42901c
ffffff0a77096454
0000000000000000
000001cccccccccd
00000a0000000000
0000004700c95b43
0000001b0120f3ba
ffffff0b87d04cf2
0000000000000000
000001cccccccccd
00000a0000000000
0000004ac6df3eb7
0000001ae19f6ede
ffffff0ca50903be
0000000000000000
000001cccccccccd
00000a0000000000
0000004e7f8133ec
0000001ac0ce2789
ffffff0dce2157cc
0000000000000000
000001cccccccccd
00000a0000000000
000000522a48491a
0000001a9ebd818f
ffffff0f0284e881
0000000000000000
000001cccccccccd
00000a0000000000
00000055c6d81443
0000001a7b7e0b42
ffffff10419dd495
0000000000000000
000001cccccccccd
00000a0000000000
0000005954de9497
0000001a57206adb
ffffff118ad5625b
0000000000000000
000001cccccccccd
00000a0000000000
0000005cd41405d3
0000001a31b54cc3
ffffff12dd94a029
0000000000000000
000001cccccccccd
00000a0000000000
00000060443aa70b
0000001a0b4d52cc
ffffff143944fc1e
0000000000000000
000001cccccccccd
00000a0000000000
ffffff9e08906069
0000001cea8aabca
ffffff1542cf3254
0000000000000000
000001cccccccccd
00000a0000000000
ffffffa1712090a6
0000001d15d59af2
ffffff13e35ce626
0000000000000000
000001cccccccccd
00000a0000000000
ffffffa4e8db1fdc
0000001d40102fb8
ffffff128c8d8a3b
0000000000000000
000001cccccccccd
00000a0000000000
ffffffa86f873649
0000001d6927f0cf
ffffff113ef71696
0000000000000000
000001cccccccccd
00000a0000000000
ffffffac04e21978
0000001d910a503a
ffffff0ffb302b47
0000000000000000
000001cccccccccd
00000a0000000000
ffffffafa89eed21
0000001db7a4bd5d
ffffff0ec1cf7d80
0000000000000000
000001cccccccccd
00000a0000000000
ffffffb35a668016
0000001ddce4b83d
ffffff0d936b3b9b
0000000000000000
000001cccccccccd
00000a0000000000
ffffffb719d72673
0000001e00b7e5b3
ffffff0c709868d9
0000000000000000
000001cccccccccd
00000a0000000000
ffffffbae684a268
0000001e230c2494
ffffff0b59ea31d1
0000000000000000
000001cccccccccd
00000a0000000000
ffffffbebff81cab
0000001e43cfa396
ffffff0a4ff13ab7
0000000000000000
000001cccccccccd
00000a0000000000
ffffffc2a5b02dbe
0000001e62f0f7ca
ffffff09533ae8bf
0000000000000000
000001cccccccccd
00000a0000000000
ffffffc69720f8dc
0000001e805f338a
ffffff086450a818
0000000000000000
000001cccccccccd
00000a0000000000
ffffffca93b45954
0000001e9c09fd9c
ffffff0783b73016
0000000000000000
000001cccccccccd
00000a0000000000
ffffffce9aca22e6
0000001eb5e1a856
ffffff06b1edc742
0000000000000000
000001cccccccccd
00000a0000000000
ffffffd2abb8756c
0000001ecdd74891
ffffff05ef6d8928
0000000000000000
000001cccccccccd
00000a0000000000
ffffffd6c5cc23f8
0000001ee3dccc27
ffffff053ca8afc7
0000000000000000
000001cccccccccd
00000a0000000000
ffffffdae8492f40
0000001ef7e50fb9
ffffff049a09e297
0000000000000000
000001cccccccccd
00000a0000000000
ffffffdf126b52e5
0000001f09e3f396
ffffff0407f38d2c
0000000000000000
000001cccccccccd
00000a0000000000
ffffffe34366a501
0000001f19ce6f62
ffffff0386bf3f5a
0000000000000000
000001cccccccccd
00000a0000000000
ffffffe77a6846f1
0000001f279aa467
ffffff0316bd18d0
0000000000000000
000001cccccccccd
00000a0000000000
ffffffebb697263c
0000001f333fee31
ffffff02b83341fc
0000000000000000
000001cccccccccd
00000a0000000000
ffffffeff714cc11
0000001f3cb6f164
ffffff026b5d73ea
0000000000000000
000001cccccccccd
00000a0000000000
fffffff43afe39b3
0000001f43f9a873
ffffff02306c90ad
0000000000000000
000001cccccccccd
00000a0000000000
fffffff8816ccfef
0000001f49036e3b
ffffff0207864dab
0000000000000000
000001cccccccccd
00000a0000000000
fffffffcc9773f69
0000001f4bd1062e
ffffff01f0c4f0ef
0000000000000000
000001cccccccccd
00000a0000000000
0000000112327fa8
0000001f4c60a21f
ffffff01ec372272
0000000000000000
000001cccccccccd
00000a0000000000
000000055ab2ca5d
0000001f4ab1e575
ffffff01f9dfd1e8
0000000000000000
000001cccccccccd
00000a0000000000
00000009a20c988f
0000001f46c5e5d1
ffffff0219b63182
0000000000000000
000001cccccccccd
00000a0000000000
0000000de7559f20
0000001f409f2920
ffffff024ba5c5ae
0000000000000000
000001cccccccccd
00000a0000000000
0000001229a5c845
0000001f3841a11c
ffffff028f8e8997
0000000000000000
000001cccccccccd
00000a0000000000
000000166818277b
0000001f2db2a449
ffffff02e54527f6
0000000000000000
000001cccccccccd
00000a0000000000
0000001aa1cbe5b4
0000001f20f8e491
ffffff034c93475e
0000000000000000
000001cccccccccd
00000a0000000000
0000001ed5e5237f
0000001f121c6397
ffffff03c537e90d
0000000000000000
000001cccccccccd
00000a0000000000
00000023038dcf3f
0000001f012664e9
ffffff044ee7d8f9
0000000000000000
000001cccccccccd
00000a0000000000
0000002729f66d8c
0000001eee215e3e
ffffff04e94e2d9b
0000000000000000
000001cccccccccd
00000a0000000000
0000002b4856d238
0000001ed918e5ff
ffffff05940cd5f3
0000000000000000
000001cccccccccd
00000a0000000000
0000002f5deec89c
0000001ec219a03e
ffffff064ebd33da
0000000000000000
000001cccccccccd
00000a0000000000
000000336a06aa1e
0000001ea9312a69
ffffff0718f0c0e2
0000000000000000
000001cccccccccd
00000a0000000000
000000376befe21a
0000001e8e6e05ee
ffffff07f231bbc3
0000000000000000
000001cccccccccd
00000a0000000000
0000003b63055eb0
0000001e71df820c
ffffff08da03dc5a
0000000000000000
000001cccccccccd
00000a0000000000
0000003f4eabee28
0000001e5395a519
ffffff09cfe50c4b
0000000000000000
000001cccccccccd
00000a0000000000
000000432e5288ef
0000001e33a1156b
ffffff0ad34e224e
0000000000000000
000001cccccccccd
00000a0000000000
0000004701728863
0000001e1213022d
ffffff0be3b39e49
0000000000000000
000001cccccccccd
00000a0000000000
0000004ac78fcae2
0000001deefd0c54
ffffff0d00866476
0000000000000000
000001cccccccccd
00000a0000000000
0000004e8038c5c9
0000001dca712fe3
ffffff0e293475e0
0000000000000000
000001cccccccccd
00000a0000000000
000000522b068630
0000001da481adb3
ffffff0f5d29a4c1
0000000000000000
000001cccccccccd
00000a0000000000
00000055c79ca167
0000001d7d40f5ed
ffffff109bd04347
0000000000000000
000001cccccccccd
00000a0000000000
0000005955a91649
0000001d54c19352
ffffff11e491cba2
0000000000000000
000001cccccccccd
00000a0000000000
0000005cd4e420a2
0000001d2b161785
ffffff1336d78040
0000000000000000
000001cccccccccd
00000a0000000000
00000060450fffeb
0000001d0051085d
ffffff14920b0353
0000000000000000
000001cccccccccd
00000a0000000000
ffffff9e0b17d1a6
0000001fdc49dd15
ffffff15a36893dd
0000000000000000
000001cccccccccd
00000a0000000000
ffffffa17398cfb1
000000200bfacecd
ffffff1444992e59
0000000000000000
000001cccccccccd
00000a0000000000
ffffffa4eb431c95
000000203a7fafba
ffffff12ee69071e
0000000000000000
000001cccccccccd
00000a0000000000
ffffffa871dddee0
0000002067c426dc
ffffff11a16dcae2
0000000000000000
000001cccccccccd
00000a0000000000
ffffffac07265b6d
0000002093b3c474
ffffff105e3dcdab
0000000000000000
000001cccccccccd
00000a0000000000
ffffffafaacfb659
00000020be3a15f5
ffffff0f256f7832
0000000000000000
000001cccccccccd
00000a0000000000
ffffffb35c82c000
00000020e742bb27
ffffff0df798ac3e
0000000000000000
000001cccccccccd
00000a0000000000
ffffffb71bddcf3a
000000210eb97c76
ffffff0cd54e20b6
0000000000000000
000001cccccccccd
00000a0000000000
ffffffbae874aa2d
00000021348a6233
ffffff0bbf22b676
0000000000000000
000001cccccccccd
00000a0000000000
ffffffbec1d07ed4
0000002158a1ccb4
ffffff0ab5a6c6ed
0000000000000000
000001cccccccccd
00000a0000000000
ffffffc2a76fec41
000000217aec8d16
ffffff09b9676ded
0000000000000000
000001cccccccccd
00000a0000000000
ffffffc698c71d96
000000219b57fe7b
ffffff08caedd00c
0000000000000000
000001cccccccccd
00000a0000000000
ffffffca953ff75f
00000021b9d21f85
ffffff07eabe5f38
0000000000000000
000001cccccccccd
00000a0000000000
ffffffce9c3a57ef
00000021d649abd2
ffffff0719581f32
0000000000000000
000001cccccccccd
00000a0000000000
ffffffd2ad0c6b02
00000021f0ae353d
ffffff065733ebc5
0000000000000000
000001cccccccccd
00000a0000000000
ffffffd6c70310d4
0000002208f03ca8
ffffff05a4c3c2a1
0000000000000000
000001cccccccccd
00000a0000000000
ffffffdae9625882
000000221f0149f2
ffffff05027212c8
0000000000000000
000001cccccccccd
00000a0000000000
ffffffdf13660d3f
0000002232d402fa
ffffff0470a11391
0000000000000000
000001cccccccccd
00000a0000000000
ffffffe3444255d0
00000022445c4148
ffffff03efaa252d
0000000000000000
000001cccccccccd
00000a0000000000
ffffffe77b246542
00000022538f2630
ffffff037fdd3c96
0000000000000000
000001cccccccccd
00000a0000000000
ffffffebb7333bb2
0000002260632d25
ffffff0321805cc5
0000000000000000
000001cccccccccd
00000a0000000000
ffffffeff79075b1
000000226ad03c02
ffffff02d4cf1ed6
0000000000000000
000001cccccccccd
00000a0000000000
fffffff43b592894
0000002272cfb119
ffffff0299fa4ab2
0000000000000000
000001cccccccccd
00000a0000000000
fffffff881a6c9c1
00000022785c6ed3
ffffff0271278187
0000000000000000
000001cccccccccd
00000a0000000000
fffffffcc9901edf
000000227b72e4b9
ffffff025a70fb4b
0000000000000000
000001cccccccccd
00000a0000000000
00000001122a34b9
000000227c1115cc
ffffff0255e55819
0000000000000000
000001cccccccccd
00000a0000000000
000000055a895a63
000000227a369c13
ffffff0263878612
0000000000000000
000001cccccccccd
00000a0000000000
00000009a1c21e3a
0000002275e4a94e
ffffff02834ebc21
0000000000000000
000001cccccccccd
00000a0000000000
0000000de6ea4a49
000000226f1e04d7
ffffff02b52689b0
0000000000000000
000001cccccccccd
00000a0000000000
000000122919dd98
0000002265e706aa
ffffff02f8eefb14
0000000000000000
000001cccccccccd
00000a0000000000
00000016676bfffe
000000225a458fb7
ffffff034e7cd23c
0000000000000000
000001cccccccccd
00000a0000000000
0000001aa0ffee29
000000224c40ff82
ffffff03b599d2d1
0000000000000000
000001cccccccccd
00000a0000000000
0000001ed4f9dbab
000000223be2274b
ffffff042e0520cc
0000000000000000
000001cccccccccd
00000a0000000000
000000230283c90c
0000002229333ada
ffffff04b773b03f
0000000000000000
000001cccccccccd
00000a0000000000
0000002728ce4c13
00000022143fbf2a
ffffff055190c4dc
0000000000000000
000001cccccccccd
00000a0000000000
0000002b471148b5
00000021fd147725
ffffff05fbfe7f9c
0000000000000000
000001cccccccccd
00000a0000000000
0000002f5c8c994a
00000021e3bf4eb9
ffffff06b65678bf
0000000000000000
000001cccccccccd
00000a0000000000
000000336888a500
00000021c84f4476
ffffff07802a6447
0000000000000000
000001cccccccccd
00000a0000000000
000000376a56e3bc
00000021aad4520c
ffffff085904beff
0000000000000000
000001cccccccccd
00000a0000000000
0000003b61524ed9
000000218b5f53e0
ffffff0940698216
0000000000000000
000001cccccccccd
00000a0000000000
0000003f4cdfbe88
000000216a01efff
ffffff0a35d6db56
0000000000000000
000001cccccccccd
00000a0000000000
000000432c6e33c6
0000002146ce7cb9
ffffff0b38c5e802
0000000000000000
000001cccccccccd
00000a0000000000
00000046ff770f2e
0000002121d7e71b
ffffff0c48ab708c
0000000000000000
000001cccccccccd
00000a0000000000
0000004ac57e3507
00000020fb31998d
ffffff0d64f8a34d
0000000000000000
000001cccccccccd
00000a0000000000
0000004e7e121f4a
00000020d2ef62ca
ffffff0e8d1bcc9f
0000000000000000
000001cccccccccd
00000a0000000000
0000005228cbde68
00000020a9255d6a
ffffff0fc0810acf
0000000000000000
000001cccccccccd
00000a0000000000
00000055c54f09d1
000000207de7d82f
ffffff10fe92fc8e
0000000000000000
000001cccccccccd
00000a0000000000
000000595349a156
00000020514b3f32
ffffff1246bb689f
0000000000000000
000001cccccccccd
00000a0000000000
0000005cd273e09b
000000202364062b
ffffff139863ddba
0000000000000000
000001cccccccccd
00000a0000000000
00000060429005e9
0000001ff44693e3
ffffff14f2f649c4
0000000000000000
000001cccccccccd
00000a0000000000
ffffff9e10fdc19e
00000022ccaf9e8d
ffffff160c09b127
0000000000000000
000001cccccccccd
00000a0000000000
ffffffa1795b4ce1
0000002300c07b2f
ffffff14ae01734e
0000000000000000
000001cccccccccd
00000a0000000000
ffffffa4f0dfac83
000000233389a564
ffffff1358944619
0000000000000000
000001cccccccccd
00000a0000000000
ffffffa877520323
0000002364f4e85d
ffffff120c5773ca
0000000000000000
000001cccccccccd
00000a0000000000
ffffffac0c6f9405
0000002394ebf69b
ffffff10c9e0ec96
0000000000000000
000001cccccccccd
00000a0000000000
ffffffafafeb8438
00000023c3587fb0
ffffff0f91c6b46f
0000000000000000
000001cccccccccd
00000a0000000000
ffffffb3616ea7ac
00000023f0244755
ffffff0e649e47cf
0000000000000000
000001cccccccccd
00000a0000000000
ffffffb720975b9b
000000241b393db8
ffffff0d42fbf844
0000000000000000
000001cccccccccd
00000a0000000000
ffffffbaecf96f71
00000024448198e1
ffffff0c2d7241c5
0000000000000000
000001cccccccccd
00000a0000000000
ffffffbec61e1d6b
000000246be7ef00
ffffff0b249119da
0000000000000000
000001cccccccccd
00000a0000000000
ffffffc2ab8413ef
0000002491575172
ffffff0a28e539fb
0000000000000000
000001cccccccccd
00000a0000000000
ffffffc69c9f908d
00000024b4bb6844
ffffff093af76681
0000000000000000
000001cccccccccd
00000a0000000000
ffffffca98da8d5b
00000024d6008e01
ffffff085b4bb3d1
0000000000000000
000001cccccccccd
00000a0000000000
ffffffce9f950153
00000024f513eb7f
ffffff078a60cb74
0000000000000000
000001cccccccccd
00000a0000000000
ffffffd2b02533e7
0000002511e3936a
ffffff06c8af32e0
0000000000000000
000001cccccccccd
00000a0000000000
ffffffd6c9d82406
000000252c5e9d46
ffffff0616a895ee
0000000000000000
000001cccccccccd
00000a0000000000
ffffffdaebf2025d
0000002544753f9c
ffffff0574b716dc
0000000000000000
000001cccccccccd
00000a0000000000
ffffffdf15aebe6f
000000255a18e90a
ffffff04e33ca5dc
0000000000000000
000001cccccccccd
00000a0000000000
ffffffe34642a5df
000000256d3c57e5
ffffff0462926220
0000000000000000
000001cccccccccd
00000a0000000000
ffffffe77cdb14ee
000000257dd3b02c
ffffff03f308064c
0000000000000000
000001cccccccccd
00000a0000000000
ffffffebb89f3712
000000258bd48f86
ffffff0394e3621d
0000000000000000
000001cccccccccd
00000a0000000000
ffffffeff8b0d60c
0000002597361f06
ffffff03485fe2f6
0000000000000000
000001cccccccccd
00000a0000000000
fffffff43c2d35f6
000000259ff1227a
ffffff030dae2ce1
0000000000000000
000001cccccccccd
00000a0000000000
fffffff8822dfc3d
00000025a600051d
ffffff02e4f3c557
0000000000000000
000001cccccccccd
00000a0000000000
fffffffcc9ca1f82
00000025a95ee36e
ffffff02ce4ad0fa
0000000000000000
000001cccccccccd
00000a0000000000
000000011216de23
00000025aa0b921c
ffffff02c9c1e519
0000000000000000
000001cccccccccd
00000a0000000000
000000055a28b90b
00000025a805a1e5
ffffff02d75bedaa
0000000000000000
000001cccccccccd
00000a0000000000
00000009a1147058
00000025a34e605e
ffffff02f7102817
0000000000000000
000001cccccccccd
00000a0000000000
0000000de5efff66
000000259be8d59c
ffffff0328ca32db
0000000000000000
000001cccccccccd
00000a0000000000
0000001227d395c7
0000002591d9bece
ffffff036c6a31d9
0000000000000000
000001cccccccccd
00000a0000000000
0000001665da8ac4
00000025852785db
ffffff03c1c506d2
0000000000000000
000001cccccccccd
00000a0000000000
0000001a9f24490d
0000002575da3612
ffffff0428a49d42
0000000000000000
000001cccccccccd
00000a0000000000
0000001ed2d53082
0000002563fb6e2a
ffffff04a0c848ac
0000000000000000
000001cccccccccd
00000a0000000000
0000002300176bfa
000000254f964fad
ffffff0529e533f7
0000000000000000
000001cccccccccd
00000a0000000000
00000027261bb94d
0000002538b76c11
ffffff05c3a6e090
0000000000000000
000001cccccccccd
00000a0000000000
0000002b441a220b
000000251f6cafb8
ffffff066dafb391
0000000000000000
000001cccccccccd
00000a0000000000
0000002f5952a382
0000002503c54b1b
ffffff0727998f42
0000000000000000
000001cccccccccd
00000a0000000000
00000033650dc506
00000024e5d19a6a
ffffff07f0f67702
0000000000000000
000001cccccccccd
00000a0000000000
00000037669d1bb2
00000024c5a30be0
ffffff08c9513bc7
0000000000000000
000001cccccccccd
00000a0000000000
0000003b5d5bbb12
00000024a34c0529
ffffff09b02e2f19
0000000000000000
000001cccccccccd
00000a0000000000
0000003f48ae9271
000000247edfc809
ffffff0aa50bdab6
0000000000000000
000001cccccccccd
00000a0000000000
000000432804b6ca
00000024587256b1
ffffff0ba763bad5
0000000000000000
000001cccccccccd
00000a0000000000
00000046fad79993
00000024301857e2
ffffff0cb6aaf948
0000000000000000
000001cccccccccd
00000a0000000000
0000004ac0ab2ce0
0000002405e6fb3f
ffffff0dd253279a
0000000000000000
000001cccccccccd
00000a0000000000
0000004e790df56a
00000023d9f3de03
ffffff0ef9caf69c
0000000000000000
000001cccccccccd
00000a0000000000
0000005223990b73
00000023ac54f04f
ffffff102c7ee9cc
0000000000000000
000001cccccccccd
00000a0000000000
00000055bff00b63
000000237d205b4c
ffffff1169da053d
0000000000000000
000001cccccccccd
00000a0000000000
000000594dc0f748
000000234c6c684b
ffffff12b14674ca
0000000000000000
000001cccccccccd
00000a0000000000
0000005cccc40a70
000000231a4f6911
ffffff14022e2b85
0000000000000000
000001cccccccccd
00000a0000000000
000000603cbb805b
00000022e6dfa166
ffffff155bfb7a82
0000000000000000
000001cccccccccd
00000a0000000000
ffffff9e1a405d2b
00000025bb6eca9d
ffffff167ca4d85c
0000000000000000
000001cccccccccd
00000a0000000000
ffffffa182663ab0
00000025f3d8205c
ffffff151f87b813
0000000000000000
000001cccccccccd
00000a0000000000
ffffffa4f9af08e4
000000262ade3b82
ffffff13cb00ffbb
0000000000000000
000001cccccccccd
00000a0000000000
ffffffa87fe1e43f
000000266069102e
ffffff127fa58034
0000000000000000
000001cccccccccd
00000a0000000000
ffffffac14bc0d94
0000002694607803
ffffff113e0aae53
0000000000000000
000001cccccccccd
00000a0000000000
ffffffafb7f0ab6f
00000026c6ac49b0
ffffff1006c6112c
0000000000000000
000001cccccccccd
00000a0000000000
ffffffb36928976a
00000026f73471ee
ffffff0eda6ca76d
0000000000000000
000001cccccccccd
00000a0000000000
ffffffb7280238c5
0000002725e10dd1
ffffff0db9924486
0000000000000000
000001cccccccccd
00000a0000000000
ffffffbaf4116d82
00000027529a8641
ffffff0ca4c8e69f
0000000000000000
000001cccccccccd
00000a0000000000
ffffffbeccdf8322
000000277d49ac70
ffffff0b9ca00675
0000000000000000
000001cccccccccd
00000a0000000000
ffffffc2b1eb401c
00000027a5d7d718
ffffff0aa1a3e268
0000000000000000
000001cccccccccd
00000a0000000000
ffffffc6a2a8feed
00000027cc2f0040
ffffff09b45cc62d
0000000000000000
000001cccccccccd
00000a0000000000
ffffffca9e82db7f
00000027f039e350
ffffff08d54e50c0
0000000000000000
000001cccccccccd
00000a0000000000
ffffffcea4d8f37a
0000002811e41b24
ffffff0804f6ba37
0000000000000000
000001cccccccccd
00000a0000000000
ffffffd2b501b9d0
00000028311a3fd9
ffffff0743ce1b5a
0000000000000000
000001cccccccccd
00000a0000000000
ffffffd6ce4a5d9b
000000284dca0401
ffffff069245b8dc
0000000000000000
000001cccccccccd
00000a0000000000
ffffffdaeff74434
0000002867e250f9
ffffff05f0c7541b
0000000000000000
000001cccccccccd
00000a0000000000
ffffffdf19449616
000000287f5361fd
ffffff055fb4836b
0000000000000000
000001cccccccccd
00000a0000000000
ffffffe34966dddc
00000028940eddbc
ffffff04df6613d5
0000000000000000
000001cccccccccd
00000a0000000000
ffffffe77f8bb872
00000028a607ee19
ffffff04702b762c
0000000000000000
000001cccccccccd
00000a0000000000
ffffffebbada9549
00000028b53355c1
ffffff04124a394e
0000000000000000
000001cccccccccd
00000a0000000000
ffffffeffa75850a
00000028c1878367
ffffff03c5fd9339
0000000000000000
000001cccccccccd
00000a0000000000
fffffff43d7a152b
00000028cafca255
ffffff038b75fa82
0000000000000000
000001cccccccccd
00000a0000000000
fffffff883023670
00000028d18ca81f
ffffff0362d8d180
0000000000000000
000001cccccccccd
00000a0000000000
fffffffcca252c4e
00000028d5335f4e
ffffff034c40244e
0000000000000000
000001cccccccccd
00000a0000000000
0000000111f882e8
00000028d5ee6ed9
ffffff0347ba7a8b
0000000000000000
000001cccccccccd
00000a0000000000
0000000559910957
00000028d3bd5e56
ffffff03554abd70
0000000000000000
000001cccccccccd
00000a0000000000
00000009a003cdc3
00000028cea196ce
ffffff0374e8329f
0000000000000000
000001cccccccccd
00000a0000000000
0000000de46718e6
00000028c69e603d
ffffff03a67e8bb5
0000000000000000
000001cccccccccd
00000a0000000000
0000001225d36677
00000028bbb8dbb8
ffffff03e9ee0a6f
0000000000000000
000001cccccccccd
00000a0000000000
000000166364582a
00000028adf7fa55
ffffff043f0bb8e5
0000000000000000
000001cccccccccd
00000a0000000000
0000001a9c39a0e0
000000289d6470fe
ffffff04a5a1b511
0000000000000000
000001cccccccccd
00000a0000000000
0000001ecf77e5f7
000000288a08a93e
ffffff051d6f8ea4
0000000000000000
000001cccccccccd
00000a0000000000
00000022fc4994a5
0000002873f0af5d
ffffff05a62ab5f0
0000000000000000
000001cccccccccd
00000a0000000000
0000002721dfa9a0
000000285b2a1dea
ffffff063f7efa74
0000000000000000
000001cccccccccd
00000a0000000000
0000002b3f72697a
000000283fc40705
ffffff06e90f1764
0000000000000000
000001cccccccccd
00000a0000000000
0000002f54420858
0000002821cedbae
ffffff07a2754c79
0000000000000000
000001cccccccccd
00000a0000000000
000000335f974004
00000028015c5168
ffffff086b440132
0000000000000000
000001cccccccccd
00000a0000000000
0000003760c3d370
00000027de7f4674
ffffff0943067086
0000000000000000
000001cccccccccd
00000a0000000000
0000003b5722ff43
00000027b94ba508
ffffff0a29415b25
0000000000000000
000001cccccccccd
00000a0000000000
0000003f4219d70b
0000002791d645c2
ffffff0b1d73be52
0000000000000000
000001cccccccccd
00000a0000000000
0000004321178f21
000000276834d1af
ffffff0c1f178d69
0000000000000000
000001cccccccccd
00000a0000000000
00000046f395b37d
000000273c7da42d
ffffff0d2da26c2c
0000000000000000
000001cccccccccd
00000a0000000000
0000004ab9184bd6
000000270ec7acf7
ffffff0e48866832
0000000000000000
000001cccccccccd
00000a0000000000
0000004e712dedd1
00000026df2a529e
ffffff0f6f32afaf
0000000000000000
000001cccccccccd
00000a0000000000
000000521b6fbdf8
00000026adbd55a4
ffffff10a114442d
0000000000000000
000001cccccccccd
00000a0000000000
00000055b7816083
000000267a98b480
ffffff11dd96a7c6
0000000000000000
000001cccccccccd
00000a0000000000
000000594510db10
0000002645d490b3
ffffff13242483be
0000000000000000
000001cccccccccd
00000a0000000000
0000005cc3d6686a
000000260f89151d
ffffff1474284757
0000000000000000
000001cccccccccd
00000a0000000000
0000006033943fbc
00000025d7ce5db7
ffffff15cd0cbe16
0000000000000000
000001cccccccccd
00000a0000000000
ffffff9e26dcc80f
00000028a83ae20f
ffffff16f529e705
0000000000000000
000001cccccccccd
00000a0000000000
ffffffa18eb6c5b7
00000028e4f3e9e3
ffffff15991b7ca9
0000000000000000
000001cccccccccd
00000a0000000000
ffffffa505ae68ef
00000029202e4d0e
ffffff14459e5729
0000000000000000
000001cccccccccd
00000a0000000000
ffffffa88b8ac5e3
0000002959d02e38
ffffff12fb46b758
0000000000000000
000001cccccccccd
00000a0000000000
ffffffac20091a21
0000002991bf93e3
ffffff11baa97f5f
0000000000000000
000001cccccccccd
00000a0000000000
ffffffafc2dc8e4a
00000029c7e281bc
ffffff10845ba1a6
0000000000000000
000001cccccccccd
00000a0000000000
ffffffb373ae03bc
00000029fc1f1376
ffffff0f58f186dd
0000000000000000
000001cccccccccd
00000a0000000000
ffffffb7321bef6d
0000002a2e5b9913
ffffff0e38fe6be0
0000000000000000
000001cccccccccd
00000a0000000000
ffffffbafdba433f
0000002a5e7eb46d
ffffff0d2513b86c
0000000000000000
000001cccccccccd
00000a0000000000
ffffffbed61266f8
0000002a8c6f77cc
ffffff0c1dc04fdc
0000000000000000
000001cccccccccd
00000a0000000000
ffffffc2baa341d8
0000002ab815854d
ffffff0b238fdd0a
0000000000000000
000001cccccccccd
00000a0000000000
ffffffc6aae155c3
0000002ae1592ee4
ffffff0a370a1af5
0000000000000000
000001cccccccccd
00000a0000000000
ffffffcaa636ecaf
0000002b082396a9
ffffff0958b21b94
0000000000000000
000001cccccccccd
00000a0000000000
ffffffceac0458f2
0000002b2c5ecf26
ffffff0889058ea4
0000000000000000
000001cccccccccd
00000a0000000000
ffffffd2bba048ad
0000002b4df5fb59
ffffff07c87c0a30
0000000000000000
000001cccccccccd
00000a0000000000
ffffffd6d4582c88
0000002b6cd56e18
ffffff07178656bb
0000000000000000
000001cccccccccd
00000a0000000000
ffffffdaf570b18c
0000002b88eac875
ffffff06768dc0ee
0000000000000000
000001cccccccccd
00000a0000000000
ffffffdf1e264db3
0000002ba22516dc
ffffff05e5f372c5
0000000000000000
000001cccccccccd
00000a0000000000
ffffffe34dadde8d
0000002bb874ec88
ffffff05660fd62f
0000000000000000
000001cccccccccd
00000a0000000000
ffffffe783355901
0000002bcbcc7d00
ffffff04f73202ea
0000000000000000
000001cccccccccd
00000a0000000000
ffffffebbde488fa
0000002bdc1fb34c
ffffff04999f3981
0000000000000000
000001cccccccccd
00000a0000000000
ffffffeffcdddf94
0000002be9644698
ffffff044d926d0c
0000000000000000
000001cccccccccd
00000a0000000000
fffffff43f3f4e0e
0000002bf391cbfd
ffffff04133bdd32
0000000000000000
000001cccccccccd
00000a0000000000
fffffff884232ba8
0000002bfaa1c53a
ffffff03eac0c1d5
0000000000000000
000001cccccccccd
00000a0000000000
fffffffccaa12456
0000002bfe8fac24
ffffff03d43b096e
0000000000000000
000001cccccccccd
00000a0000000000
0000000111cf2e03
0000002bff58faaf
ffffff03cfb92b0e
0000000000000000
000001cccccccccd
00000a0000000000
0000000558c2821d
0000002bfcfd2f6d
ffffff03dd3e0c9f
0000000000000000
000001cccccccccd
00000a0000000000
000000099e9098f3
0000002bf77dce70
ffffff03fcc0fdb1
0000000000000000
000001cccccccccd
00000a0000000000
0000000de2502479
0000002beede5e9e
ffffff042e2dc702
0000000000000000
000001cccccccccd
00000a0000000000
00000012231a07fb
0000002be3246364
ffffff047164ce65
0000000000000000
000001cccccccccd
00000a0000000000
00000016600a4a64
0000002bd45752fa
ffffff04c63b4eb1
0000000000000000
000001cccccccccd
00000a0000000000
0000001a984100c7
0000002bc2808948
ffffff052c7ba2d8
0000000000000000
000001cccccccccd
00000a0000000000
0000001ecae32f0d
0000002badab379c
ffffff05a3e5a33f
0000000000000000
000001cccccccccd
00000a0000000000
00000022f71b9cb6
0000002b95e4516c
ffffff062c2f1400
0000000000000000
000001cccccccccd
00000a0000000000
000000271c1b9bff
0000002b7b3a7665
ffffff06c50422ca
0000000000000000
000001cccccccccd
00000a0000000000
0000002b391bc1c1
0000002b5dbdda04
ffffff076e07f2a5
0000000000000000
000001cccccccccd
00000a0000000000
0000002f4d5c8cc5
0000002b3d802917
ffffff0826d533ee
0000000000000000
000001cccccccccd
00000a0000000000
000000335826fb79
0000002b1a946d62
ffffff08eefec6b1
0000000000000000
000001cccccccccd
00000a0000000000
0000003758cd0f38
0000002af50eefdc
ffffff09c610657b
0000000000000000
000001cccccccccd
00000a0000000000
0000003b4eaa3c9a
0000002acd0519b7
ffffff0aab8f56a6
0000000000000000
000001cccccccccd
00000a0000000000
0000003f3923c88a
0000002aa28d54a9
ffffff0b9efb2241
0000000000000000
000001cccccccccd
00000a0000000000
0000004317a9121d
0000002a75beeab9
ffffff0c9fce4aa4
0000000000000000
000001cccccccccd
00000a0000000000
00000046e9b3c960
0000002a46b1e5e4
ffffff0dad7f05ce
0000000000000000
000001cccccccccd
00000a0000000000
0000004aaec8138d
0000002a157eeff0
ffffff0ec77ff5e3
0000000000000000
000001cccccccccd
00000a0000000000
0000004e66749d57
00000029e23f32ae
ffffff0fed40df1b
0000000000000000
000001cccccccccd
00000a0000000000
0000005210529c0a
00000029ad0c38f2
ffffff111e2f5998
0000000000000000
000001cccccccccd
00000a0000000000
00000055ac05be96
0000002975ffd081
ffffff1259b77dd8
0000000000000000
000001cccccccccd
00000a0000000000
00000059393c0f78
000000293d33ed1c
ffffff139f448a89
0000000000000000
000001cccccccccd
00000a0000000000
0000005cb7adc8db
0000002902c28cf1
ffffff14ee4182ab
0000000000000000
000001cccccccccd
00000a0000000000
00000060271d1c17
00000028c6c59e7b
ffffff164619c335
0000000000000000
000001cccccccccd
00000a0000000000
ffffff9e36cf1f66
0000002b92c832d6
ffffff17758654a8
0000000000000000
000001cccccccccd
00000a0000000000
ffffffa19e49171c
0000002bd3c6d683
ffffff161aa9c909
0000000000000000
000001cccccccccd
00000a0000000000
ffffffa514da0445
0000002c132b8e3c
ffffff14c858e583
0000000000000000
000001cccccccccd
00000a0000000000
ffffffa89a48f0a8
0000002c50dab19c
ffffff137f274481
0000000000000000
000001cccccccccd
00000a0000000000
ffffffac2e5315cb
0000002c8cb87a9e
ffffff123fa91e89
0000000000000000
000001cccccccccd
00000a0000000000
ffffffafd0ab9f0e
0000002cc6a920a8
ffffff110a72b9e9
0000000000000000
000001cccccccccd
00000a0000000000
ffffffb380fb77b3
0000002cfe90f542
ffffff0fe017d179
0000000000000000
000001cccccccccd
00000a0000000000
ffffffb73ee12615
0000002d3454824a
ffffff0ec12af362
0000000000000000
000001cccccccccd
00000a0000000000
ffffffbb09f0b54c
0000002d67d8a983
ffffff0dae3cd8c2
0000000000000000
000001cccccccccd
00000a0000000000
ffffffbee1b3ae5d
0000002d9902c53e
ffffff0ca7dbb756
0000000000000000
000001cccccccccd
00000a0000000000
ffffffc2c5a92202
0000002dc7b8c9e7
ffffff0bae928e6d
0000000000000000
000001cccccccccd
00000a0000000000
ffffffc6b545c3f4
0000002df3e1682f
ffffff0ac2e87096
0000000000000000
000001cccccccccd
00000a0000000000
ffffffcaaff41862
0000002e1d642f8b
ffffff09e55fcb8f
0000000000000000
000001cccccccccd
00000a0000000000
ffffffceb514b430
0000002e4429b0ad
ffffff091675b032
0000000000000000
000001cccccccccd
00000a0000000000
ffffffd2c3fe904c
0000002e681b9fb7
ffffff0856a11c19
0000000000000000
000001cccccccccd
00000a0000000000
ffffffd6dbff702f
0000002e8924f5b0
ffffff07a65246e4
0000000000000000
000001cccccccccd
00000a0000000000
ffffffdafc5c5b6e
0000002ea7321101
ffffff0705f1f504
0000000000000000
000001cccccccccd
00000a0000000000
ffffffdf245229e7
0000002ec230d47e
ffffff0675e0d1f7
0000000000000000
000001cccccccccd
00000a0000000000
ffffffe3531621ed
0000002eda10c4b7
ffffff05f676d3e6
0000000000000000
000001cccccccccd
00000a0000000000
ffffffe787d6a77c
0000002eeec3232b
ffffff058802aa77
0000000000000000
000001cccccccccd
00000a0000000000
ffffffebc1bbfb4a
0000002f003b070a
ffffff052ac93aaa
0000000000000000
000001cccccccccd
00000a0000000000
ffffffefffe90835
0000002f0e6d733b
ffffff04df05295e
0000000000000000
000001cccccccccd
00000a0000000000
fffffff4417c3d7c
0000002f19516954
ffffff04a4e67602
0000000000000000
000001cccccccccd
00000a0000000000
fffffff8859073c2
0000002f20dff950
ffffff047c9226cd
0000000000000000
000001cccccccccd
00000a0000000000
fffffffccb3ddae5
0000002f25144dc3
ffffff046622078f
0000000000000000
000001cccccccccd
00000a0000000000
00000001119aee5c
0000002f25ebb46d
ffffff0461a47bfc
0000000000000000
000001cccccccccd
00000a0000000000
0000000557bd6dd4
0000002f2365a304
ffffff046f1c661d
0000000000000000
000001cccccccccd
00000a0000000000
000000099cbb579d
0000002f1d83b82a
ffffff048e812125
0000000000000000
000001cccccccccd
00000a0000000000
0000000ddfabe285
0000002f1449b88a
ffffff04bfbe90dc
0000000000000000
000001cccccccccd
00000a0000000000
000000121fa8749b
0000002f07bd882b
ffffff0502b5454a
0000000000000000
000001cccccccccd
00000a0000000000
000000165bcd9496
0000002ef7e72002
ffffff05573ab249
0000000000000000
000001cccccccccd
00000a0000000000
0000001a933bd384
0000002ee4d07fff
ffffff05bd197a16
0000000000000000
000001cccccccccd
00000a0000000000
0000001ec518acac
0000002ece859da7
ffffff063411ca10
0000000000000000
000001cccccccccd
00000a0000000000
00000022f08f5992
0000002eb5144f90
ffffff06bbd9c83e
0000000000000000
000001cccccccccd
00000a0000000000
0000002714d19874
0000002e988c35f6
ffffff07541e105a
0000000000000000
000001cccccccccd
00000a0000000000
0000002b3118638e
0000002e78fea0af
ffffff07fc823eac
0000000000000000
000001cccccccccd
00000a0000000000
0000002f44a497ef
0000002e567e72e5
ffffff08b4a18710
0000000000000000
000001cccccccccd
00000a0000000000
000000334ebf8abe
0000002e312004db
ffffff097c0f5641
0000000000000000
000001cccccccccd
00000a0000000000
000000374ebb8c2c
0000002e08f9041e
ffffff0a5257fb97
0000000000000000
000001cccccccccd
00000a0000000000
0000003b43f45785
0000002dde205280
ffffff0b3701593d
0000000000000000
000001cccccccccd
00000a0000000000
0000003f2dcf701b
0000002db0ade43a
ffffff0c298b98f5
0000000000000000
000001cccccccccd
00000a0000000000
000000430bbc6b09
0000002d80ba9d8c
ffffff0d2971e38a
0000000000000000
000001cccccccccd
00000a0000000000
00000046dd3525ff
0000002d4e603032
ffffff0e362b191f
0000000000000000
000001cccccccccd
00000a0000000000
0000004aa1bdeb91
0000002d19b8f90c
ffffff0f4f2a888e
0000000000000000
000001cccccccccd
00000a0000000000
0000004e58e585a5
0000002ce2dfde34
ffffff1073e0a44b
0000000000000000
000001cccccccccd
00000a0000000000
0000005202453ecc
0000002ca9f02de0
ffffff11a3bbb342
0000000000000000
000001cccccccccd
00000a0000000000
000000559d80d38f
0000002c6f057e37
ffffff12de287c50
0000000000000000
000001cccccccccd
00000a0000000000
000000592a4654b3
0000002c323b8e75
ffffff142292eb38
0000000000000000
000001cccccccccd
00000a0000000000
0000005ca84dfbaf
0000002bf3ae2964
ffffff157066adf2
0000000000000000
000001cccccccccd
00000a0000000000
000000601759f298
0000002bb3790981
ffffff16c70fc98d
0000000000000000
000001cccccccccd
00000a0000000000
ffffff9e4a127cf6
0000002e7acbfdff
ffffff17fda53f66
0000000000000000
000001cccccccccd
00000a0000000000
ffffffa1b11857e9
0000002ec004df37
ffffff16a41d3a35
0000000000000000
000001cccccccccd
00000a0000000000
ffffffa5272d163e
0000002f0388b497
ffffff15531ac76d
0000000000000000
000001cccccccccd
00000a0000000000
ffffffa8ac17b55c
0000002f453a11e8
ffffff140b30c511
0000000000000000
000001cccccccccd
00000a0000000000
ffffffac3f956a10
0000002f84fb6c06
ffffff12ccf2ab7a
0000000000000000
000001cccccccccd
00000a0000000000
ffffffafe159632e
0000002fc2af35a7
ffffff1198f3fdc8
0000000000000000
000001cccccccccd
00000a0000000000
ffffffb3910c980b
0000002ffe37fdda
ffffff106fc7b193
0000000000000000
000001cccccccccd
00000a0000000000
ffffffb74e4da421
0000003037789025
ffffff0f51ff8ea8
0000000000000000
000001cccccccccd
00000a0000000000
ffffffbb18b0b111
000000306e541606
ffffff0e402b87b6
0000000000000000
000001cccccccccd
00000a0000000000
ffffffbeefbf7016
00000030a2ae39ac
ffffff0d3ad90d1b
0000000000000000
000001cccccccccd
00000a0000000000
ffffffc2d2f92411
00000030d46b4996
ffffff0c42925b01
0000000000000000
000001cccccccccd
00000a0000000000
ffffffc6c1d2bced
0000003103705cdb
ffffff0b57ddc446
0000000000000000
000001cccccccccd
00000a0000000000
ffffffcabbb70524
000000312fa377ca
ffffff0a7b3cfbaa
0000000000000000
000001cccccccccd
00000a0000000000
ffffffcec006e1f8
0000003158ebb089
ffffff09ad2c5d07
0000000000000000
000001cccccccccd
00000a0000000000
ffffffd2ce19a69b
000000317f31535d
ffffff08ee22383c
0000000000000000
000001cccccccccd
00000a0000000000
ffffffd6e53d7a74
00000031a25e0632
ffffff083e8e1fc1
0000000000000000
000001cccccccccd
00000a0000000000
ffffffdb04b7d253
00000031c25ceb11
ffffff079ed83cae
0000000000000000
000001cccccccccd
00000a0000000000
ffffffdf2bc5fc2a
00000031df1ac115
ffffff070f60aa35
0000000000000000
000001cccccccccd
00000a0000000000
ffffffe3599dbca6
00000031f8860385
ffffff06907eda64
0000000000000000
000001cccccccccd
00000a0000000000
ffffffe78d6dfdbc
000000320e8f06b2
ffffff0622810616
0000000000000000
000001cccccccccd
00000a0000000000
ffffffebc65f8cf1
000000322128123a
ffffff05c5aba9ca
0000000000000000
000001cccccccccd
00000a0000000000
fffffff00395e7f8
0000003230457865
ffffff057a391110
0000000000000000
000001cccccccccd
00000a0000000000
fffffff4443015f6
000000323bddaa47
ffffff054058f201
0000000000000000
000001cccccccccd
00000a0000000000
fffffff887498b8f
0000003243e9486b
ffffff0518301a1d
0000000000000000
000001cccccccccd
00000a0000000000
fffffffccbfb17aa
0000003248632fc5
ffffff0501d82d9d
0000000000000000
000001cccccccccd
00000a0000000000
00000001115bd6bb
00000032494882c9
ffffff04fd5f7a19
0000000000000000
000001cccccccccd
00000a0000000000
0000000556822a47
000000324698ae7f
ffffff050ac8dd2a
0000000000000000
000001cccccccccd
00000a0000000000
000000099a84b22e
0000003240556b8c
ffffff052a0bbf4e
0000000000000000
000001cccccccccd
00000a0000000000
0000000ddc7b4564
000000323682bb1f
ffffff055b14232d
0000000000000000
000001cccccccccd
00000a0000000000
000000121b7fe7a0
000000322926dfd9
ffffff059dc2c908
0000000000000000
000001cccccccccd
00000a0000000000
0000001656afb9ab
00000032184a52c7
ffffff05f1ed65cf
0000000000000000
000001cccccccccd
00000a0000000000
0000001a8d2be210
0000003203f7b488
ffffff06575eed2a
0000000000000000
000001cccccccccd
00000a0000000000
0000001ebe1a6c05
00000031ec3bbae3
ffffff06cdd7ed78
0000000000000000
000001cccccccccd
00000a0000000000
00000022e8a71a8c
00000031d1251afc
ffffff07550efc87
0000000000000000
000001cccccccccd
00000a0000000000
000000270c042e23
00000031b2c4707d
ffffff07ecb133a5
0000000000000000
000001cccccccccd
00000a0000000000
0000002b276b1b50
00000031912c21f4
ffffff089462b973
0000000000000000
000001cccccccccd
00000a0000000000
0000002f3a1d30da
000000316c7042d5
ffffff094bbf57c2
0000000000000000
000001cccccccccd
00000a0000000000
0000003343642c8a
0000003144a6735c
ffffff0a125b1bba
0000000000000000
000001cccccccccd
00000a0000000000
000000374292bdb5
0000003119e5bed3
ffffff0ae7c2fe4b
0000000000000000
000001cccccccccd
00000a0000000000
0000003b3704f4fc
00000030ec467885
ffffff0bcb7d9326
0000000000000000
000001cccccccccd
00000a0000000000
0000003f2020a10a
00000030bbe217c8
ffffff0cbd0bbc35
0000000000000000
000001cccccccccd
00000a0000000000
00000042fd559838
0000003088d3137f
ffffff0dbbe95fc6
0000000000000000
000001cccccccccd
00000a0000000000
00000046ce1def5f
000000305334bd6e
ffffff0ec78e1f8b
0000000000000000
000001cccccccccd
00000a0000000000
0000004a91fe1e3e
000000301b231dbf
ffffff0fdf6e0eca
0000000000000000
000001cccccccccd
00000a0000000000
0000004e4885120f
0000002fe0bacf04
ffffff1102fa6601
0000000000000000
000001cccccccccd
00000a0000000000
00000051f14c2f2f
0000002fa418dafe
ffffff1231a232a2
0000000000000000
000001cccccccccd
00000a0000000000
000000558bf742b2
0000002f655a987e
ffffff136ad3017d
0000000000000000
000001cccccccccd
00000a0000000000
0000005918346513
0000002f249d8a8e
ffffff14adf982a6
0000000000000000
000001cccccccccd
00000a0000000000
0000005c95bbcf17
0000002ee1ff4119
ffffff15fa8225e0
0000000000000000
000001cccccccccd
00000a0000000000
00000060044fa236
0000002e9d9d3b47
ffffff174fd9ae9d
0000000000000000
000001cccccccccd
00000a0000000000
ffffff9e60a0fb5e
000000315ffc9c93
ffffff188d6f7a85
0000000000000000
000001cccccccccd
00000a0000000000
ffffffa1c71eb532
00000031a9631d29
ffffff17355e1153
0000000000000000
000001cccccccccd
00000a0000000000
ffffffa53ca1e211
00000031f0f99e06
ffffff15e5cbacb2
0000000000000000
000001cccccccccd
00000a0000000000
ffffffa8c0f1711e
0000003236a0f722
ffffff149f4a58b6
0000000000000000
000001cccccccccd
00000a0000000000
ffffffac53ca91d7
000000327a39e075
ffffff13626cb767
0000000000000000
000001cccccccccd
00000a0000000000
ffffffaff4e0774b
00000032bba51067
ffffff122fc57224
0000000000000000
000001cccccccccd
00000a0000000000
ffffffb3a3dc2720
00000032fac35c16
ffffff1107e6a254
0000000000000000
000001cccccccccd
00000a0000000000
ffffffb7605c55b1
000000333775d94c
ffffff0feb613235
0000000000000000
000001cccccccccd
00000a0000000000
ffffffbb29f5507a
00000033719e01f1
ffffff0edac436c2
0000000000000000
000001cccccccccd
00000a0000000000
ffffffbf0030f7e5
00000033a91dd8b6
ffffff0dd69c43b6
0000000000000000
000001cccccccccd
00000a0000000000
ffffffc2e28ec996
00000033ddd80ec6
ffffff0cdf72bb03
0000000000000000
000001cccccccccd
00000a0000000000
ffffffc6d083fbf6
000000340fb02a15
ffffff0bf5cd1913
0000000000000000
000001cccccccccd
00000a0000000000
ffffffcac97babcb
000000343e8aac19
ffffff0b1a2c3f67
0000000000000000
000001cccccccccd
00000a0000000000
ffffffceccd71c5c
000000346a4d3879
ffffff0a4d0bbf3a
0000000000000000
000001cccccccccd
00000a0000000000
ffffffd2d9ee0a72
0000003492debb5c
ffffff098ee125e7
0000000000000000
000001cccccccccd
00000a0000000000
ffffffd6f00f1250
00000034b8278ef6
ffffff08e01b4ce8
0000000000000000
000001cccccccccd
00000a0000000000
ffffffdb0e80287a
00000034da119fe7
ffffff084121af51
0000000000000000
000001cccccccccd
00000a0000000000
ffffffdf347f24ea
00000034f888900e
ffffff07b253c6a0
0000000000000000
000001cccccccccd
00000a0000000000
ffffffe361425ffa
000000351379d75c
ffffff07340870db
0000000000000000
000001cccccccccd
00000a0000000000
ffffffe793f9602f
000000352ad4e24d
ffffff06c68d61b1
0000000000000000
000001cccccccccd
00000a0000000000
ffffffebcbcd979a
000000353e8b2da5
ffffff066a26a07c
0000000000000000
000001cccccccccd
00000a0000000000
fffffff007e32f7a
000000354e905f17
ffffff061f0e14aa
0000000000000000
000001cccccccccd
00000a0000000000
fffffff44759e06f
000000355ada5a88
ffffff05e5732219
0000000000000000
000001cccccccccd
00000a0000000000
fffffff8894dd55a
00000035636153a5
ffffff05bd7a56b0
0000000000000000
000001cccccccccd
00000a0000000000
fffffffcccd896ee
00000035681fdb8b
ffffff05a73d2a40
0000000000000000
000001cccccccccd
00000a0000000000
000000011111fdb3
000000356912ea63
ffffff05a2c9d198
0000000000000000
000001cccccccccd
00000a0000000000
000000055511283c
000000356639e4bc
ffffff05b0232555
0000000000000000
000001cccccccccd
00000a0000000000
0000000997ed7323
000000355f969ca2
ffffff05cf409cdf
0000000000000000
000001cccccccccd
00000a0000000000
0000000dd8bf7076
00000035552d4e62
ffffff06000e5d7f
0000000000000000
000001cccccccccd
00000a0000000000
0000001216a1dc16
000000354704990b
ffffff06426d5d86
0000000000000000
000001cccccccccd
00000a0000000000
0000001650b28ad1
00000035352572cb
ffffff0696339ae2
0000000000000000
000001cccccccccd
00000a0000000000
0000001a861351d9
000000351f9b1944
ffffff06fb2c6485
0000000000000000
000001cccccccccd
00000a0000000000
0000001eb5eae490
000000350672fe1b
ffffff077118b590
0000000000000000
000001cccccccccd
00000a0000000000
00000022df65a6a5
00000034e9bcaff8
ffffff07f7afa11b
0000000000000000
000001cccccccccd
00000a0000000000
0000002701b670cf
00000034c989c04a
ffffff088e9ecd34
0000000000000000
000001cccccccccd
00000a0000000000
0000002b1c174684
00000034a5eda621
ffffff09358afb81
0000000000000000
000001cccccccccd
00000a0000000000
0000002f2dc9fb7e
000000347efd9e7b
ffffff09ec109dde
0000000000000000
000001cccccccccd
00000a0000000000
000000333618c7dd
0000003454d08a60
ffffff0ab1c4751e
0000000000000000
000001cccccccccd
00000a0000000000
000000373456ca3a
00000034277ecb47
ffffff0b86343821
0000000000000000
000001cccccccccd
00000a0000000000
0000003b27e0770d
00000033f7221e07
ffffff0c68e74158
0000000000000000
000001cccccccccd
00000a0000000000
0000003f101bf52b
00000033c3d574e6
ffffff0d595f40cb
0000000000000000
000001cccccccccd
00000a0000000000
00000042ec796754
000000338db4d106
ffffff0e5718f0cd
0000000000000000
000001cccccccccd
00000a0000000000
00000046bc7322fd
0000003354dd1baa
ffffff0f618ccb96
0000000000000000
000001cccccccccd
00000a0000000000
0000004a7f8dd4d6
00000033196bffa7
ffffff10782fc001
0000000000000000
000001cccccccccd
00000a0000000000
0000004e35589398
00000032db7fc357
ffffff119a73e3e4
0000000000000000
000001cccccccccd
00000a0000000000
00000051dd6ce1ee
000000329b372364
ffffff12c7c9227a
0000000000000000
000001cccccccccd
00000a0000000000
00000055776ea079
0000003258b12eb4
ffffff13ff9de594
0000000000000000
000001cccccccccd
00000a0000000000
00000059030bf0e9
00000032140d23a6
ffffff15415fb862
0000000000000000
000001cccccccccd
00000a0000000000
0000005c7ffd0b66
00000031cd6a4ef7
ffffff168c7be2cf
0000000000000000
000001cccccccccd
00000a0000000000
0000005fee04078c
0000003184e7ec5f
ffffff17e05ffc89
0000000000000000
000001cccccccccd
00000a0000000000
ffffff9e7a73bb0a
000000344211a357
ffffff1924cb9ed9
0000000000000000
000001cccccccccd
00000a0000000000
ffffffa1e055650d
000000348f97ee6c
ffffff17ce5244ac
0000000000000000
000001cccccccccd
00000a0000000000
ffffffa55531b7c3
00000034db337683
ffffff168050e9ef
0000000000000000
000001cccccccccd
00000a0000000000
ffffffa8d8cf924a
0000003524c36084
ffffff153b58b3ac
0000000000000000
000001cccccccccd
00000a0000000000
ffffffac6aec1e52
000000356c26b07f
ffffff13fffb57fe
0000000000000000
000001cccccccccd
00000a0000000000
ffffffb00b3a9406
00000035b13c69b9
ffffff12ceca9071
0000000000000000
000001cccccccccd
00000a0000000000
ffffffb3b96409a7
00000035f3e3b0b5
ffffff11a85783d1
0000000000000000
000001cccccccccd
00000a0000000000
ffffffb77507503d
0000003633fbeeed
ffffff108d322831
0000000000000000
000001cccccccccd
00000a0000000000
ffffffbb3db8de75
000000367164f824
ffffff0f7de89e1a
0000000000000000
000001cccccccccd
00000a0000000000
ffffffbf1302cadc
00000036abff3107
ffffff0e7b0685f5
0000000000000000
000001cccccccccd
00000a0000000000
ffffffc2f464d669
00000036e3abb6c9
ffffff0d851450f9
0000000000000000
000001cccccccccd
00000a0000000000
ffffffc6e154883c
00000037184c877f
ffffff0c9c968eef
0000000000000000
000001cccccccccd
00000a0000000000
ffffffcad93d5b44
0000003749c4aad2
ffffff0bc20d3a66
0000000000000000
000001cccccccccd
00000a0000000000
ffffffcedb80fe55
0000003777f85ab2
ffffff0af5f304ed
0000000000000000
000001cccccccccd
00000a0000000000
ffffffd2e777a6f1
00000037a2cd2b9d
ffffff0a38bca517
0000000000000000
000001cccccccccd
00000a0000000000
ffffffd6fc7076ed
00000037ca2a341d
ffffff098ad82817
0000000000000000
000001cccccccccd
00000a0000000000
ffffffdb19b1f4c1
00000037edf83306
ffffff08ecac48c8
0000000000000000
000001cccccccccd
00000a0000000000
ffffffdf3e7a9618
000000380e21b40a
ffffff085e97ce0c
0000000000000000
000001cccccccccd
00000a0000000000
ffffffe36a015c00
000000382a933240
ffffff07e0f0f258
0000000000000000
000001cccccccccd
00000a0000000000
ffffffe79b767fce
00000038433b3827
ffffff077404d63c
0000000000000000
000001cccccccccd
00000a0000000000
ffffffebd2042f7d
00000038580a7cce
ffffff071816ff98
0000000000000000
000001cccccccccd
00000a0000000000
fffffff00ccf5834
0000003868f3fdbc
ffffff06cd60e734
0000000000000000
000001cccccccccd
00000a0000000000
fffffff44af87d39
0000003875ed1543
ffffff069411960d
0000000000000000
000001cccccccccd
00000a0000000000
fffffff88b9c9980
000000387eed8cfc
ffffff066c4d53bd
0000000000000000
000001cccccccccd
00000a0000000000
fffffffccdd609dc
0000003883efac26
ffffff06562d6704
0000000000000000
000001cccccccccd
00000a0000000000
0000000110bd7d8e
0000003884f041b5
ffffff0651bfe946
0000000000000000
000001cccccccccd
00000a0000000000
00000005536aeaff
0000003881eea9f9
ffffff065f07ada4
0000000000000000
000001cccccccccd
00000a0000000000
0000000994f68643
000000387aeccfbb
ffffff067dfc3bfb
0000000000000000
000001cccccccccd
00000a0000000000
0000000dd479b6ff
000000386fef28de
ffffff06ae89dfe1
0000000000000000
000001cccccccccd
00000a0000000000
0000001211100b5f
0000003860fcae80
ffffff06f091cb65
0000000000000000
000001cccccccccd
00000a0000000000
0000001649d825b8
000000384e1ed0b9
ffffff0743ea4d23
0000000000000000
000001cccccccccd
00000a0000000000
0000001a7df4a2ab
000000383761662a
ffffff07a85f18ef
0000000000000000
000001cccccccccd
00000a0000000000
0000001eac8cf5a7
000000381cd2978e
ffffff081db1a21a
0000000000000000
000001cccccccccd
00000a0000000000
00000022d4ce39de
00000037fe82c793
ffffff08a399862e
0000000000000000
000001cccccccccd
00000a0000000000
00000026f5ebf5e4
00000037dc847741
ffffff0939c506be
0000000000000000
000001cccccccccd
00000a0000000000
0000002b0f20d080
00000037b6ec275f
ffffff09dfd990b2
0000000000000000
000001cccccccccd
00000a0000000000
0000002f1faf3550
000000378dd0371e
ffffff0a95744f7f
0000000000000000
000001cccccccccd
00000a0000000000
0000003326e1e84b
000000376148c080
ffffff0b5a2aca6b
0000000000000000
000001cccccccccd
00000a0000000000
00000037240c873c
00000037316f72dd
ffffff0c2d8b8a12
0000000000000000
000001cccccccccd
00000a0000000000
0000003b168bf8c6
00000036fe5f6bfe
ffffff0d0f1ec451
0000000000000000
000001cccccccccd
00000a0000000000
0000003efdc6c89d
00000036c835102a
ffffff0dfe670cb3
0000000000000000
000001cccccccccd
00000a0000000000
00000042d92d70f1
000000368f0de198
ffffff0efae20787
0000000000000000
000001cccccccccd
00000a0000000000
00000046a83a913a
00000036530857b9
ffffff1004091de4
0000000000000000
000001cccccccccd
00000a0000000000
0000004a6a7312db
000000361443b69d
ffffff11195230de
0000000000000000
000001cccccccccd
00000a0000000000
0000004e1f663c29
00000035d2dfe6f4
ffffff123a304a57
0000000000000000
000001cccccccccd
00000a0000000000
00000051c6adb2b4
000000358efd4edc
ffffff1366144a05
0000000000000000
000001cccccccccd
00000a0000000000
000000555fed6daf
0000003548bcabed
ffffff149c6d8d46
0000000000000000
000001cccccccccd
00000a0000000000
00000058ead39991
00000035003eee9e
ffffff15dcaa90a5
0000000000000000
000001cccccccccd
00000a0000000000
0000005c67186e19
00000034b5a51767
ffffff1726398a0e
0000000000000000
000001cccccccccd
00000a0000000000
0000005fd47df7e0
00000034691015ad
ffffff187888faca
0000000000000000
000001cccccccccd
00000a0000000000
ffffff9e9782e7f9
0000003720c40527
ffffff19c39e1ce5
0000000000000000
000001cccccccccd
00000a0000000000
ffffffa1fcb4ac58
00000037725b194d
ffffff186edd9288
0000000000000000
000001cccccccccd
00000a0000000000
ffffffa570d4f9eb
00000037c1ecdc5f
ffffff17228d8c11
0000000000000000
000001cccccccccd
00000a0000000000
ffffffa8f3aa9e2c
000000380f56c9ab
ffffff15df3e32f4
0000000000000000
000001cccccccccd
00000a0000000000
ffffffac84f2bca3
000000385a763b0f
ffffff14a5803c4b
0000000000000000
000001cccccccccd
00000a0000000000
ffffffb02460938b
00000038a3288aa2
ffffff1375e45c50
0000000000000000
000001cccccccccd
00000a0000000000
ffffffb3d19d4c20
00000038e94b3658
ffffff1250fab164
0000000000000000
000001cccccccccd
00000a0000000000
ffffffb78c47d7e9
000000392cbc058a
ffffff1137522766
0000000000000000
000001cccccccccd
00000a0000000000
ffffffbb53f4dc24
000000396d593016
ffffff102977d453
0000000000000000
000001cccccccccd
00000a0000000000
ffffffbf282eac67
00000039ab0186d4
ffffff0f27f64f34
0000000000000000
000001cccccccccd
00000a0000000000
ffffffc308755581
00000039e5949d27
ffffff0e335502a2
0000000000000000
000001cccccccccd
00000a0000000000
ffffffc6f43eb968
0000003a1cf2f33e
ffffff0d4c177c3a
0000000000000000
000001cccccccccd
00000a0000000000
ffffffcaeaf6bcf6
0000003a50fe20bb
ffffff0c72bcba86
0000000000000000
000001cccccccccd
00000a0000000000
ffffffceebff87e2
0000003a8198ff53
ffffff0ba7be7af8
0000000000000000
000001cccccccccd
00000a0000000000
ffffffd2f6b1d759
0000003aaea7d4fc
ffffff0aeb9089b4
0000000000000000
000001cccccccccd
00000a0000000000
ffffffd70a5d633d
0000003ad8107d49
ffffff0a3ea014e7
0000000000000000
000001cccccccccd
00000a0000000000
ffffffdb264955ea
0000003afdba9171
ffffff09a1530592
0000000000000000
000001cccccccccd
00000a0000000000
ffffffdf49b4d61a
0000003b1f8f8e9d
ffffff0914075f90
0000000000000000
000001cccccccccd
00000a0000000000
ffffffe373d7a23b
0000003b3d7afa05
ffffff089712aabc
0000000000000000
000001cccccccccd
00000a0000000000
ffffffe7a3e2bc52
0000003b576a827b
ffffff082ac166f5
0000000000000000
000001cccccccccd
00000a0000000000
ffffffebd9012540
0000003b6d4e1ee4
ffffff07cf568cbb
0000000000000000
000001cccccccccd
00000a0000000000
fffffff01258a5fb
0000003b7f182957
ffffff07850b1bfa
0000000000000000
000001cccccccccd
00000a0000000000
fffffff44f0aa525
0000003b8cbd767c
ffffff074c0dba69
0000000000000000
000001cccccccccd
00000a0000000000
fffffff88e350727
0000003b963568e0
ffffff07248262de
0000000000000000
000001cccccccccd
00000a0000000000
fffffffccef316cb
0000003b9b79fffb
ffffff070e82267b
0000000000000000
000001cccccccccd
00000a0000000000
00000001105e7432
0000003b9c87e2bb
ffffff070a1b00b5
0000000000000000
000001cccccccccd
00000a0000000000
00000005519007e7
0000003b995e656c
ffffff07174fbeac
0000000000000000
000001cccccccccd
00000a0000000000
0000000991a0f7b5
0000003b91ff8ae1
ffffff073617fa3b
0000000000000000
000001cccccccccd
00000a0000000000
0000000dcfab9ae1
0000003b867000f0
ffffff07666028c9
0000000000000000
000001cccccccccd
00000a0000000000
000000120acc6b80
0000003b76b71830
ffffff07a809bdab
0000000000000000
000001cccccccccd
00000a0000000000
000000164222f27e
0000003b62deb72e
ffffff07faeb5f9b
0000000000000000
000001cccccccccd
00000a0000000000
0000001a74d2ac42
0000003b4af34937
ffffff085ed1309c
0000000000000000
000001cccccccccd
00000a0000000000
0000001ea203e3bf
0000003b2f03a8f5
ffffff08d37d2743
0000000000000000
000001cccccccccd
00000a0000000000
00000022c8e48217
0000003b0f21072b
ffffff0958a7784e
0000000000000000
000001cccccccccd
00000a0000000000
00000026e8a8d10a
0000003aeb5ecdd6
ffffff09edff0f20
0000000000000000
000001cccccccccd
00000a0000000000
0000002b008c2eb2
0000003ac3d28022
ffffff0a932a13a5
0000000000000000
000001cccccccccd
00000a0000000000
0000002f0fd1b141
0000003a98939788
ffffff0b47c67bf9
0000000000000000
000001cccccccccd
00000a0000000000
0000003315c4b9b9
0000003a69bb5e8b
ffffff0c0b6aa804
0000000000000000
000001cccccccccd
00000a0000000000
0000003711b974d0
0000003a3764c980
ffffff0cdda60557
0000000000000000
000001cccccccccd
00000a0000000000
0000003b030d4979
0000003a01ac4dcc
ffffff0dbe01b94e
0000000000000000
000001cccccccccd
00000a0000000000
0000003ee92734d5
00000039c8afb814
ffffff0eac014fbc
0000000000000000
000001cccccccccd
00000a0000000000
00000042c3781373
000000398c8e01c6
ffffff0fa7236c42
0000000000000000
000001cccccccccd
00000a0000000000
00000046917ad81f
000000394d672669
ffffff10aee27c91
0000000000000000
000001cccccccccd
00000a0000000000
0000004a52b4b0a4
000000390b5bf91f
ffffff11c2b569ef
0000000000000000
000001cccccccccd
00000a0000000000
0000004e06b51917
00000038c68dfaaf
ffffff12e2104869
0000000000000000
000001cccccccccd
00000a0000000000
00000051ad15de82
000000387f1f3079
ffffff140c650242
0000000000000000
000001cccccccccd
00000a0000000000
00000055457b11c1
000000383531fca2
ffffff154123fe53
0000000000000000
000001cccccccccd
00000a0000000000
00000058cf92ebbe
00000037e8e8f7b9
ffffff167fbcc031
0000000000000000
000001cccccccccd
00000a0000000000
0000005c4b15a413
000000379a66cc1a
ffffff17c79e8114
0000000000000000
000001cccccccccd
00000a0000000000
0000005fb7c53b5b
0000003749ce1340
ffffff191838c0b3
0000000000000000
000001cccccccccd
00000a0000000000
ffffff9eb7c5c047
00000039fbce33d7
ffffff1a69c950ab
0000000000000000
000001cccccccccd
00000a0000000000
ffffffa21c33e537
0000003a5165ee1d
ffffff1916e195b4
0000000000000000
000001cccccccccd
00000a0000000000
ffffffa58f832426
0000003aa4de02ea
ffffff17cc626da9
0000000000000000
000001cccccccccd
00000a0000000000
ffffffa9117a376f
0000003af6124e1f
ffffff168adaf268
0000000000000000
000001cccccccccd
00000a0000000000
ffffffaca1d63c37
0000003b44de89d7
ffffff1552dac390
0000000000000000
000001cccccccccd
00000a0000000000
ffffffb0404a77d8
0000003b911e7194
ffffff1424f17b29
0000000000000000
000001cccccccccd
00000a0000000000
ffffffb3ec8028fd
0000003bdaade78f
ffffff1301ae19f9
0000000000000000
000001cccccccccd
00000a0000000000
ffffffb7a616658f
0000003c21691be7
ffffff11e99e6c50
0000000000000000
000001cccccccccd
00000a0000000000
ffffffbb6ca206b5
0000003c652cb582
ffffff10dd4e6830
0000000000000000
000001cccccccccd
00000a0000000000
ffffffbf3fada3f5
0000003ca5d5fc59
ffffff0fdd4785e0
0000000000000000
000001cccccccccd
00000a0000000000
ffffffc31eb99e66
0000003ce34304d1
ffffff0eea10142a
0000000000000000
000001cccccccccd
00000a0000000000
ffffffc7093c3cdf
0000003d1d52dbe6
ffffff0e042a89a2
0000000000000000
000001cccccccccd
00000a0000000000
ffffffcafea1d9b9
0000003d53e5b3a3
ffffff0d2c14d469
0000000000000000
000001cccccccccd
00000a0000000000
ffffffcefe4d22bc
0000003d86dd0fa8
ffffff0c6247aa0e
0000000000000000
000001cccccccccd
00000a0000000000
ffffffd307976b73
0000003db61bf124
ffffff0ba735d93e
0000000000000000
000001cccccccccd
00000a0000000000
ffffffd719d111ff
0000003de18701ff
ffffff0afb4b9f0b
0000000000000000
000001cccccccccd
00000a0000000000
ffffffdb3441f648
0000003e0904be94
ffffff0a5eee018b
0000000000000000
000001cccccccccd
00000a0000000000
ffffffdf562a0319
0000003e2c7d9da9
ffffff09d27a31b9
0000000000000000
000001cccccccccd
00000a0000000000
ffffffe37ec1c889
0000003e4bdc3615
ffffff095644f64b
0000000000000000
000001cccccccccd
00000a0000000000
ffffffe7ad3b26c4
0000003e670d61b0
ffffff08ea9a215e
0000000000000000
000001cccccccccd
00000a0000000000
ffffffebe0c20811
0000003e7e005d26
ffffff088fbc128c
0000000000000000
000001cccccccccd
00000a0000000000
fffffff0187d28a6
0000003e90a6e430
ffffff0845e3470a
0000000000000000
000001cccccccccd
00000a0000000000
fffffff4538eeabc
0000003e9ef549f5
ffffff080d3df937
0000000000000000
000001cccccccccd
00000a0000000000
fffffff891163505
0000003ea8e28d2f
ffffff07e5efd0db
0000000000000000
000001cccccccccd
00000a0000000000
fffffffcd02f5993
0000003eae6867d0
ffffff07d011a522
0000000000000000
000001cccccccccd
00000a0000000000
000000010ff50304
0000003eaf835a03
ffffff07cbb1511d
0000000000000000
000001cccccccccd
00000a0000000000
000000054f8125c3
0000003eac32b04e
ffffff07d8d19b6f
0000000000000000
000001cccccccccd
00000a0000000000
000000098dedf301
0000003ea47884cf
ffffff07f76a316a
0000000000000000
000001cccccccccd
00000a0000000000
0000000dca56cb24
0000003e9859bb8a
ffffff082767b5ad
0000000000000000
000001cccccccccd
00000a0000000000
0000001203d92d3d
0000003e87ddf9d4
ffffff0868abe225
0000000000000000
000001cccccccccd
00000a0000000000
000000163995a161
0000003e730f98fd
ffffff08bb0dbcdb
0000000000000000
000001cccccccccd
00000a0000000000
0000001a6ab09b93
0000003e59fb945c
ffffff091e59defa
0000000000000000
000001cccccccccd
00000a0000000000
0000001e96535549
0000003e3cb1730c
ffffff099252cd0d
0000000000000000
000001cccccccccd
00000a0000000000
00000022bbac9b95
0000003e1b432d8e
ffffff0a16b15f56
0000000000000000
000001cccccccccd
00000a0000000000
00000026d9f19045
0000003df5c50fb9
ffffff0aab2538db
0000000000000000
000001cccccccccd
00000a0000000000
0000002af05e5c70
0000003dcc4d9749
ffffff0b4f554bc1
0000000000000000
000001cccccccccd
00000a0000000000
0000002efe36d333
0000003d9ef54f8c
ffffff0c02e06942
0000000000000000
000001cccccccccd
00000a0000000000
0000003302c7038a
0000003d6dd6aa7e
ffffff0cc55ddb86
0000000000000000
000001cccccccccd
00000a0000000000
00000036fd63b889
0000003d390dd7e4
ffffff0d965e07a1
0000000000000000
000001cccccccccd
00000a0000000000
0000003aed6ae766
0000003d00b89acb
ffffff0e756b15da
0000000000000000
000001cccccccccd
00000a0000000000
0000003ed2440b11
0000003cc4f61dea
ffffff0f62099e67
0000000000000000
000001cccccccccd
00000a0000000000
00000042ab606d47
0000003c85e6c74e
ffffff105bb958df
0000000000000000
000001cccccccccd
00000a0000000000
00000046783b5d66
0000003c43ac0bd4
ffffff1161f5cc9a
0000000000000000
000001cccccccccd
00000a0000000000
0000004a385a5549
0000003bfe6842c7
ffffff127437005e
0000000000000000
000001cccccccccd
00000a0000000000
0000004deb4d0ce7
0000003bb63e7a14
ffffff1391f227cc
0000000000000000
000001cccccccccd
00000a0000000000
0000005190ad7d5e
0000003b6b524b6d
ffffff14ba9a4d22
0000000000000000
000001cccccccccd
00000a0000000000
00000055281fd45d
0000003b1dc7b2a8
ffffff15eda0f5fc
0000000000000000
000001cccccccccd
00000a0000000000
00000058b15258ff
0000003acdc2e5b2
ffffff172a76c200
0000000000000000
000001cccccccccd
00000a0000000000
0000005c2bfd4324
0000003a7b682e44
ffffff18708c0268
0000000000000000
000001cccccccccd
00000a0000000000
0000005f97e28689
0000003a26dbc5a3
ffffff19bf514995
0000000000000000
000001cccccccccd
00000a0000000000
ffffff9edb329b5d
0000003cd2ec3f7b
ffffff1b172d96f9
0000000000000000
000001cccccccccd
00000a0000000000
ffffffa23ec98651
0000003d2c736742
ffffff19c63ddba9
0000000000000000
000001cccccccccd
00000a0000000000
ffffffa5b132d24c
0000003d83c0d35e
ffffff187dae4dde
0000000000000000
000001cccccccccd
00000a0000000000
ffffffa93235253e
0000003dd8aecb11
ffffff173e0ce480
0000000000000000
000001cccccccccd
00000a0000000000
ffffffacc18d95d1
0000003e2b1773c8
ffffff1607e815db
0000000000000000
000001cccccccccd
00000a0000000000
ffffffb05eef71b0
0000003e7ad4f5c2
ffffff14dbce4d8e
0000000000000000
000001cccccccccd
00000a0000000000
ffffffb40a040f79
0000003ec7c1a2f3
ffffff13ba4d5a49
0000000000000000
000001cccccccccd
00000a0000000000
ffffffb7c26aad62
0000003f11b81fd6
ffffff12a3f1d425
0000000000000000
000001cccccccccd
00000a0000000000
ffffffbb87b85ddf
0000003f58938dfd
ffffff1199467c71
0000000000000000
000001cccccccccd
00000a0000000000
ffffffbf5978033e
0000003f9c2fb819
ffffff109ad3980b
0000000000000000
000001cccccccccd
00000a0000000000
ffffffc3372a5b41
0000003fdc693f17
ffffff0fa91e457d
0000000000000000
000001cccccccccd
00000a0000000000
ffffffc720461b84
00000040191dc811
ffffff0ec4a7d030
0000000000000000
000001cccccccccd
00000a0000000000
ffffffcb14381f53
00000040522c2a97
ffffff0deded0231
0000000000000000
000001cccccccccd
00000a0000000000
ffffffcf1263a77c
0000004087749ef1
ffffff0d2565761b
0000000000000000
000001cccccccccd
00000a0000000000
ffffffd31a22ac5a
00000040b8d8ebe3
ffffff0c6b82ead6
0000000000000000
000001cccccccccd
00000a0000000000
ffffffd72ac64239
00000040e63c9380
ffffff0bc0b09ae5
0000000000000000
000001cccccccccd
00000a0000000000
ffffffdb43970fd6
000000410f84fe94
ffffff0b2552990e
0000000000000000
000001cccccccccd
00000a0000000000
ffffffdf63d5d6b0
000000413499a622
ffffff0a99c53423
0000000000000000
000001cccccccccd
00000a0000000000
ffffffe38abc0c61
0000004155643a89
ffffff0a1e5c63be
0000000000000000
000001cccccccccd
00000a0000000000
ffffffe7b77c843f
0000004171d0c7ce
ffffff09b3633fa5
0000000000000000
000001cccccccccd
00000a0000000000
ffffffebe94427fa
0000004189cdd6a4
ffffff09591b8376
0000000000000000
000001cccccccccd
00000a0000000000
fffffff01f3abdf1
000000419d4c89c9
ffffff090fbd2039
0000000000000000
000001cccccccccd
00000a0000000000
fffffff45883bb9e
00000041ac40b74b
ffffff08d775dd2e
0000000000000000
000001cccccccccd
00000a0000000000
fffffff8943f2242
00000041b6a0fd78
ffffff08b069090c
0000000000000000
000001cccccccccd
00000a0000000000
fffffffcd18a63f1
00000041bc66d322
ffffff089aaf3cd2
0000000000000000
000001cccccccccd
00000a0000000000
000000010f814ec9
00000041bd8e9304
ffffff08965630d7
0000000000000000
000001cccccccccd
00000a0000000000
000000054d3efc37
00000041ba178223
ffffff08a360a4c9
0000000000000000
000001cccccccccd
00000a0000000000
0000000989dec1f0
00000041b203d11a
ffffff08c1c65ad5
0000000000000000
000001cccccccccd
00000a0000000000
0000000dc47d2257
00000041a5589841
ffffff08f1742621
0000000000000000
000001cccccccccd
00000a0000000000
00000011fc38ba05
00000041941dcec4
ffffff09324c0c49
0000000000000000
000001cccccccccd
00000a0000000000
0000001630332830
000000417e5e3cc8
ffffff098425798e
0000000000000000
000001cccccccccd
00000a0000000000
0000001a5f91efc7
00000041642768cd
ffffff09e6cd86e8
0000000000000000
000001cccccccccd
00000a0000000000
0000001e897f4f3e
0000004145898088
ffffff0a5a07511f
0000000000000000
000001cccccccccd
00000a0000000000
00000022ad2b0d1c
0000004122973d83
ffffff0add8c5fcd
0000000000000000
000001cccccccccd
00000a0000000000
00000026c9cb37b0
00000040fb65c5e5
ffffff0b710d1aeb
0000000000000000
000001cccccccccd
00000a0000000000
0000002ade9cd651
00000040d00c89b7
ffffff0c14314d79
0000000000000000
000001cccccccccd
00000a0000000000
0000002eeae48afc
00000040a0a51d1e
ffffff0cc698b3aa
0000000000000000
000001cccccccccd
00000a0000000000
00000032edef2346
000000406d4b0ffd
ffffff0d87db92d4
0000000000000000
000001cccccccccd
00000a0000000000
00000036e71217d2
00000040361bc36d
ffffff0e578b5978
0000000000000000
000001cccccccccd
00000a0000000000
0000003ad5abf9cf
0000003ffb363d95
ffffff0f3533457a
0000000000000000
000001cccccccccd
00000a0000000000
0000003eb924ce2c
0000003fbcbafc4d
ffffff1020590ed6
0000000000000000
000001cccccccccd
00000a0000000000
0000004290ee5686
0000003f7acbc70c
ffffff11187d9502
0000000000000000
000001cccccccccd
00000a0000000000
000000465c8447ea
0000003f358b8093
ffffff121d1d8d4c
0000000000000000
000001cccccccccd
00000a0000000000
0000004a1b6c6fe5
0000003eed1df8c6
ffffff132db2308b
0000000000000000
000001cccccccccd
00000a0000000000
0000004dcd36c86b
0000003ea1a7bf18
ffffff1449b1e6a8
0000000000000000
000001cccccccccd
00000a0000000000
00000051717d7b52
0000003e534df5ef
ffffff157090ee8d
0000000000000000
000001cccccccccd
00000a0000000000
0000005507e4d657
0000003e0236274b
ffffff16a1c2012f
0000000000000000
000001cccccccccd
00000a0000000000
00000058901b309b
0000003dae861b0e
ffffff17dcb6eea5
0000000000000000
000001cccccccccd
00000a0000000000
0000005c09d8c2cd
0000003d5863af1c
ffffff1920e13430
0000000000000000
000001cccccccccd
00000a0000000000
0000005f74df731d
0000003cfff4b18f
ffffff1a6db28a7d
0000000000000000
000001cccccccccd
00000a0000000000
ffffff9f01bef1de
0000003fa5dbf3ec
ffffff1bcba96425
0000000000000000
000001cccccccccd
00000a0000000000
ffffffa2646b2aac
0000004003404784
ffffff1a7ccffc20
0000000000000000
000001cccccccccd
00000a0000000000
ffffffa5d5d9c841
000000405e510be2
ffffff19364de8e2
0000000000000000
000001cccccccccd
00000a0000000000
ffffffa955d15b0a
00000040b6e6ff19
ffffff17f8afeba5
0000000000000000
000001cccccccccd
00000a0000000000
fffffface40ef33f
000000410cdabd9a
ffffff16c4833e39
0000000000000000
000001cccccccccd
00000a0000000000
ffffffb08045e82e
000000416004e851
ffffff159a550a52
0000000000000000
000001cccccccccd
00000a0000000000
ffffffb42a1fab02
00000041b03e4d0b
ffffff147ab1d8cb
0000000000000000
000001cccccccccd
00000a0000000000
ffffffb7e13ba639
00000041fd6010d6
ffffff136624f99b
0000000000000000
000001cccccccccd
00000a0000000000
ffffffbba52f2af3
000000424743dc33
ffffff125d37e56e
0000000000000000
000001cccccccccd
00000a0000000000
ffffffbf75856d1b
000000428dc408c7
ffffff11607199db
0000000000000000
000001cccccccccd
00000a0000000000
ffffffc351bf8f6b
00000042d0bbd027
ffffff107055f180
0000000000000000
000001cccccccccd
00000a0000000000
ffffffc73954c008
0000004310077b80
ffffff0f8d64f941
0000000000000000
000001cccccccccd
00000a0000000000
ffffffcb2bb26674
000000434b849390
ffffff0eb81a4435
0000000000000000
000001cccccccccd
00000a0000000000
ffffffcf283c6340
000000438312109b
ffffff0df0ec3fb4
0000000000000000
000001cccccccccd
00000a0000000000
ffffffd32e4d61c7
00000043b69089dc
ffffff0d384b894d
0000000000000000
000001cccccccccd
00000a0000000000
ffffffd73d373c12
00000043e5e263f4
ffffff0c8ea2483b
0000000000000000
000001cccccccccd
00000a0000000000
ffffffdb544370a4
0000004410ebfde0
ffffff0bf4538c34
0000000000000000
000001cccccccccd
00000a0000000000
ffffffdf72b3a9e4
000000443793dbfa
ffffff0b69bab343
0000000000000000
000001cccccccccd
00000a0000000000
ffffffe397c25658
0000004459c2d079
ffffff0aef2ad880
0000000000000000
000001cccccccccd
00000a0000000000
ffffffe7c2a350fd
000000447764210e
ffffff0a84ee4d49
0000000000000000
000001cccccccccd
00000a0000000000
ffffffebf2849868
000000449065a911
ffffff0a2b461ea9
0000000000000000
000001cccccccccd
00000a0000000000
fffffff0268f1379
00000044a4b7f7e3
ffffff09e269a86b
0000000000000000
000001cccccccccd
00000a0000000000
fffffff45de761fc
00000044b44e6b21
ffffff09aa863738
0000000000000000
000001cccccccccd
00000a0000000000
fffffff897aeb76a
00000044bf1f4444
ffffff0983bebafa
0000000000000000
000001cccccccccd
00000a0000000000
fffffffcd303bdec
00000044c523b97c
ffffff096e2b8a7b
0000000000000000
000001cccccccccd
00000a0000000000
000000010f037f81
00000044c658017b
ffffff0969da3919
0000000000000000
000001cccccccccd
00000a0000000000
000000054aca5315
00000044c2bb5a10
ffffff0976cd7f19
0000000000000000
000001cccccccccd
00000a0000000000
000000098574cb50
00000044ba500979
ffffff0994fd34e1
0000000000000000
000001cccccccccd
00000a0000000000
0000000dbe20a4d5
00000044ad1b5a6d
ffffff09c456613a
0000000000000000
000001cccccccccd
00000a0000000000
00000011f3edb1a7
000000449b2592e3
ffffff0a04bb5a5a
0000000000000000
000001cccccccccd
00000a0000000000
0000001625febf7f
000000448479e5b8
ffffff0a5603f955
0000000000000000
000001cccccccccd
00000a0000000000
0000001a537a76f1
0000004469265f6e
ffffff0ab7fddf30
0000000000000000
000001cccccccccd
00000a0000000000
0000001e7b8c315a
00000044493bce32
ffffff0b2a6ccacc
0000000000000000
000001cccccccccd
00000a0000000000
000000229d64c3bc
0000004424cda58c
ffffff0bad0afe73
0000000000000000
000001cccccccccd
00000a0000000000
00000026b83b3cd9
00000043fbf1de07
ffffff0c3f89b3cb
0000000000000000
000001cccccccccd
00000a0000000000
0000002acb4d9519
00000043cec0d13f
ffffff0ce1919cb8
0000000000000000
000001cccccccccd
00000a0000000000
0000002ed5e14ef1
000000439d5512c4
ffffff0d92c36f98
0000000000000000
000001cccccccccd
00000a0000000000
00000032d74406d1
0000004367cb4649
ffffff0e52b87d32
0000000000000000
000001cccccccccd
00000a0000000000
00000036cecbf1d0
000000432e41f399
ffffff0f21034e9b
0000000000000000
000001cccccccccd
00000a0000000000
0000003abbd84a88
00000042f0d958d6
ffffff0ffd30494c
0000000000000000
000001cccccccccd
00000a0000000000
0000003e9dd1abec
00000042afb33b78
ffffff10e6c657a3
0000000000000000
000001cccccccccd
00000a0000000000
00000042742a59f9
000000426af2b88b
ffffff11dd479418
0000000000000000
000001cccccccccd
00000a0000000000
000000463e5e7879
0000004222bc14aa
ffffff12e031f575
0000000000000000
000001cccccccccd
00000a0000000000
00000049fbf43038
00000041d7348c22
ffffff13eefffa6c
0000000000000000
000001cccccccccd
00000a0000000000
0000004dac7bc33f
00000041888223ab
ffffff150929531a
0000000000000000
000001cccccccccd
00000a0000000000
000000514f8f90cb
0000004136cb7a1c
ffffff162e238703
0000000000000000
000001cccccccccd
00000a0000000000
00000054e4d409eb
00000040e2379b73
ffffff175d629650
0000000000000000
000001cccccccccd
00000a0000000000
000000586bf797be
000000408aedd581
ffffff189659952a
0000000000000000
000001cccccccccd
00000a0000000000
0000005be4b2746e
0000004031158e81
ffffff19d87b4033
0000000000000000
000001cccccccccd
00000a0000000000
0000005f4ec6780f
0000003fd4d61dcf
ffffff1b233a8957
0000000000000000
000001cccccccccd
00000a0000000000
ffffff9f2b5f6622
00000042745cf476
ffffff1c87195c0e
0000000000000000
000001cccccccccd
00000a0000000000
ffffffa28d0d9a28
00000042d58b3665
ffffff1b3a73b1f9
0000000000000000
000001cccccccccd
00000a0000000000
ffffffa5fd6cfa6d
00000043344c5c97
ffffff19f61c11c7
0000000000000000
000001cccccccccd
00000a0000000000
ffffffa97c4400ea
000000439077a7ed
ffffff18ba9df4f3
0000000000000000
000001cccccccccd
00000a0000000000
ffffffad094fb7a0
00000043e9e43825
ffffff1788854662
0000000000000000
000001cccccccccd
00000a0000000000
ffffffb0a44380ed
000000444069335f
ffffff16605ddb1d
0000000000000000
000001cccccccccd
00000a0000000000
ffffffb44cc8eb3d
0000004493ddeff2
ffffff1542b2e32b
0000000000000000
000001cccccccccd
00000a0000000000
ffffffb8027f915c
00000044e41a204f
ffffff14300e534a
0000000000000000
000001cccccccccd
00000a0000000000
ffffffbbc4fd0878
0000004530f600c1
ffffff1328f8485c
0000000000000000
000001cccccccccd
00000a0000000000
ffffffbf93ccdce3
000000457a4a86af
ffffff122df665a8
0000000000000000
000001cccccccccd
00000a0000000000
ffffffc36e709e80
00000045bff1910b
ffffff113f8b2f03
0000000000000000
000001cccccccccd
00000a0000000000
ffffffc7545ffda6
0000004601c61993
ffffff105e35604c
0000000000000000
000001cccccccccd
00000a0000000000
ffffffcb4508f91f
000000463fa4666a
ffffff0f8a6f438b
0000000000000000
000001cccccccccd
00000a0000000000
ffffffcf3fd01db8
00000046796a3bac
ffffff0ec4ae0759
0000000000000000
000001cccccccccd
00000a0000000000
ffffffd34410d7b2
00000046aef70c6d
ffffff0e0d61171b
0000000000000000
000001cccccccccd
00000a0000000000
ffffffd7511dd60d
00000046e02c2ab1
ffffff0d64f176cd
0000000000000000
000001cccccccccd
00000a0000000000
ffffffdb66417f9e
000000470cecf5df
ffffff0ccbc1240a
0000000000000000
000001cccccccccd
00000a0000000000
ffffffdf82be7973
00000047351f0723
ffffff0c422a7e24
0000000000000000
000001cccccccccd
00000a0000000000
ffffffe3a5d03dea
0000004758aa5b44
ffffff0bc87fb6e4
0000000000000000
000001cccccccccd
00000a0000000000
ffffffe7ceabc39a
0000004777797970
ffffff0b5f0a4dc4
0000000000000000
000001cccccccccd
00000a0000000000
ffffffebfc8032e7
0000004791799687
ffffff0b060a971e
0000000000000000
000001cccccccccd
00000a0000000000
fffffff02e77a8ed
00000047a69ab478
ffffff0abdb750dc
0000000000000000
000001cccccccccd
00000a0000000000
fffffff463b80637
00000047b6cfbd41
ffffff0a863d45fa
0000000000000000
000001cccccccccd
00000a0000000000
fffffff89b63c772
00000047c20e9947
ffffff0a5fbf0213
0000000000000000
000001cccccccccd
00000a0000000000
fffffffcd49ae649
00000047c85040b7
ffffff0a4a5495eb
0000000000000000
000001cccccccccd
00000a0000000000
000000010e7bc045
00000047c990c7b0
ffffff0a460b6dc4
0000000000000000
000001cccccccccd
00000a0000000000
000000054824019b
00000047c5cf6513
ffffff0a52e63a0b
0000000000000000
000001cccccccccd
00000a0000000000
0000000980b191a8
00000047bd0e73e3
ffffff0a70dceaa6
0000000000000000
000001cccccccccd
00000a0000000000
0000000db7437edf
00000047af536f2c
ffffff0a9fdcbd00
0000000000000000
000001cccccccccd
00000a0000000000
00000011eafae7e2
000000479ca6e87e
ffffff0adfc85c95
0000000000000000
000001cccccccccd
00000a0000000000
000000161afbdfaa
0000004785147924
ffffff0b30781594
0000000000000000
000001cccccccccd
00000a0000000000
0000001a466e4a88
0000004768aaae40
ffffff0b91ba18f4
0000000000000000
000001cccccccccd
00000a0000000000
0000001e6c7eb217
00000047477af012
ffffff0c0352d10f
0000000000000000
000001cccccccccd
00000a0000000000
000000228c5f0e45
00000047219964c0
ffffff0c84fd45b1
0000000000000000
000001cccccccccd
00000a0000000000
00000026a54781bc
00000046f71ccef4
ffffff0d166b8e56
0000000000000000
000001cccccccccd
00000a0000000000
0000002ab677084d
00000046c81e68c0
ffffff0db7475124
0000000000000000
000001cccccccccd
00000a0000000000
0000002ebf34160d
0000004694b9bb44
ffffff0e67324d2b
0000000000000000
000001cccccccccd
00000a0000000000
00000032becd262c
000000465d0c7378
ffffff0f25c6ee24
0000000000000000
000001cccccccccd
00000a0000000000
00000036b49938c3
00000046213634ba
ffffff0ff298e824
0000000000000000
000001cccccccccd
00000a0000000000
0000003a9ff83f0b
00000045e1586987
ffffff10cd35d960
0000000000000000
000001cccccccccd
00000a0000000000
0000003e805375c3
000000459d9612e9
ffffff11b525f069
0000000000000000
000001cccccccccd
00000a0000000000
00000042551dada4
0000004556139726
ffffff12a9ec950a
0000000000000000
000001cccccccccd
00000a0000000000
000000461dd3821f
000000450af69016
ffffff13ab091239
0000000000000000
000001cccccccccd
00000a0000000000
00000049d9fb7ebf
00000044bc6599a9
ffffff14b7f73f7c
0000000000000000
000001cccccccccd
00000a0000000000
0000004d892633b6
000000446a882106
ffffff15d030283c
0000000000000000
000001cccccccccd
00000a0000000000
000000512aee3a5a
000000441586349f
ffffff16f32aafbd
0000000000000000
000001cccccccccd
00000a0000000000
00000054bef82a6a
00000043bd8855ac
ffffff18205c306b
0000000000000000
000001cccccccccd
00000a0000000000
0000005844f28110
0000004362b74b4f
ffffff1957391560
0000000000000000
000001cccccccccd
00000a0000000000
0000005bbc957ac3
00000043053bf7af
ffffff1a97356d3c
0000000000000000
000001cccccccccd
00000a0000000000
0000005f25a2e121
00000042a53f2f46
ffffff1bdfc5756a
0000000000000000
000001cccccccccd
00000a0000000000
ffffff9f5807cd47
000000453e30d594
ffffff1d49586b3b
0000000000000000
000001cccccccccd
00000a0000000000
ffffffa2b8a4d292
00000045a314da7c
ffffff1bff02f559
0000000000000000
000001cccccccccd
00000a0000000000
ffffffa627e096ba
0000004605728287
ffffff1abcf1cd88
0000000000000000
000001cccccccccd
00000a0000000000
ffffffa9a5817c8c
00000046651f9de7
ffffff1983af1437
0000000000000000
000001cccccccccd
00000a0000000000
ffffffad31448838
00000046c1f1dc7b
ffffff1853c553af
0000000000000000
000001cccccccccd
00000a0000000000
ffffffb0cadd28ba
000000471bbef6a9
ffffff172dbefa52
0000000000000000
000001cccccccccd
00000a0000000000
ffffffb471f50c8b
00000047725cd88d
ffffff161225cd2c
0000000000000000
000001cccccccccd
00000a0000000000
ffffffb8262c02d7
00000047c5a1cf57
ffffff1501825375
0000000000000000
000001cccccccccd
00000a0000000000
ffffffbbe717ea3f
000000481564b87d
ffffff13fc5b3c00
0000000000000000
000001cccccccccd
00000a0000000000
ffffffbfb444ae38
00000048617d3280
ffffff130334bd90
0000000000000000
000001cccccccccd
00000a0000000000
ffffffc38d3453ec
00000048a9c3cee8
ffffff12168ff339
0000000000000000
000001cccccccccd
00000a0000000000
ffffffc7715f175e
00000048ee124503
ffffff1136ea3628
0000000000000000
000001cccccccccd
00000a0000000000
ffffffcb6033997e
000000492e43a514
ffffff1064bc7620
0000000000000000
000001cccccccccd
00000a0000000000
ffffffcf59171f95
000000496a348b5c
ffffff0fa07a924f
0000000000000000
000001cccccccccd
00000a0000000000
ffffffd35b65e454
00000049a1c352a0
ffffff0eea92b3f4
0000000000000000
000001cccccccccd
00000a0000000000
ffffffd766737a96
00000049d4d0458c
ffffff0e436cac97
0000000000000000
000001cccccccccd
00000a0000000000
ffffffdb798b4199
0000004a033dce8d
ffffff0dab695972
0000000000000000
000001cccccccccd
00000a0000000000
ffffffdf93f0ea5f
0000004a2cf0a57e
ffffff0d22e20dd3
0000000000000000
000001cccccccccd
00000a0000000000
ffffffe3b4e10d7d
0000004a51cffabd
ffffff0caa280617
0000000000000000
000001cccccccccd
00000a0000000000
ffffffe7db91d08a
0000004a71c59f18
ffffff0c4183e4e8
0000000000000000
000001cccccccccd
00000a0000000000
ffffffec07339a03
0000004a8cbe2823
ffffff0be9353c56
0000000000000000
000001cccccccccd
00000a0000000000
fffffff036f1d256
0000004aa2a91073
ffffff0ba1722435
0000000000000000
000001cccccccccd
00000a0000000000
fffffff469f3b08b
0000004ab378d372
ffffff0b6a66df1b
0000000000000000
000001cccccccccd
00000a0000000000
fffffff89f5d10d1
0000004abf230454
ffffff0b44358f21
0000000000000000
000001cccccccccd
00000a0000000000
fffffffcd64f52fe
0000004ac5a05ff9
ffffff0b2ef5fb60
0000000000000000
000001cccccccccd
00000a0000000000
000000010dea3f1a
0000004ac6ecd971
ffffff0b2ab566f8
0000000000000000
000001cccccccccd
00000a0000000000
00000005454cedaf
0000004ac307a0fe
ffffff0b37767a14
0000000000000000
000001cccccccccd
00000a0000000000
000000097b96b1d4
0000004ab9f3257f
ffffff0b55313d55
0000000000000000
000001cccccccccd
00000a0000000000
0000000dafe8029d
0000004aabb51035
ffffff0b83d3279e
0000000000000000
000001cccccccccd
00000a0000000000
00000011e16361cf
0000004a98563afc
ffffff0bc33f3e19
0000000000000000
000001cccccccccd
00000a0000000000
000000160f2e3da9
0000004a7fe2a116
ffffff0c134e460d
0000000000000000
000001cccccccccd
00000a0000000000
0000001a3871cba9
0000004a62694ab1
ffffff0c73cf07db
0000000000000000
000001cccccccccd
00000a0000000000
0000001e5c5bda5e
0000004a3ffc337b
ffffff0ce486a23f
0000000000000000
000001cccccccccd
00000a0000000000
000000227a1f987b
0000004a18b02c91
ffffff0d6530eccc
0000000000000000
000001cccccccccd
00000a0000000000
0000002690f64f78
00000049ec9cba22
ffffff0df580e85a
0000000000000000
000001cccccccccd
00000a0000000000
0000002aa0201069
00000049bbdbed45
ffffff0e95213c0e
0000000000000000
000001cccccccccd
00000a0000000000
0000002ea6e451b6
00000049868a3a65
ffffff0f43b4bd6f
0000000000000000
000001cccccccccd
00000a0000000000
00000032a4927cce
000000494cc64cd2
ffffff1000d701ef
0000000000000000
000001cccccccccd
00000a0000000000
0000003698826b05
000000490eb0d7e9
ffffff10cc1cf839
0000000000000000
000001cccccccccd
00000a0000000000
0000003a8214d11c
00000048cc6c666a
ffffff11a515879c
0000000000000000
000001cccccccccd
00000a0000000000
0000003e60b39928
00000048861d286e
ffffff128b4a33cd
0000000000000000
000001cccccccccd
00000a0000000000
0000004233d22acd
000000483be8c094
ffffff137e3fc360
0000000000000000
000001cccccccccd
00000a0000000000
00000045faeda1f0
00000047edf610d1
ffffff147d76e74f
0000000000000000
000001cccccccccd
00000a0000000000
00000049b58cf446
000000479c6d0771
ffffff15886ce20a
0000000000000000
000001cccccccccd
00000a0000000000
0000004d6341063b
0000004747766ca3
ffffff169e9c2c89
0000000000000000
000001cccccccccd
00000a0000000000
0000005103a4aff9
00000046ef3bb119
ffffff17bf7d181d
0000000000000000
000001cccccccccd
00000a0000000000
00000054965cb359
0000004693e6bdf6
ffffff18ea866bad
0000000000000000
000001cccccccccd
00000a0000000000
000000581b17a3be
0000004635a1c684
ffffff1a1f2dfb5f
0000000000000000
000001cccccccccd
00000a0000000000
0000005b918dc0e4
00000045d4971be2
ffffff1b5ce939a5
0000000000000000
000001cccccccccd
00000a0000000000
0000005ef980c5c5
0000004570f102fb
ffffff1ca32dc0f0
0000000000000000
000001cccccccccd
00000a0000000000
ffffff9f87ab38cc
00000048031b34aa
ffffff1e123fe106
0000000000000000
000001cccccccccd
00000a0000000000
ffffffa2e724112b
000000486b9ff1b5
ffffff1cca5616c1
0000000000000000
000001cccccccccd
00000a0000000000
ffffffa655280e13
00000048d1856068
ffffff1b8aa66f28
0000000000000000
000001cccccccccd
00000a0000000000
ffffffa9d17d7a9e
00000049349fed4d
ffffff1a53b9a10b
0000000000000000
000001cccccccccd
00000a0000000000
ffffffad5be155bd
0000004994c3e5b5
ffffff192618c52d
0000000000000000
000001cccccccccd
00000a0000000000
ffffffb0f4071cbb
00000049f1c5a1d6
ffffff18024cd225
0000000000000000
000001cccccccccd
00000a0000000000
ffffffb49998a104
0000004a4b79b151
ffffff16e8de10ac
0000000000000000
000001cccccccccd
00000a0000000000
ffffffb84c35ea42
0000004aa1b509e8
ffffff15da53890b
0000000000000000
000001cccccccccd
00000a0000000000
ffffffbc0b7525ec
0000004af44d381d
ffffff14d7326a9f
0000000000000000
000001cccccccccd
00000a0000000000
ffffffbfd6e2a54c
0000004b43189161
ffffff13dffd6e5a
0000000000000000
000001cccccccccd
00000a0000000000
ffffffc3ae00ead2
0000004b8dee677b
ffffff12f534357a
0000000000000000
000001cccccccccd
00000a0000000000
ffffffc79048c783
0000004bd4a73cc8
ffffff121752a5b3
0000000000000000
000001cccccccccd
00000a0000000000
ffffffcb7d298919
0000004c171cf8ca
ffffff1146d04430
0000000000000000
000001cccccccccd
00000a0000000000
ffffffcf7409394c
0000004c552b1ca9
ffffff10841f90e4
0000000000000000
000001cccccccccd
00000a0000000000
ffffffd37444ee7f
0000004c8eaef715
ffffff0fcfad63c3
0000000000000000
000001cccccccccd
00000a0000000000
ffffffd77d312dd9
0000004cc387d70d
ffffff0f29e04d7e
0000000000000000
000001cccccccccd
00000a0000000000
ffffffdb8e1a5eae
0000004cf3973cf7
ffffff0e9317fd6b
0000000000000000
000001cccccccccd
00000a0000000000
ffffffdfa6454ebb
0000004d1ec1098d
ffffff0e0bacae4a
0000000000000000
000001cccccccccd
00000a0000000000
ffffffe3c4efc6a0
0000004d44ebaa1c
ffffff0d93ee9b8d
0000000000000000
000001cccccccccd
00000a0000000000
ffffffe7e9512dc0
0000004d66004179
ffffff0d2c2580c2
0000000000000000
000001cccccccccd
00000a0000000000
ffffffec129b3c54
0000004d81eacd4a
ffffff0cd490249d
0000000000000000
000001cccccccccd
00000a0000000000
fffffff03ffaba83
0000004d989a4720
ffffff0c8d63f121
0000000000000000
000001cccccccccd
00000a0000000000
fffffff470984adf
0000004daa00c100
ffffff0c56cc9a20
0000000000000000
000001cccccccccd
00000a0000000000
fffffff8a3993e9e
0000004db6137cf1
ffffff0c30ebd347
0000000000000000
000001cccccccccd
00000a0000000000
fffffffcd82071b4
0000004dbccaff52
ffffff0c1bd9169c
0000000000000000
000001cccccccccd
00000a0000000000
000000010d4f2cce
0000004dbe231bb6
ffffff0c17a17c2c
0000000000000000
000001cccccccccd
00000a0000000000
0000000542460b12
0000004dba1afc12
ffffff0c2447a385
0000000000000000
000001cccccccccd
00000a0000000000
000000097625e18d
0000004db0b5222c
ffffff0c41c3af25
0000000000000000
000001cccccccccd
00000a0000000000
0000000da810a604
0000004da1f7634d
ffffff0c70035214
0000000000000000
000001cccccccccd
00000a0000000000
00000011d72a5321
0000004d8deade34
ffffff0caee9ef56
0000000000000000
000001cccccccccd
00000a0000000000
000000160299c7b6
0000004d749beb7d
ffffff0cfe50caef
0000000000000000
000001cccccccccd
00000a0000000000
0000001a29899f28
0000004d561a08a0
ffffff0d5e074bb8
0000000000000000
000001cccccccccd
00000a0000000000
0000001e4b290106
0000004d3277bdde
ffffff0dcdd34d38
0000000000000000
000001cccccccccd
00000a0000000000
0000002266ac6602
0000004d09ca7f62
ffffff0e4d71807a
0000000000000000
000001cccccccccd
00000a0000000000
000000267b4e50b7
0000004cdc2a8a02
ffffff0edc95da9b
0000000000000000
000001cccccccccd
00000a0000000000
0000002a884ff8c9
0000004ca9b2bc12
ffffff0f7aec0fc4
0000000000000000
000001cccccccccd
00000a0000000000
0000002e8cf9e72f
0000004c72806ab5
ffffff1028181901
0000000000000000
000001cccccccccd
00000a0000000000
00000032889c82aa
0000004c36b3343e
ffffff10e3b6c370
0000000000000000
000001cccccccccd
00000a0000000000
000000367a908ba6
0000004bf66cd016
ffffff11ad5e471e
0000000000000000
000001cccccccccd
00000a0000000000
0000003a62378702
0000004bb1d0dcc0
ffffff12849ee3ee
0000000000000000
000001cccccccccd
00000a0000000000
0000003e3efc1779
0000004b6904ac6e
ffffff13690382ce
0000000000000000
000001cccccccccd
00000a0000000000
0000004210524597
0000004b1c2f10c7
ffffff145a1259ad
0000000000000000
000001cccccccccd
00000a0000000000
00000045d5b7b660
0000004acb782647
ffffff15574d9079
0000000000000000
000001cccccccccd
00000a0000000000
000000498eb3d109
0000004a77091fce
ffffff166033e5c2
0000000000000000
000001cccccccccd
00000a0000000000
0000004d3ad7d442
0000004a1f0c12c0
ffffff177441516d
0000000000000000
000001cccccccccd
00000a0000000000
00000050d9bedbc8
00000049c3abc42b
ffffff1892efa440
0000000000000000
000001cccccccccd
00000a0000000000
000000546b0dd711
0000004965137752
ffffff19bbb72303
0000000000000000
000001cccccccccd
00000a0000000000
00000057ee737202
00000049036ebdff
ffffff1aee0f1c27
0000000000000000
000001cccccccccd
00000a0000000000
0000005b63a7f0ba
000000489ee94adc
ffffff1c296e76fc
0000000000000000
000001cccccccccd
00000a0000000000
0000005eca6cff97
0000004837aec615
ffffff1d6d4c3bb5
0000000000000000
000001cccccccccd
00000a0000000000
ffffff9fba3c0091
0000004ac2e1cdab
ffffff1ee1a78a92
0000000000000000
000001cccccccccd
00000a0000000000
ffffffa3187ddcad
0000004b2ef16766
ffffff1d9c43db11
0000000000000000
000001cccccccccd
00000a0000000000
ffffffa685361e57
0000004b98491529
ffffff1c5f0fb4b3
0000000000000000
000001cccccccccd
00000a0000000000
ffffffaa002af8a9
0000004bfebbed4c
ffffff1b2a9254d9
0000000000000000
000001cccccccccd
00000a0000000000
ffffffad89196611
0000004c621ce850
ffffff19ff5352ab
0000000000000000
000001cccccccccd
00000a0000000000
ffffffb11fb4f405
0000004cc23f0c3f
ffffff18ddda1ca5
0000000000000000
000001cccccccccd
00000a0000000000
ffffffb4c3a799db
0000004d1ef59a6a
ffffff17c6ad6eb4
0000000000000000
000001cccccccccd
00000a0000000000
ffffffb874919be8
0000004d78143f71
ffffff16ba52c1b2
0000000000000000
000001cccccccccd
00000a0000000000
ffffffbc32097bdd
0000004dcd6f452c
ffffff15b94db501
0000000000000000
000001cccccccccd
00000a0000000000
ffffffbffb9bf779
0000004e1edbc63a
ffffff14c41f7365
0000000000000000
000001cccccccccd
00000a0000000000
ffffffc3d0cc1657
0000004e6c2fe2c3
ffffff13db46141b
0000000000000000
000001cccccccccd
00000a0000000000
ffffffc7b11347a4
0000004eb542f608
ffffff12ff3bf989
0000000000000000
000001cccccccccd
00000a0000000000
ffffffcb9be19052
0000004ef9edcc58
ffffff1230772ed1
0000000000000000
000001cccccccccd
00000a0000000000
ffffffcf909dca2f
0000004f3a0ad8df
ffffff116f68c5c7
0000000000000000
000001cccccccccd
00000a0000000000
ffffffd38ea5f42f
0000004f75766ad3
ffffff10bc7c36cb
0000000000000000
000001cccccccccd
00000a0000000000
ffffffd7954f93d8
0000004fac0ee17a
ffffff101816c42a
0000000000000000
000001cccccccccd
00000a0000000000
ffffffdba3e827c2
0000004fddb4de7c
ffffff0f8296e29a
0000000000000000
000001cccccccccd
00000a0000000000
ffffffdfb9b5aaa6
000000500a4b75ef
ffffff0efc53a881
0000000000000000
000001cccccccccd
00000a0000000000
ffffffe3d5f72670
0000005031b85ba3
ffffff0e859c459d
0000000000000000
000001cccccccccd
00000a0000000000
ffffffe7f7e55675
0000005053e40d14
ffffff0e1eb784ac
0000000000000000
000001cccccccccd
00000a0000000000
ffffffec1eb357a6
0000005070b9f794
ffffff0dc7e35886
0000000000000000
000001cccccccccd
00000a0000000000
fffffff0498f6591
0000005088289a2e
ffffff0d81547613
0000000000000000
000001cccccccccd
00000a0000000000
fffffff477a3a29b
000000509a21a2d3
ffffff0d4b35fc6e
0000000000000000
000001cccccccccd
00000a0000000000
fffffff8a816e9c7
00000050a69a067d
ffffff0d25a92c3c
0000000000000000
000001cccccccccd
00000a0000000000
fffffffcda0da845
00000050ad8a13ed
ffffff0d10c52f34
0000000000000000
000001cccccccccd
00000a0000000000
000000010caabcc6
00000050aeed80d4
ffffff0d0c96f08b
0000000000000000
000001cccccccccd
00000a0000000000
000000053f105a80
00000050aac37128
ffffff0d192106d0
0000000000000000
000001cccccccccd
00000a0000000000
000000097060ede2
00000050a10e78a4
ffffff0d365baf75
0000000000000000
000001cccccccccd
00000a0000000000
0000000d9fc000a6
0000005091d49659
ffffff0d6434dc27
0000000000000000
000001cccccccccd
00000a0000000000
00000011cc531b4f
000000507d1f2a67
ffffff0da29051b4
0000000000000000
000001cccccccccd
00000a0000000000
00000015f542a1ce
0000005062fae609
ffffff0df147d824
0000000000000000
000001cccccccccd
00000a0000000000
0000001a19baa972
000000504377b619
ffffff0e502b7b66
0000000000000000
000001cccccccccd
00000a0000000000
0000001e38ebc61f
000000501ea8a85b
ffffff0ebf01dbb6
0000000000000000
000001cccccccccd
00000a0000000000
00000022520bcd1b
0000004ff4a3cbeb
ffffff0f3d888cb2
0000000000000000
000001cccccccccd
00000a0000000000
0000002664568bd8
0000004fc5820d29
ffffff0fcb748200
0000000000000000
000001cccccccccd
00000a0000000000
0000002a6f0e7150
0000004f915f0d97
ffffff1068728817
0000000000000000
000001cccccccccd
00000a0000000000
0000002e717d28c4
0000004f5858f830
ffffff111427c7d0
0000000000000000
000001cccccccccd
00000a0000000000
000000326af424e7
0000004f1a9052a7
ffffff11ce32531c
0000000000000000
000001cccccccccd
00000a0000000000
000000365acd1ab6
0000004ed827cc26
ffffff129629b959
0000000000000000
000001cccccccccd
00000a0000000000
0000003a406a6b75
0000004e91440a11
ffffff136b9fa196
0000000000000000
000001cccccccccd
00000a0000000000
0000003e1b377d90
0000004e460b735f
ffffff144e20692b
0000000000000000
000001cccccccccd
00000a0000000000
00000041eaa90444
0000004df6a5fb07
ffffff153d33c506
0000000000000000
000001cccccccccd
00000a0000000000
00000045ae3d3638
0000004da33cea0f
ffffff16385d640e
0000000000000000
000001cccccccccd
00000a0000000000
00000049657bf367
0000004d4bfaa9bd
ffffff173f1d913a
0000000000000000
000001cccccccccd
00000a0000000000
0000004d0ff6dac4
0000004cf10a8e5b
ffffff1850f1d3ce
0000000000000000
000001cccccccccd
00000a0000000000
00000050ad495067
0000004c9298a307
ffffff196d558c8b
0000000000000000
000001cccccccccd
00000a0000000000
000000543d1874f5
0000004c30d176e9
ffffff1a93c28e9c
0000000000000000
000001cccccccccd
00000a0000000000
00000057bf130f3a
0000004bcbe1ec32
ffffff1bc3b1b320
0000000000000000
000001cccccccccd
00000a0000000000
0000005b32f16906
0000004b63f70931
ffffff1cfc9b667c
0000000000000000
000001cccccccccd
00000a0000000000
0000005e9875204d
0000004af93dcbb8
ffffff1e3df82e9a
0000000000000000
000001cccccccccd
00000a0000000000
ffffff9fefabcd4a
0000004d7d4c8e96
ffffff1fb765ce82
0000000000000000
000001cccccccccd
00000a0000000000
ffffffa34ca40fb1
0000004decd0682e
ffffff1e74a19845
0000000000000000
000001cccccccccd
00000a0000000000
ffffffa6b7fcdcaf
0000004e5984102a
ffffff1d3a01e500
0000000000000000
000001cccccccccd
00000a0000000000
ffffffaa317c4f4e
0000004ec3395484
ffffff1c080c69a9
0000000000000000
000001cccccccccd
00000a0000000000
ffffffadb8df5e65
0000004f29c1e71c
ffffff1adf472c8c
0000000000000000
000001cccccccccd
00000a0000000000
ffffffb14dd9a98c
0000004f8cef8a31
ffffff19c0380493
0000000000000000
000001cccccccccd
00000a0000000000
ffffffb4f015511e
0000004fec943f58
ffffff18ab641155
0000000000000000
000001cccccccccd
00000a0000000000
ffffffb89f32da4c
00000050488278b7
ffffff17a14f2c9b
0000000000000000
000001cccccccccd
00000a0000000000
ffffffbc5ac92066
00000050a08d4c30
ffffff16a27b5643
0000000000000000
000001cccccccccd
00000a0000000000
ffffffc022655430
00000050f488a82e
ffffff15af681b71
0000000000000000
000001cccccccccd
00000a0000000000
ffffffc3f58b0a34
00000051444989ae
ffffff14c891fa2c
0000000000000000
000001cccccccccd
00000a0000000000
ffffffc7d3b458c2
000000518fa63310
ffffff13ee71c2a4
0000000000000000
000001cccccccccd
00000a0000000000
ffffffcbbc52062c
00000051d676634f
ffffff13217bf778
0000000000000000
000001cccccccccd
00000a0000000000
ffffffcfaecbc7b5
0000005218938d08
ffffff1262202e5c
0000000000000000
000001cccccccccd
00000a0000000000
ffffffd3aa809162
0000005255d90cde
ffffff11b0c872bb
0000000000000000
000001cccccccccd
00000a0000000000
ffffffd7aec6f6ba
000000528e245ea5
ffffff110dd8abca
0000000000000000
000001cccccccccd
00000a0000000000
ffffffdbbaed9c4a
00000052c15550cc
ffffff1079ae07b5
0000000000000000
000001cccccccccd
00000a0000000000
ffffffdfce3bb97a
00000052ef4e357d
ffffff0ff49e6d7b
0000000000000000
000001cccccccccd
00000a0000000000
ffffffe3e7f1aa29
0000005317f410dc
ffffff0f7ef7f713
0000000000000000
000001cccccccccd
00000a0000000000
ffffffe807498f1b
000000533b2ec3df
ffffff0f1900755b
0000000000000000
000001cccccccccd
00000a0000000000
ffffffec2b77fc42
0000005358e93347
ffffff0ec2f4ff58
0000000000000000
000001cccccccccd
00000a0000000000
fffffff053acb383
0000005371116a3b
ffffff0e7d098e11
0000000000000000
000001cccccccccd
00000a0000000000
fffffff47f136a95
000000538398b80c
ffffff0e4768a658
0000000000000000
000001cccccccccd
00000a0000000000
fffffff8acd49a43
000000539073c8dc
ffffff0e2233117a
0000000000000000
000001cccccccccd
00000a0000000000
fffffffcdc165547
00000053979ab8bf
ffffff0e0d7fa5e2
0000000000000000
000001cccccccccd
00000a0000000000
000000010bfd24d5
0000005399092126
ffffff0e095b203f
0000000000000000
000001cccccccccd
00000a0000000000
000000053bace8d5
0000005394be2062
ffffff0e15c80dca
0000000000000000
000001cccccccccd
00000a0000000000
000000096a49b9a7
000000538abc5b22
ffffff0e32bec7ec
0000000000000000
000001cccccccccd
00000a0000000000
0000000d96f8c96c
000000537b09f7f3
ffffff0e602d814e
0000000000000000
000001cccccccccd
00000a0000000000
00000011c0e142a3
0000005365b094c4
ffffff0e9df8642e
0000000000000000
000001cccccccccd
00000a0000000000
00000015e72d221e
000000534abd369a
ffffff0eebf9c18a
0000000000000000
000001cccccccccd
00000a0000000000
0000001a090a0a51
000000532a4033a1
ffffff0f4a025099
0000000000000000
000001cccccccccd
00000a0000000000
0000001e25aa0e13
00000053044d17ef
ffffff0fb7d97da7
0000000000000000
000001cccccccccd
00000a0000000000
000000223c447126
00000052d8fa8542
ffffff10353dc76d
0000000000000000
000001cccccccccd
00000a0000000000
000000264c165ce9
00000052a8620e2e
ffffff10c1e529ac
0000000000000000
000001cccccccccd
00000a0000000000
0000002a546387d9
0000005272a00d23
ffffff115d7d93c0
0000000000000000
000001cccccccccd
00000a0000000000
0000002e5476ceb5
0000005237d377cb
ffffff1207ad69ca
0000000000000000
000001cccccccccd
00000a0000000000
000000324ba2be4e
00000051f81daf50
ffffff12c0140ee0
0000000000000000
000001cccccccccd
00000a0000000000
0000003639420d45
00000051b3a24e04
ffffff13864a76be
0000000000000000
000001cccccccccd
00000a0000000000
0000003a1cb80534
000000516a86f304
ffffff1459e3bd56
0000000000000000
000001cccccccccd
00000a0000000000
0000003df570dafa
000000511cf30c5e
ffffff153a6dc2a8
0000000000000000
000001cccccccccd
00000a0000000000
00000041c2e1f617
00000050cb0fa04a
ffffff162771c954
0000000000000000
000001cccccccccd
00000a0000000000
00000045848a2738
00000050750715fd
ffffff172075164e
0000000000000000
000001cccccccccd
00000a0000000000
0000004939f1ce43
000000501b04fe95
ffffff1824f99049
0000000000000000
000001cccccccccd
00000a0000000000
0000004ce2aaf06c
0000004fbd35de9b
ffffff19347e5d67
0000000000000000
000001cccccccccd
00000a0000000000
000000507e513eee
0000004f5bc6f88b
ffffff1a4e807e02
0000000000000000
000001cccccccccd
00000a0000000000
000000540c8a0f41
0000004ef6e618d1
ffffff1b727b6339
0000000000000000
000001cccccccccd
00000a0000000000
000000578d0445a2
0000004e8ec16387
ffffff1c9fe98062
0000000000000000
000001cccccccccd
00000a0000000000
0000005aff783302
0000004e23872456
ffffff1dd644d651
0000000000000000
000001cccccccccd
00000a0000000000
0000005e63a76755
0000004db565a0b7
ffffff1f150777c9
0000000000000000
000001cccccccccd
00000a0000000000
ffffffa027eba344
000000503225a8d3
ffffff20934fc93d
0000000000000000
000001cccccccccd
00000a0000000000
ffffffa38387e365
00000050a506739b
ffffff1f534352bc
0000000000000000
000001cccccccccd
00000a0000000000
ffffffa6ed6dc036
0000005114ff2323
ffffff1e1b4fee0b
0000000000000000
000001cccccccccd
00000a0000000000
ffffffaa65633cd4
0000005181e04b40
ffffff1cebf9b984
0000000000000000
000001cccccccccd
00000a0000000000
ffffffadeb254d9a
00000051eb7a65ad
ffffff1bc5c51c30
0000000000000000
000001cccccccccd
00000a0000000000
ffffffb17e67a665
00000052519dff9e
ffffff1aa93646dc
0000000000000000
000001cccccccccd
00000a0000000000
ffffffb51ed493bc
00000052b41be9d5
ffffff1996d0ae1e
0000000000000000
000001cccccccccd
00000a0000000000
ffffffb8cc0cdff3
0000005312c56b01
ffffff188f167e07
0000000000000000
000001cccccccccd
00000a0000000000
ffffffbc85a7c554
000000536d6c7410
ffffff1792880854
0000000000000000
000001cccccccccd
00000a0000000000
ffffffc04b32ee26
00000053c3e3d62b
ffffff16a1a32e12
0000000000000000
000001cccccccccd
00000a0000000000
ffffffc41c32838a
0000005415ff79e7
ffffff15bce2c5d3
0000000000000000
000001cccccccccd
00000a0000000000
ffffffc7f8214bb6
000000546394974a
ffffff14e4bdffa5
0000000000000000
000001cccccccccd
00000a0000000000
ffffffcbde70d84b
00000054ac79ee22
ffffff1419a7c814
0000000000000000
000001cccccccccd
00000a0000000000
ffffffcfce89c506
00000054f087fe33
ffffff135c0e2bad
0000000000000000
000001cccccccccd
00000a0000000000
ffffffd3c7cc071d
000000552f993eaf
ffffff12ac59bc65
0000000000000000
000001cccccccccd
00000a0000000000
ffffffd7c98f4d47
00000055698a547a
ffffff120aecfa87
0000000000000000
000001cccccccccd
00000a0000000000
ffffffdbd3237032
000000559e3a468d
ffffff117823c29e
0000000000000000
000001cccccccccd
00000a0000000000
ffffffdfe3d0f31b
00000055cd8ab011
ffffff10f452c1ff
0000000000000000
000001cccccccccd
00000a0000000000
ffffffe3fad993d4
00000055f75fef7a
ffffff107fc6f375
0000000000000000
000001cccccccccd
00000a0000000000
ffffffe81778e966
000000561ba15235
ffffff101ac52597
0000000000000000
000001cccccccccd
00000a0000000000
ffffffec38e5104a
000000563a393c5a
ffffff0fc5898c36
0000000000000000
000001cccccccccd
00000a0000000000
fffffff05e4f62ee
0000005653154bea
ffffff0f80475e2a
0000000000000000
000001cccccccccd
00000a0000000000
fffffff486e53d0f
0000005666267721
ffffff0f4b2880d1
0000000000000000
000001cccccccccd
00000a0000000000
fffffff8b1d0c85f
0000005673612595
ffffff0f264d4227
0000000000000000
000001cccccccccd
00000a0000000000
fffffffcde39d092
000000567abd43a8
ffffff0f11cc227f
0000000000000000
000001cccccccccd
00000a0000000000
000000010b469d0d
000000567c36503b
ffffff0f0db1ae74
0000000000000000
000001cccccccccd
00000a0000000000
00000005381cce20
0000005677cb644a
ffffff0f1a00699e
0000000000000000
000001cccccccccd
00000a0000000000
0000000963e23bd7
000000566d7f347b
ffffff0f36b0ca48
0000000000000000
000001cccccccccd
00000a0000000000
0000000d8dbdd445
000000565d580c81
ffffff0f63b14644
0000000000000000
000001cccccccccd
00000a0000000000
00000011b4d87734
00000056475fc474
ffffff0fa0e670a2
0000000000000000
000001cccccccccd
00000a0000000000
00000015d85dcd48
000000562ba3b037
ffffff0fee2b27ec
0000000000000000
000001cccccccccd
00000a0000000000
00000019f77d188a
000000560a348923
ffffff104b50d45c
0000000000000000
000001cccccccccd
00000a0000000000
0000001e1169fca7
00000055e3265248
ffffff10b81fb52a
0000000000000000
000001cccccccccd
00000a0000000000
00000022255d3d0d
00000055b6903795
ffffff1134573c0f
0000000000000000
000001cccccccccd
00000a0000000000
0000002632956f73
00000055848c6852
ffffff11bfae75ce
0000000000000000
000001cccccccccd
00000a0000000000
0000002a3857a171
000000554d37ed61
ffffff1259d47e7e
0000000000000000
000001cccccccccd
00000a0000000000
0000002e35efefef
0000005510b27bc7
ffffff1302710038
0000000000000000
000001cccccccccd
00000a0000000000
000000322ab20f8c
00000054cf1e4402
ffffff13b924bab2
0000000000000000
000001cccccccccd
00000a0000000000
0000003615f9c533
00000054889fbeb3
ffffff147d8a122d
0000000000000000
000001cccccccccd
00000a0000000000
00000039f72b4e67
000000543d5d773f
ffffff154f35a445
0000000000000000
000001cccccccccd
00000a0000000000
0000003dcdb3b8f8
00000053ed7fd4da
ffffff162db6e0f4
0000000000000000
000001cccccccccd
00000a0000000000
0000004199092a03
000000539930e2a6
ffffff171898a64b
0000000000000000
000001cccccccccd
00000a0000000000
0000004558ab146d
00000053409c175f
ffffff180f61dd63
0000000000000000
000001cccccccccd
00000a0000000000
000000490c225f1b
00000052e3ee1d1b
ffffff1911961706
0000000000000000
000001cccccccccd
00000a0000000000
0000004cb3017b6e
00000052835499a4
ffffff1a1eb626c7
0000000000000000
000001cccccccccd
00000a0000000000
000000504ce46c96
000000521efdf7d2
ffffff1b3640bb36
0000000000000000
000001cccccccccd
00000a0000000000
00000053d970c092
00000051b719325b
ffffff1c57b2f218
0000000000000000
000001cccccccccd
00000a0000000000
0000005758557bb5
000000514bd5a06c
ffffff1d8288e792
0000000000000000
000001cccccccccd
00000a0000000000
0000005ac94af7ac
00000050dd62c469
ffffff1eb63e3f68
0000000000000000
000001cccccccccd
00000a0000000000
0000005e2c12b70d
000000506bf01d12
ffffff1ff24ea780
0000000000000000
000001cccccccccd
00000a0000000000
ffffffa062ebed6d
00000052e139a058
ffffff217539699f
0000000000000000
000001cccccccccd
00000a0000000000
ffffffa3bd19fa92
00000053575f6b82
ffffff2037fbdafa
0000000000000000
000001cccccccccd
00000a0000000000
ffffffa72579ace7
00000053ca8591bb
ffffff1f02cb83b9
0000000000000000
000001cccccccccd
00000a0000000000
ffffffaa9bd0eff8
000000543a7b7b30
ffffff1dd62ade44
0000000000000000
000001cccccccccd
00000a0000000000
ffffffae1fdcb6f5
00000054a7107848
ffffff1cb29ca4d8
0000000000000000
000001cccccccccd
00000a0000000000
ffffffb1b150cc3f
000000551013f037
ffffff1b98a3547c
0000000000000000
000001cccccccccd
00000a0000000000
ffffffb54fd7abce
000000557555921f
ffffff1a88c0a910
0000000000000000
000001cccccccccd
00000a0000000000
ffffffb8fb126966
00000055d6a58880
ffffff1983751335
0000000000000000
000001cccccccccd
00000a0000000000
ffffffbcb298a3a1
0000005633d4aea1
ffffff18893f28e3
0000000000000000
000001cccccccccd
00000a0000000000
ffffffc075f884bc
000000568cb4c79a
ffffff179a9b1195
0000000000000000
000001cccccccccd
00000a0000000000
ffffffc444b6d1e6
00000056e118b6a5
ffffff16b801ef25
0000000000000000
000001cccccccccd
00000a0000000000
ffffffc81e4f09d6
0000005730d4b82c
ffffff15e1e94489
0000000000000000
000001cccccccccd
00000a0000000000
ffffffcc0233931d
000000577bbe9b33
ffffff1518c25bac
0000000000000000
000001cccccccccd
00000a0000000000
ffffffcfefcdfaa7
00000057c1adfa8f
ffffff145cf9abd1
0000000000000000
000001cccccccccd
00000a0000000000
ffffffd3e67f4296
00000058027c7562
ffffff13aef641ee
0000000000000000
000001cccccccccd
00000a0000000000
ffffffd7e5a04182
000000583e05e64a
ffffff130f192c6d
0000000000000000
000001cccccccccd
00000a0000000000
ffffffdbec8211e7
00000058742898bd
ffffff127dbcebf9
0000000000000000
000001cccccccccd
00000a0000000000
ffffffdffa6e915f
00000058a4c57bf2
ffffff11fb34eabd
0000000000000000
000001cccccccccd
00000a0000000000
ffffffe40ea8ef0f
00000058cfc052d1
ffffff1187ccfbb4
0000000000000000
000001cccccccccd
00000a0000000000
ffffffe8286e4863
00000058f4ffe05a
ffffff1123c8e36a
0000000000000000
000001cccccccccd
00000a0000000000
ffffffec46f6532a
00000059146e0ffe
ffffff10cf63ebac
0000000000000000
000001cccccccccd
00000a0000000000
fffffff0697413b7
000000592df81970
ffffff108ad08359
0000000000000000
000001cccccccccd
00000a0000000000
fffffff48f169db3
00000059418e9f77
ffffff105637eb96
0000000000000000
000001cccccccccd
00000a0000000000
fffffff8b709ddfc
000000594f25c971
ffffff1031b9f364
0000000000000000
000001cccccccccd
00000a0000000000
fffffffce0776bd4
0000005956b5571a
ffffff101d6cc26f
0000000000000000
000001cccccccccd
00000a0000000000
000000010a875f8e
000000595838ae70
ffffff10195cb3d0
0000000000000000
000001cccccccccd
00000a0000000000
0000000534612cbd
0000005953aee374
ffffff10258c4131
0000000000000000
000001cccccccccd
00000a0000000000
000000095d2c7de9
00000059491ab9be
ffffff1041f3fea0
0000000000000000
000001cccccccccd
00000a0000000000
0000000d84120fc4
0000005938829fc9
ffffff106e82a715
0000000000000000
000001cccccccccd
00000a0000000000
00000011a83c89d3
0000005921f0a427
ffffff10ab1d3991
0000000000000000
000001cccccccccd
00000a0000000000
00000015c8d952a0
000000590572649a
ffffff10f79f2661
0000000000000000
000001cccccccccd
00000a0000000000
00000019e5195d72
00000058e318f76d
ffffff1153da8c09
0000000000000000
000001cccccccccd
00000a0000000000
0000001dfc31efe3
00000058baf8cf3b
ffffff11bf988300
0000000000000000
000001cccccccccd
00000a0000000000
000000220d5d5d84
000000588d299990
ffffff123a997747
0000000000000000
000001cccccccccd
00000a0000000000
0000002617dbb829
0000005859c618c9
ffffff12c4958edb
0000000000000000
000001cccccccccd
00000a0000000000
0000002a1af3737a
0000005820ebf99d
ffffff135d3d1ba1
0000000000000000
000001cccccccccd
00000a0000000000
0000002e15f1faa3
00000057e2bba4e7
ffffff140439178e
0000000000000000
000001cccccccccd
00000a0000000000
00000032082c3740
000000579f580e25
ffffff14b92ba98f
0000000000000000
000001cccccccccd
00000a0000000000
00000035f0ff08c2
0000005756e67f43
ffffff157bb0b1b4
0000000000000000
000001cccccccccd
00000a0000000000
00000039cfcfabcd
00000057098e6244
ffffff164b5e5b19
0000000000000000
000001cccccccccd
00000a0000000000
0000003da40c114c
00000056b779095a
ffffff1727c5b20b
0000000000000000
000001cccccccccd
00000a0000000000
000000416d2b2516
0000005660d175fa
ffffff1810733cd2
0000000000000000
000001cccccccccd
00000a0000000000
000000452aad0453
0000005605c41f7d
ffffff1904ef95cb
0000000000000000
000001cccccccccd
00000a0000000000
00000048dc1b23df
00000055a67eb9d4
ffffff1a04c0053a
0000000000000000
000001cccccccccd
00000a0000000000
0000004c81086727
00000055432ffcc6
ffffff1b0f6719b2
0000000000000000
000001cccccccccd
00000a0000000000
0000005019112823
00000054dc076c39
ffffff1c24653dac
0000000000000000
000001cccccccccd
00000a0000000000
00000053a3db3121
00000054713521ed
ffffff1d43394949
0000000000000000
000001cccccccccd
00000a0000000000
000000572115a94b
0000005402e99901
ffffff1e6b610f32
0000000000000000
000001cccccccccd
00000a0000000000
0000005a9078f4d2
0000005391557ba4
ffffff1f9c59e3b0
0000000000000000
000001cccccccccd
00000a0000000000
0000005df1c689c1
000000531ca97334
ffffff20d5a11d43
0000000000000000
000001cccccccccd
00000a0000000000
ffffffa0a09c889f
000000558a5758a0
ffffff225cf58de9
0000000000000000
000001cccccccccd
00000a0000000000
ffffffa3f94a6cd2
0000005603a9a11b
ffffff21229ceba2
0000000000000000
000001cccccccccd
00000a0000000000
ffffffa76010febd
0000005679e51eb7
ffffff1ff0453ee6
0000000000000000
000001cccccccccd
00000a0000000000
ffffffaad4b612f6
00000056ecd81cbf
ffffff1ec66f51ab
0000000000000000
000001cccccccccd
00000a0000000000
ffffffae56f69cf8
000000575c50d154
ffffff1da59c24c0
0000000000000000
000001cccccccccd
00000a0000000000
ffffffb1e6868014
00000057c81d8cf2
ffffff1c8e4c74a9
0000000000000000
000001cccccccccd
00000a0000000000
ffffffb583106b0b
00000058300cec8f
ffffff1b810037c7
0000000000000000
000001cccccccccd
00000a0000000000
ffffffb92c35bf64
0000005893ee0e00
ffffff1a7e36168e
0000000000000000
000001cccccccccd
00000a0000000000
ffffffbce18e8561
00000058f390c666
ffffff19866ade87
0000000000000000
000001cccccccccd
00000a0000000000
ffffffc0a2a96d85
000000594ec5da37
ffffff189a18f11d
0000000000000000
000001cccccccccd
00000a0000000000
ffffffc46f0be06f
00000059a55f3688
ffffff17b9b7af2f
0000000000000000
000001cccccccccd
00000a0000000000
ffffffc846321dae
00000059f7302b1c
ffffff16e5bae2a0
0000000000000000
000001cccccccccd
00000a0000000000
ffffffcc278f6a26
0000005a440da4bf
ffffff161e922724
0000000000000000
000001cccccccccd
00000a0000000000
ffffffd0128e4e49
0000005a8bce676e
ffffff1564a85390
0000000000000000
000001cccccccccd
00000a0000000000
ffffffd40690e475
0000005ace4b47ba
ffffff14b862e530
0000000000000000
000001cccccccccd
00000a0000000000
ffffffd802f13761
0000005b0b5f62d4
ffffff141a216e83
0000000000000000
000001cccccccccd
00000a0000000000
ffffffdc0701b072
0000005b42e854b9
ffffff138a3d0ae7
0000000000000000
000001cccccccccd
00000a0000000000
ffffffe0120d9590
0000005b74c66be2
ffffff130907d8ae
0000000000000000
000001cccccccccd
00000a0000000000
ffffffe4235995e5
0000005ba0dcd9e8
ffffff1296cc7b10
0000000000000000
000001cccccccccd
00000a0000000000
ffffffe83a2464ac
0000005bc711e090
ffffff1233cda578
0000000000000000
000001cccccccccd
00000a0000000000
ffffffec55a7610d
0000005be74efaba
ffffff11e045b173
0000000000000000
000001cccccccccd
00000a0000000000
fffffff0751749d6
0000005c018100b4
ffffff119c664099
0000000000000000
000001cccccccccd
00000a0000000000
fffffff497a4fba4
0000005c1598477b
ffffff116857eb80
0000000000000000
000001cccccccccd
00000a0000000000
fffffff8bc7e37e6
0000005c2388ba98
ffffff114439fed0
0000000000000000
000001cccccccccd
00000a0000000000
fffffffce2ce7319
0000005c2b49f02e
ffffff113022473a
0000000000000000
000001cccccccccd
00000a0000000000
0000000109bfa859
0000005c2cd73710
ffffff112c1ced06
0000000000000000
000001cccccccccd
00000a0000000000
00000005307b3067
0000005c282f9e9a
ffffff11382c5fb1
0000000000000000
000001cccccccccd
00000a0000000000
00000009562a9a2a
0000005c1d55f84e
ffffff11544951cf
0000000000000000
000001cccccccccd
00000a0000000000
0000000d79f882bb
0000005c0c50d310
ffffff118062c553
0000000000000000
000001cccccccccd
00000a0000000000
000000119b116ae8
0000005bf52a702e
ffffff11bc5e2806
0000000000000000
000001cccccccccd
00000a0000000000
00000015b8a48858
0000005bd7f0b245
ffffff1208177fd6
0000000000000000
000001cccccccccd
00000a0000000000
00000019d1e49064
0000005bb4b50643
ffffff126361a665
0000000000000000
000001cccccccccd
00000a0000000000
0000001de6087ae0
0000005b8b8c46ce
ffffff12ce069329
0000000000000000
000001cccccccccd
00000a0000000000
00000021f44c3b3d
0000005b5c8e9a6a
ffffff1347c7b31d
0000000000000000
000001cccccccccd
00000a0000000000
00000025fbf16e7a
0000005b27d74cca
ffffff13d05e4cfb
0000000000000000
000001cccccccccd
00000a0000000000
00000029fc3ffca5
0000005aed84a3c5
ffffff14677bf0c8
0000000000000000
000001cccccccccd
00000a0000000000
0000002df486acb4
0000005aadb7b067
ffffff150ccaf165
0000000000000000
000001cccccccccd
00000a0000000000
00000031e41ba9f1
0000005a68941cba
ffffff15bfeee6b6
0000000000000000
000001cccccccccd
00000a0000000000
00000035ca5cfa18
0000005a1e3ff6c4
ffffff16808536f4
0000000000000000
000001cccccccccd
00000a0000000000
00000039a6b0e3c4
00000059cee3795a
ffffff174e25a5a6
0000000000000000
000001cccccccccd
00000a0000000000
0000003d788644d7
000000597aa8d353
ffffff182862e6c9
0000000000000000
000001cccccccccd
00000a0000000000
000000413f54d8c2
0000005921bbedb1
ffffff190ecb34ac
0000000000000000
000001cccccccccd
00000a0000000000
00000044fa9d6ecc
00000058c44a3154
ffffff1a00e8e70b
0000000000000000
000001cccccccccd
00000a0000000000
00000048a9ea109e
0000005862824cad
ffffff1afe430a0c
0000000000000000
000001cccccccccd
00000a0000000000
0000004c4cce1989
00000057fc93fa0a
ffffff1c065df3d6
0000000000000000
000001cccccccccd
00000a0000000000
0000004fe2e63f1e
0000005792afc6d8
ffffff1d18bbd77f
0000000000000000
000001cccccccccd
00000a0000000000
000000536bd88bd3
000000572506dc61
ffffff1e34dd544c
0000000000000000
000001cccccccccd
00000a0000000000
00000056e7544c88
00000056b3caca57
ffffff1f5a42002c
0000000000000000
000001cccccccccd
00000a0000000000
0000005a5511f1e1
000000563f2d5387
ffffff208868eca1
0000000000000000
000001cccccccccd
00000a0000000000
0000005db4d2e667
00000055c7603d00
ffffff21bed12556
0000000000000000
000001cccccccccd
00000a0000000000
ffffffa0e0eccf0c
000000582d501f70
ffffff234a5620e1
0000000000000000
000001cccccccccd
00000a0000000000
ffffffa43808d1f2
00000058a9b5dfd2
ffffff2212f74799
0000000000000000
000001cccccccccd
00000a0000000000
ffffffa79d239502
0000005922ee16df
ffffff20e38cbc8c
0000000000000000
000001cccccccccd
00000a0000000000
ffffffab1002d6ae
0000005998c601fb
ffffff1fbc958d99
0000000000000000
000001cccccccccd
00000a0000000000
ffffffae90638c68
0000005a0b0acc46
ffffff1e9e90f661
0000000000000000
000001cccccccccd
00000a0000000000
ffffffb21df9b4f6
0000005a7989bf01
ffffff1d89fde713
0000000000000000
000001cccccccccd
00000a0000000000
ffffffb5b8703557
0000005ae4107494
ffffff1c7f5a84c0
0000000000000000
000001cccccccccd
00000a0000000000
ffffffb95f68c12f
0000005b4a6d0ddf
ffffff1b7f23a3e7
0000000000000000
000001cccccccccd
00000a0000000000
ffffffbd127bcfb4
0000005bac6e698a
ffffff1a89d43dfa
0000000000000000
000001cccccccccd
00000a0000000000
ffffffc0d1389df1
0000005c09e45cfd
ffffff199fe4e2d1
0000000000000000
000001cccccccccd
00000a0000000000
ffffffc49b253f22
0000005c629fee8b
ffffff18c1cb270c
0000000000000000
000001cccccccccd
00000a0000000000
ffffffc86fbebbd8
0000005cb6739064
ffffff17eff91086
0000000000000000
000001cccccccccd
00000a0000000000
ffffffcc4e79405b
0000005d05335bcf
ffffff172adc8218
0000000000000000
000001cccccccccd
00000a0000000000
ffffffd036c05aa4
0000005d4eb54c25
ffffff1672dea7fa
0000000000000000
000001cccccccccd
00000a0000000000
ffffffd427f74830
0000005d92d17902
ffffff15c8636619
0000000000000000
000001cccccccccd
00000a0000000000
ffffffd821795392
0000005dd1624f18
ffffff152bc8c9da
0000000000000000
000001cccccccccd
00000a0000000000
ffffffdc229a41a5
0000005e0a44c710
ffffff149d6680c2
0000000000000000
000001cccccccccd
00000a0000000000
ffffffe02aa6cdf3
0000005e3d5899ea
ffffff141d8d555a
0000000000000000
000001cccccccccd
00000a0000000000
ffffffe438e535b2
0000005e6a80723b
ffffff13ac86b3eb
0000000000000000
000001cccccccccd
00000a0000000000
ffffffe84c95d095
0000005e91a219d2
ffffff134a943847
0000000000000000
000001cccccccccd
00000a0000000000
ffffffec64f3b660
0000005eb2a6a31e
ffffff12f7ef461b
0000000000000000
000001cccccccccd
00000a0000000000
fffffff08135701e
0000005ecd7a8dfb
ffffff12b4c8ace5
0000000000000000
000001cccccccccd
00000a0000000000
fffffff4a08db386
0000005ee20de74f
ffffff12814858bf
0000000000000000
000001cccccccccd
00000a0000000000
fffffff8c22c271e
0000005ef0546337
ffffff125d8d10f0
0000000000000000
000001cccccccccd
00000a0000000000
fffffffce53e2d62
0000005ef8457150
ffffff1249ac4510
0000000000000000
000001cccccccccd
00000a0000000000
0000000108efb51e
0000005ef9dc4af8
ffffff1245b1e969
0000000000000000
000001cccccccccd
00000a0000000000
000000052c6c0d40
0000005ef517fb42
ffffff1251a0630a
0000000000000000
000001cccccccccd
00000a0000000000
000000094edeba08
0000005ee9fb608e
ffffff126d7083c7
0000000000000000
000001cccccccccd
00000a0000000000
0000000d6f7449ce
0000005ed88d27c4
ffffff1299119633
0000000000000000
000001cccccccccd
00000a0000000000
000000118d5b274c
0000005ec0d7c130
ffffff12d4697975
0000000000000000
000001cccccccccd
00000a0000000000
00000015a7c467a5
0000005ea2e94f39
ffffff131f54cc93
0000000000000000
000001cccccccccd
00000a0000000000
00000019bde49237
0000005e7ed38f1f
ffffff1379a728b1
0000000000000000
000001cccccccccd
00000a0000000000
0000001dcef46097
0000005e54abbc04
ffffff13e32b697f
0000000000000000
000001cccccccccd
00000a0000000000
00000021da31750b
0000005e248a6caf
ffffff145ba402fb
0000000000000000
000001cccccccccd
00000a0000000000
00000025dedf061c
0000005dee8b6c62
ffffff14e2cb6372
0000000000000000
000001cccccccccd
00000a0000000000
00000029dc467de7
0000005db2cd8f43
ffffff157854609b
0000000000000000
000001cccccccccd
00000a0000000000
0000002dd1b80c24
0000005d717282dd
ffffff161beaae81
0000000000000000
000001cccccccccd
00000a0000000000
00000031be8b29ef
0000005d2a9e9b39
ffffff16cd335edf
0000000000000000
000001cccccccccd
00000a0000000000
00000035a21f0ea0
0000005cde789d2e
ffffff178bcd6788
0000000000000000
000001cccccccccd
00000a0000000000
000000397bdb153b
0000005c8d298676
ffffff1857522e64
0000000000000000
000001cccccccccd
00000a0000000000
0000003d4b2f1227
0000005c36dc5417
ffffff192f56198f
0000000000000000
000001cccccccccd
00000a0000000000
000000410f939909
0000005bdbbdc7bb
ffffff1a13692227
0000000000000000
000001cccccccccd
00000a0000000000
00000044c88a32f3
0000005b7bfc2c88
ffffff1b0317686a
0000000000000000
000001cccccccccd
00000a0000000000
00000048759d8514
0000005b17c71bf4
ffffff1bfde9c7c3
0000000000000000
000001cccccccccd
00000a0000000000
0000004c16616868
0000005aaf4f432c
ffffff1d03666985
0000000000000000
000001cccccccccd
00000a0000000000
0000004faa72f2ec
0000005a42c62973
ffffff1e1311551f
0000000000000000
000001cccccccccd
00000a0000000000
0000005331787322
00000059d25df7f1
ffffff1f2c6cfcc7
0000000000000000
000001cccccccccd
00000a0000000000
00000056ab215e9e
000000595e494359
ffffff204efac584
0000000000000000
000001cccccccccd
00000a0000000000
0000005a1726348e
00000058e6bad7b2
ffffff217a3b89df
0000000000000000
000001cccccccccd
00000a0000000000
0000005d75485537
000000586be5869d
ffffff22adb0165f
0000000000000000
000001cccccccccd
00000a0000000000
ffffffa123cba3c9
0000005ac9f7b575
ffffff243d2c36e7
0000000000000000
000001cccccccccd
00000a0000000000
ffffffa479444d6a
0000005b495775dc
ffffff2308dad826
0000000000000000
000001cccccccccd
00000a0000000000
ffffffa7dca0ddab
0000005bc5735988
ffffff21dc70bce7
0000000000000000
000001cccccccccd
00000a0000000000
ffffffab4da6fde7
0000005c3e179f1b
ffffff20b86b2c2f
0000000000000000
000001cccccccccd
00000a0000000000
ffffffaecc13a75c
0000005cb310761e
ffffff1f9d479194
0000000000000000
000001cccccccccd
00000a0000000000
ffffffb2579af6f4
0000005d242a3039
ffffff1e8b83060d
0000000000000000
000001cccccccccd
00000a0000000000
ffffffb5efe80b6c
0000005d9131750e
ffffff1d8399d27e
0000000000000000
000001cccccccccd
00000a0000000000
ffffffb9949ceeeb
0000005df9f37858
ffffff1c8606eca5
0000000000000000
000001cccccccccd
00000a0000000000
ffffffbd45528cdd
0000005e5e3e3218
ffffff1b93436f2e
0000000000000000
000001cccccccccd
00000a0000000000
ffffffc10198b4f9
0000005ebde09854
ffffff1aabc60ddf
0000000000000000
000001cccccccccd
00000a0000000000
ffffffc4c8f62c24
0000005f18aada18
ffffff19d00286d5
0000000000000000
000001cccccccccd
00000a0000000000
ffffffc89ae8cbda
0000005f6e6e9b2d
ffffff19006911e6
0000000000000000
000001cccccccccd
00000a0000000000
ffffffcc76e5b08d
0000005fbeff301a
ffffff183d65cf72
0000000000000000
000001cccccccccd
00000a0000000000
ffffffd05c597762
000000600a31d9db
ffffff17876037d1
0000000000000000
000001cccccccccd
00000a0000000000
ffffffd44aa88b65
000000604fde00c5
ffffff16deba8cca
0000000000000000
000001cccccccccd
00000a0000000000
ffffffd8412f8243
000000608fdd6e03
ffffff1643d14e65
0000000000000000
000001cccccccccd
00000a0000000000
ffffffdc3f43884c
00000060ca0c831a
ffffff15b6fab48d
0000000000000000
000001cccccccccd
00000a0000000000
ffffffe04432db58
00000060fe4a6edd
ffffff1538862eeb
0000000000000000
000001cccccccccd
00000a0000000000
ffffffe44f455405
000000612c795f34
ffffff14c8bbec56
0000000000000000
000001cccccccccd
00000a0000000000
ffffffe85fbcfc69
00000061547eaf3c
ffffff1467dc6b44
0000000000000000
000001cccccccccd
00000a0000000000
ffffffec74d6b35a
000000617643111f
ffffff141620146c
0000000000000000
000001cccccccccd
00000a0000000000
fffffff08dcadb06
0000006191b2b33a
ffffff13d3b6e0e7
0000000000000000
000001cccccccccd
00000a0000000000
fffffff4a9ce1190
00000061a6bd6015
ffffff13a0c80ccd
0000000000000000
000001cccccccccd
00000a0000000000
fffffff8c811f22f
00000061b55698c7
ffffff137d71d74a
0000000000000000
000001cccccccccd
00000a0000000000
fffffffce7c5dd2e
00000061bd75a97f
ffffff1369c950f8
0000000000000000
000001cccccccccd
00000a0000000000
000000010817c50c
00000061bf15b7dd
ffffff1365da3916
0000000000000000
000001cccccccccd
00000a0000000000
000000052834feea
00000061ba35cb01
ffffff1371a6ea11
0000000000000000
000001cccccccccd
00000a0000000000
00000009474b1467
00000061aed8cd25
ffffff138d28559d
0000000000000000
000001cccccccccd
00000a0000000000
0000000d64889505
000000619d0586ca
ffffff13b84e1066
0000000000000000
000001cccccccccd
00000a0000000000
000000117f1de528
0000006184c6937d
ffffff13f2fe6d3f
0000000000000000
000001cccccccccd
00000a0000000000
00000015963e08e1
00000061662a505c
ffffff143d16a769
0000000000000000
000001cccccccccd
00000a0000000000
00000019a91f68b3
000000614142c49f
ffffff14966b1b72
0000000000000000
000001cccccccccd
00000a0000000000
0000001db6fc8ea3
0000006116258457
ffffff14fec78df7
0000000000000000
000001cccccccccd
00000a0000000000
00000021bf14da04
00000060e4eb8dd2
ffffff1575ef7f68
0000000000000000
000001cccccccccd
00000a0000000000
00000025c0ad2888
00000060adb12210
ffffff15fb9e8bc7
0000000000000000
000001cccccccccd
00000a0000000000
00000029bb107366
00000060709598b6
ffffff168f88d54b
0000000000000000
000001cccccccccd
00000a0000000000
0000002dad905f6d
000000602dbb3007
ffffff17315b7896
0000000000000000
000001cccccccccd
00000a0000000000
000000319785bf27
0000005fe546d976
ffffff17e0bd093d
0000000000000000
000001cccccccccd
00000a0000000000
0000003578510666
0000005f97600355
ffffff189d4e1538
0000000000000000
000001cccccccccd
00000a0000000000
000000394f5aaea2
0000005f44306048
ffffff1966a9add4
0000000000000000
000001cccccccccd
00000a0000000000
0000003d1c138bf8
0000005eebe3acf9
ffffff1a3c65f4bb
0000000000000000
000001cccccccccd
00000a0000000000
00000040ddf5129e
0000005e8ea774be
ffffff1b1e14abae
0000000000000000
000001cccccccccd
00000a0000000000
0000004494818ceb
0000005e2caad5ad
ffffff1c0b43c58e
0000000000000000
000001cccccccccd
00000a0000000000
000000483f44422c
0000005dc61e44a9
ffffff1d037df76f
0000000000000000
000001cccccccccd
00000a0000000000
0000004bddd18eb8
0000005d5b3351ff
ffffff1e064b4866
0000000000000000
000001cccccccccd
00000a0000000000
0000004f6fc6edcf
0000005cec1c6ef2
ffffff1f13319efc
0000000000000000
000001cccccccccd
00000a0000000000
00000052f4caf5f2
0000005c790cb4b9
ffffff2029b54b2d
0000000000000000
000001cccccccccd
00000a0000000000
000000566c8d487c
0000005c0237ad52
ffffff2149598bfe
0000000000000000
000001cccccccccd
00000a0000000000
00000059d6c6756a
0000005b87d11e76
ffffff2271a10fdb
0000000000000000
000001cccccccccd
00000a0000000000
0000005d3337d42c
0000005b0a0cd70b
ffffff23a20e6efa
0000000000000000
000001cccccccccd
00000a0000000000
ffffffa169277e65
0000005d602454be
ffffff2535482ae8
0000000000000000
000001cccccccccd
00000a0000000000
ffffffa4bceb99e4
0000005de2643aa0
ffffff240416cae3
0000000000000000
000001cccccccccd
00000a0000000000
ffffffa81e77e0c8
0000005e614a5ee2
ffffff22dabf426c
0000000000000000
000001cccccccccd
00000a0000000000
ffffffab8d91e895
0000005edca210aa
ffffff21b9bd07c6
0000000000000000
000001cccccccccd
00000a0000000000
ffffffaf09f6b060
0000005f54369371
ffffff20a18bac88
0000000000000000
000001cccccccccd
00000a0000000000
ffffffb2935a75fd
0000005fc7d35104
ffffff1f92a66880
0000000000000000
000001cccccccccd
00000a0000000000
ffffffb629689582
0000006037440e19
ffffff1e8d879e77
0000000000000000
000001cccccccccd
00000a0000000000
ffffffb9cbc373fd
00000060a2552132
ffffff1d92a85b98
0000000000000000
000001cccccccccd
00000a0000000000
ffffffbd7a04764a
0000006108d3ab83
ffffff1ca27fd21a
0000000000000000
000001cccccccccd
00000a0000000000
ffffffc133bc04d6
000000616a8dd370
ffffff1bbd82d032
0000000000000000
000001cccccccccd
00000a0000000000
ffffffc4f8719d0d
00000061c7530045
ffffff1ae4233431
0000000000000000
000001cccccccccd
00000a0000000000
ffffffc8c7a3f102
000000621ef4169a
ffffff1a16cf5eed
0000000000000000
000001cccccccccd
00000a0000000000
ffffffcca0c915cd
000000627143b505
ffffff1955f1a5a1
0000000000000000
000001cccccccccd
00000a0000000000
ffffffd0834ec0fc
00000062be16706c
ffffff18a1efc482
0000000000000000
000001cccccccccd
00000a0000000000
ffffffd46e9a952f
0000006305430f8d
ffffff17fb2a5352
0000000000000000
000001cccccccccd
00000a0000000000
ffffffd8620a7de8
0000006346a2c50a
ffffff1761fc3d53
0000000000000000
000001cccccccccd
00000a0000000000
ffffffdc5cf51a52
0000006382116773
ffffff16d6ba3df7
0000000000000000
000001cccccccccd
00000a0000000000
ffffffe05eaa36a4
00000063b76da6ba
ffffff1659b263ab
0000000000000000
000001cccccccccd
00000a0000000000
ffffffe466735383
00000063e6993e6f
ffffff15eb2b9a1a
0000000000000000
000001cccccccccd
00000a0000000000
ffffffe873943a99
000000640f792441
ffffff158b653d33
0000000000000000
000001cccccccccd
00000a0000000000
ffffffec854b9f75
0000006431f5b239
ffffff153a96b640
0000000000000000
000001cccccccccd
00000a0000000000
fffffff09ad3cb78
000000644dfacc2b
ffffff14f8ef2421
0000000000000000
000001cccccccccd
00000a0000000000
fffffff4b363539c
000000646377fff1
ffffff14c6950fcb
0000000000000000
000001cccccccccd
00000a0000000000
fffffff8ce2dd679
000000647260a00a
ffffff14a3a62dec
0000000000000000
000001cccccccccd
00000a0000000000
fffffffcea64c114
000000647aabd844
ffffff1490372e72
0000000000000000
000001cccccccccd
00000a0000000000
00000001073818a1
000000647c54bc3d
ffffff148c539aa3
0000000000000000
000001cccccccccd
00000a0000000000
0000000523d7478f
00000064775a4f78
ffffff1497fdc21a
0000000000000000
000001cccccccccd
00000a0000000000
000000093f71ebef
000000646bbf8701
ffffff14b32eb6f9
0000000000000000
000001cccccccccd
00000a0000000000
0000000d5938a563
00000064598b448d
ffffff14ddd65955
0000000000000000
000001cccccccccd
00000a0000000000
00000011705de0c8
0000006440c84b28
ffffff1517db71b7
0000000000000000
000001cccccccccd
00000a0000000000
0000001584169faf
0000006421852d9d
ffffff15611bda5c
0000000000000000
000001cccccccccd
00000a0000000000
00000019939b3a00
00000063fbd436c4
ffffff15b96cb6b7
0000000000000000
000001cccccccccd
00000a0000000000
0000001d9e28180f
00000063cfcb4c0d
ffffff16209ab878
0000000000000000
000001cccccccccd
00000a0000000000
00000021a2fe63a4
000000639d83ca98
ffffff16966a7151
0000000000000000
000001cccccccccd
00000a0000000000
00000025a164ae89
00000063651a5f55
ffffff171a98b070
0000000000000000
000001cccccccccd
00000a0000000000
0000002998a78d68
0000006326aeda93
ffffff17acdaea96
0000000000000000
000001cccccccccd
00000a0000000000
0000002d881a25e0
00000062e263ff8e
ffffff184cdfab9d
0000000000000000
000001cccccccccd
00000a0000000000
000000316f16af03
00000062985f5088
ffffff18fa4f1018
0000000000000000
000001cccccccccd
00000a0000000000
000000354cfee377
0000006248c8d7f8
ffffff19b4cb45c9
0000000000000000
000001cccccccccd
00000a0000000000
00000039213c64ca
00000061f3caef68
ffffff1a7bf11174
0000000000000000
000001cccccccccd
00000a0000000000
0000003ceb410fb0
000000619992049a
ffffff1b4f5858cc
0000000000000000
000001cccccccccd
00000a0000000000
00000040aa874104
000000613a4c5d8b
ffffff1c2e94af08
0000000000000000
000001cccccccccd
00000a0000000000
000000445e920ba5
00000060d629dbde
ffffff1d1935e2d1
0000000000000000
000001cccccccccd
00000a0000000000
0000004806ed5f73
000000606d5bc040
ffffff1e0ec88c46
0000000000000000
000001cccccccccd
00000a0000000000
0000004ba32e21c4
0000006000146e4a
ffffff1f0ed699dc
0000000000000000
000001cccccccccd
00000a0000000000
0000004f32f237e6
0000005f8e873159
ffffff2018e7daf7
0000000000000000
000001cccccccccd
00000a0000000000
00000052b5e08459
0000005f18e802d1
ffffff212c828738
0000000000000000
000001cccccccccd
00000a0000000000
000000562ba8d773
0000005e9f6b522a
ffffff22492bc192
0000000000000000
000001cccccccccd
00000a0000000000
000000599403d464
0000005e2245cf2c
ffffff236e68164a
0000000000000000
000001cccccccccd
00000a0000000000
0000005ceeb2cb6c
0000005da1ac3699
ffffff249bbbf335
0000000000000000
000001cccccccccd
00000a0000000000
ffffffa1b0ee7682
0000005fefaeb51d
ffffff263279bb1c
0000000000000000
000001cccccccccd
00000a0000000000
ffffffa502ed14c1
0000006074b492e9
ffffff250479af70
0000000000000000
000001cccccccccd
00000a0000000000
ffffffa862974be7
00000060f64b3c02
ffffff23de45b06f
0000000000000000
000001cccccccccd
00000a0000000000
ffffffabcfb29f21
00000061743d1f67
ffffff22c0575a91
0000000000000000
000001cccccccccd
00000a0000000000
ffffffaf49fc1586
00000061ee54a41f
ffffff21ab285c5e
0000000000000000
000001cccccccccd
00000a0000000000
ffffffb2d12810c2
00000062645c5be3
ffffff209f320373
0000000000000000
000001cccccccccd
00000a0000000000
ffffffb664e22deb
00000062d61f3865
ffffff1f9cecc38c
0000000000000000
000001cccccccccd
00000a0000000000
ffffffba04cd3160
000000634368c2dc
ffffff1ea4cfb864
0000000000000000
000001cccccccccd
00000a0000000000
ffffffbdb082fe97
00000063ac055593
ffffff1db750230a
0000000000000000
000001cccccccccd
00000a0000000000
ffffffc167949ca5
000000640fc25711
ffffff1cd4e0e39e
0000000000000000
000001cccccccccd
00000a0000000000
ffffffc5298a4829
000000646e6e7662
ffffff1bfdf1f05d
0000000000000000
000001cccccccccd
00000a0000000000
ffffffc8f5e3933a
00000064c7d9e825
ffffff1b32efcb1d
0000000000000000
000001cccccccccd
00000a0000000000
ffffffcccc1793c3
000000651bd6a3c3
ffffff1a7442f644
0000000000000000
000001cccccccccd
00000a0000000000
ffffffd0ab952097
000000656a38a055
ffffff19c24f6a88
0000000000000000
000001cccccccccd
00000a0000000000
ffffffd493c31d7b
00000065b2d610a8
ffffff191d740eb6
0000000000000000
000001cccccccccd
00000a0000000000
ffffffd88400d5f8
00000065f5879dc6
ffffff18860a32c6
0000000000000000
000001cccccccccd
00000a0000000000
ffffffdc7ba666ea
0000006632289f73
ffffff17fc650fa1
0000000000000000
000001cccccccccd
00000a0000000000
ffffffe07a05364f
0000006668975200
ffffff1780d14ce9
0000000000000000
000001cccccccccd
00000a0000000000
ffffffe47e6878c1
0000006698b508ec
ffffff1713948e0c
0000000000000000
000001cccccccccd
00000a0000000000
ffffffe88815c3eb
00000066c2665db9
ffffff16b4ed07f9
0000000000000000
000001cccccccccd
00000a0000000000
ffffffec964dace9
00000066e5935a66
ffffff166511209c
0000000000000000
000001cccccccccd
00000a0000000000
fffffff0a84c718c
0000006702279f2c
ffffff16242f194a
0000000000000000
000001cccccccccd
00000a0000000000
fffffff4bd4aab28
00000067181282e3
ffffff15f26cc521
0000000000000000
000001cccccccccd
00000a0000000000
fffffff8d47e0981
0000006727472dd2
ffffff15cfe74c33
0000000000000000
000001cccccccccd
00000a0000000000
fffffffced1a1447
000000672fbcae79
ffffff15bcb2fc54
0000000000000000
000001cccccccccd
00000a0000000000
000000010650f17b
00000067316e0825
ffffff15b8db27fc
0000000000000000
000001cccccccccd
00000a0000000000
000000051f542efa
000000672c5a3b17
ffffff15c46213cc
0000000000000000
000001cccccccccd
00000a0000000000
0000000937558d61
0000006720844624
ffffff15df40f2d3
0000000000000000
000001cccccccccd
00000a0000000000
0000000d4d87ca7d
000000670df321d3
ffffff160967f1ae
0000000000000000
000001cccccccccd
00000a0000000000
00000011611f6983
00000066f4b1b4f8
ffffff1642be5064
0000000000000000
000001cccccccccd
00000a0000000000
000000157153772c
00000066d4cec2fd
ffffff168b228a96
0000000000000000
000001cccccccccd
00000a0000000000
000000197d5e4827
00000066ae5cd411
ffffff16e26a8da1
0000000000000000
000001cccccccccd
00000a0000000000
0000001d847e3021
000000668172177b
ffffff174863fbea
0000000000000000
000001cccccccccd
00000a0000000000
0000002185f62ffc
000000664e284082
ffffff17bcd47c9d
0000000000000000
000001cccccccccd
00000a0000000000
00000025810e99c7
00000066149c5e3d
ffffff183f7a16d6
0000000000000000
000001cccccccccd
00000a0000000000
000000297515a94a
00000065d4eeaedf
ffffff18d00b9732
0000000000000000
000001cccccccccd
00000a0000000000
0000002d61601018
000000658f426ee7
ffffff196e38fe92
0000000000000000
000001cccccccccd
00000a0000000000
000000314549744d
0000006543bda4d8
ffffff1a19abf8d6
0000000000000000
000001cccccccccd
00000a0000000000
000000352034e147
00000064f288e9fb
ffffff1ad2085a42
0000000000000000
000001cccccccccd
00000a0000000000
00000038f18d29e3
000000649bcf30c7
ffffff1b96eca23a
0000000000000000
000001cccccccccd
00000a0000000000
0000003cb8c53bf0
000000643fbd898e
ffffff1c67f281ff
0000000000000000
000001cccccccccd
00000a0000000000
00000040755864b8
00000063de82e5f2
ffffff1d44af6619
0000000000000000
000001cccccccccd
00000a0000000000
0000004426ca86b4
00000063784fdbc4
ffffff1e2cb5011e
0000000000000000
000001cccccccccd
00000a0000000000
00000047cca840a4
000000630d5667d3
ffffff1f1f91d6a1
0000000000000000
000001cccccccccd
00000a0000000000
0000004b6687066a
000000629dc9b130
ffffff201cd1c510
0000000000000000
000001cccccccccd
00000a0000000000
0000004ef4052c2f
0000006229ddcd68
ffffff2123fe8d74
0000000000000000
000001cccccccccd
00000a0000000000
0000005274c9e478
00000061b1c7861a
ffffff2234a057ff
0000000000000000
000001cccccccccd
00000a0000000000
00000055e88531e0
0000006135bc2060
ffffff234e3e348e
0000000000000000
000001cccccccccd
00000a0000000000
000000594eefcd57
00000060b5f12659
ffffff24705e964d
0000000000000000
000001cccccccccd
00000a0000000000
0000005ca7cb01c2
00000060329c332d
ffffff259a87c9bf
