0000000000000794
0000000000000007
0000000000a7c5ac
0000010000000000
0000030000000000
fffff60000000000
0000040000000000
fffffd0000000000
0000024ccccccccd
fffffb0000000000
00000028f5c28f5c
fffffc999999999a
0000024ccccccccd
fffffb0000000000
00000028f5c28f5c
fffffc3333333333
0000024ccccccccd
fffffb0000000000
00000028f5c28f5c
fffffbcccccccccd
0000024ccccccccd
fffffb0000000000
00000028f5c28f5c
fffffb6666666666
0000024ccccccccd
fffffb0000000000
00000028f5c28f5c
fffffb0000000000
0000024ccccccccd
fffffb0000000000
00000028f5c28f5c
fffffdcfd81676b1
000000cccccccccd
0000048f3df362bc
000000bc233c80ac
000000aaac1cf76f
0000001fcc971b92
fffffdcfd81676b1
000000cccccccccd
0000048f3df362bc
ffffffec875ee0a1
000000f741c3ada1
0000003f691b9eee
fffffde67a060a76
000000cccccccccd
0000048f3df362bc
000000bbe6431017
000000aaecfba067
0000001fd8ad369f
fffffde67a060a76
000000cccccccccd
0000048f3df362bc
ffffffec4f4a664e
000000f73d98e30d
0000003f680a0917
fffffdfd1bf59e3c
000000cccccccccd
0000048f3df362bc
000000bba903fc79
000000ab2df67e5a
0000001fe4c89311
fffffdfd1bf59e3c
000000cccccccccd
0000048f3df362bc
ffffffec1738c5d8
000000f739624e01
0000003f66f56d25
fffffe13bde53201
000000cccccccccd
0000048f3df362bc
000000bb6b7ef285
000000ab6f0d8118
0000001ff0e92de3
fffffe13bde53201
000000cccccccccd
0000048f3df362bc
ffffffebdf2a0729
000000f7351ff051
0000003f65ddcb90
fffffe2a5fd4c5c6
000000cccccccccd
0000048f3df362bc
000000bb2db39ea9
000000abb04097fc
0000001ffd0f03fc
fffffe2a5fd4c5c6
000000cccccccccd
0000048f3df362bc
ffffffeba71e322d
000000f730d1cbd3
0000003f64c324d1
fffffe4101c4598b
000000cccccccccd
0000048f3df362bc
000000baefa1ad09
000000abf18fb1f5
00000020093a122d
fffffe4101c4598b
000000cccccccccd
0000048f3df362bc
ffffffeb6f154ecb
000000f72c77e265
0000003f63a57962
fffffe57a3b3ed50
000000cccccccccd
0000048f3df362bc
000000bab148c984
000000ac32fabd7c
00000020156a5532
fffffe57a3b3ed50
000000cccccccccd
0000048f3df362bc
ffffffeb370f64e8
000000f7281235e6
0000003f6284c9be
fffffe6e45a38115
000000cccccccccd
0000048f3df362bc
000000ba72a89fb2
000000ac7481a89a
00000020219fc9b3
fffffe6e45a38115
000000cccccccccd
0000048f3df362bc
ffffffeaff0c7c69
000000f723a0c83f
0000003f61611663
fffffe84e79314da
000000cccccccccd
0000048f3df362bc
000000ba33c0dae6
000000acb62460e1
000000202dda6c41
fffffe84e79314da
000000cccccccccd
0000048f3df362bc
ffffffeac70c9d2e
000000f71f239b59
0000003f603a5fcd
fffffe9b8982a89f
000000cccccccccd
0000048f3df362bc
000000b9f491262c
000000acf7e2d36d
000000203a1a3956
fffffe9b8982a89f
000000cccccccccd
0000048f3df362bc
ffffffea8f0fcf17
000000f71a9ab125
0000003f5f10a67d
fffffeb22b723c65
000000cccccccccd
0000048f3df362bc
000000b9b5192c4b
000000ad39bcece5
00000020465f2d58
fffffeb22b723c65
000000cccccccccd
0000048f3df362bc
ffffffea57161a01
000000f716060b98
0000003f5de3eaf2
fffffec8cd61d02a
000000cccccccccd
0000048f3df362bc
000000b9755897c6
000000ad7bb29975
0000002052a94495
fffffec8cd61d02a
000000cccccccccd
0000048f3df362bc
ffffffea1f1f85c7
000000f71165acab
0000003f5cb42daf
fffffedf6f5163ef
000000cccccccccd
0000048f3df362bc
000000b9354f12dc
000000adbdc3c4d2
000000205ef87b44
fffffedf6f5163ef
000000cccccccccd
0000048f3df362bc
ffffffe9e72c1a42
000000f70cb9965e
0000003f5b816f37
fffffef61140f7b4
000000cccccccccd
0000048f3df362bc
000000b8f4fc4787
000000adfff05a35
000000206b4ccd88
fffffef61140f7b4
000000cccccccccd
0000048f3df362bc
ffffffe9af3bdf47
000000f70801cab3
0000003f5a4bb00c
ffffff0cb3308b79
000000cccccccccd
0000048f3df362bc
000000b8b45fdf7e
000000ae42384458
0000002077a63769
ffffff0cb3308b79
000000cccccccccd
0000048f3df362bc
ffffffe9774edcac
000000f7033e4bb2
0000003f5912f0b6
ffffff2355201f3e
000000cccccccccd
0000048f3df362bc
000000b873798436
000000ae849b6d7c
000000208404b4db
ffffff2355201f3e
000000cccccccccd
0000048f3df362bc
ffffffe93f651a41
000000f6fe6f1b6a
0000003f57d731bb
ffffff39f70fb303
000000cccccccccd
0000048f3df362bc
000000b83248dee0
000000aec719bf5f
00000020906841b6
ffffff39f70fb303
000000cccccccccd
0000048f3df362bc
ffffffe9077e9fd7
000000f6f9943bec
0000003f569873a2
ffffff5098ff46c8
000000cccccccccd
0000048f3df362bc
000000b7f0cd986f
000000af09b32343
000000209cd0d9c0
ffffff5098ff46c8
000000cccccccccd
0000048f3df362bc
ffffffe8cf9b753a
000000f6f4adaf4e
0000003f5556b6f5
ffffff673aeeda8d
000000cccccccccd
0000048f3df362bc
000000b7af075990
000000af4c6781e4
00000020a93e78a1
ffffff673aeeda8d
000000cccccccccd
0000048f3df362bc
ffffffe897bba235
000000f6efbb77ac
0000003f5411fc3e
ffffff7ddcde6e53
000000cccccccccd
0000048f3df362bc
000000b76cf5cab3
000000af8f36c37f
00000020b5b119ed
ffffff7ddcde6e53
000000cccccccccd
0000048f3df362bc
ffffffe85fdf2e90
000000f6eabd9727
0000003f52ca4409
ffffff947ece0218
000000cccccccccd
0000048f3df362bc
000000b72a989405
000000afd220cfc9
00000020c228b91e
ffffff947ece0218
000000cccccccccd
0000048f3df362bc
ffffffe828062212
000000f6e5b40fe4
0000003f517f8ee2
ffffffab20bd95dd
000000cccccccccd
0000048f3df362bc
000000b6e7ef5d77
000000b015258df6
00000020cea55193
ffffffab20bd95dd
000000cccccccccd
0000048f3df362bc
ffffffe7f030847e
000000f6e09ee40d
0000003f5031dd58
ffffffc1c2ad29a2
000000cccccccccd
0000048f3df362bc
000000b6a4f9ceb9
000000b05844e4af
00000020db26de95
ffffffc1c2ad29a2
000000cccccccccd
0000048f3df362bc
ffffffe7b85e5d96
000000f6db7e15cf
0000003f4ee12ff9
ffffffd8649cbd67
000000cccccccccd
0000048f3df362bc
000000b661b78f3c
000000b09b7eba17
00000020e7ad5b51
ffffffd8649cbd67
000000cccccccccd
0000048f3df362bc
ffffffe7808fb517
000000f6d651a760
0000003f4d8d8758
ffffffef068c512c
000000cccccccccd
0000048f3df362bc
000000b61e284636
000000b0ded2f3c6
00000020f438c2de
ffffffef068c512c
000000cccccccccd
0000048f3df362bc
ffffffe748c492be
000000f6d1199af6
0000003f4c36e404
00000005a87be4f1
000000cccccccccd
0000048f3df362bc
000000b5da4b9a9e
000000b1224176ca
0000002100c91034
00000005a87be4f1
000000cccccccccd
0000048f3df362bc
ffffffe710fcfe45
000000f6cbd5f2cf
0000003f4add4691
0000001c4a6b78b6
000000cccccccccd
0000048f3df362bc
000000b59621332f
000000b165ca27a5
000000210d5e3e36
0000001c4a6b78b6
000000cccccccccd
0000048f3df362bc
ffffffe6d938ff63
000000f6c686b12d
0000003f4980af93
00000032ec5b0c7c
000000cccccccccd
0000048f3df362bc
000000b551a8b66a
000000b1a96cea49
0000002119f847a8
00000032ec5b0c7c
000000cccccccccd
0000048f3df362bc
ffffffe6a1789dcc
000000f6c12bd855
0000003f48211fa0
000000498e4aa041
000000cccccccccd
0000048f3df362bc
000000b50ce1ca93
000000b1ed29a21a
0000002126972736
000000498e4aa041
000000cccccccccd
0000048f3df362bc
ffffffe669bbe132
000000f6bbc56a93
0000003f46be974e
00000060303a3406
000000cccccccccd
0000048f3df362bc
000000b4c7cc15b7
000000b2310031ec
00000021333ad772
00000060303a3406
000000cccccccccd
0000048f3df362bc
ffffffe63202d146
000000f6b6536a37
0000003f45591734
00000076d229c7cb
000000cccccccccd
0000048f3df362bc
000000b482673da6
000000b274f07c01
000000213fe352cf
00000076d229c7cb
000000cccccccccd
0000048f3df362bc
ffffffe5fa4d75b3
000000f6b0d5d994
0000003f43f09fed
0000008d74195b90
000000cccccccccd
0000048f3df362bc
000000b43cb2e7fa
000000b2b8fa6207
000000214c9093a9
0000008d74195b90
000000cccccccccd
0000048f3df362bc
ffffffe5c29bd624
000000f6ab4cbb04
0000003f42853211
000000a41608ef55
000000cccccccccd
0000048f3df362bc
000000b3f6aeba16
000000b2fd1dc516
000000215942943c
000000a41608ef55
000000cccccccccd
0000048f3df362bc
ffffffe58aedfa41
000000f6a5b810e5
0000003f4116ce3c
000000bab7f8831a
000000cccccccccd
0000048f3df362bc
000000b3b05a5922
000000b3415a85b0
0000002165f94eab
000000bab7f8831a
000000cccccccccd
0000048f3df362bc
ffffffe55343e9ae
000000f6a017dd99
0000003f3fa5750b
000000d159e816df
000000cccccccccd
0000048f3df362bc
000000b369b56a15
000000b385b083c2
0000002172b4bcfc
000000d159e816df
000000cccccccccd
0000048f3df362bc
ffffffe51b9dac0e
000000f69a6c2387
0000003f3e31271c
000000e7fbd7aaa4
000000cccccccccd
0000048f3df362bc
000000b322bf91ad
000000b3ca1f9e9c
000000217f74d918
000000e7fbd7aaa4
000000cccccccccd
0000048f3df362bc
ffffffe4e3fb4900
000000f694b4e51a
0000003f3cb9e50d
000000fe9dc73e6a
000000cccccccccd
0000048f3df362bc
000000b2db787476
000000b40ea7b4f5
000000218c399ccb
000000fe9dc73e6a
000000cccccccccd
0000048f3df362bc
ffffffe4ac5cc821
000000f68ef224c4
0000003f3b3faf7e
000001153fb6d22f
000000cccccccccd
0000048f3df362bc
000000b293dfb6c7
000000b45348a4e9
00000021990301c5
000001153fb6d22f
000000cccccccccd
0000048f3df362bc
ffffffe474c2310c
000000f68923e4f8
0000003f39c28711
0000012be1a665f4
000000cccccccccd
0000048f3df362bc
000000b24bf4fcc5
000000b498024bf3
00000021a5d10197
0000012be1a665f4
000000cccccccccd
0000048f3df362bc
ffffffe43d2b8b57
000000f6834a2830
0000003f38426c68
000001428395f9b9
000000cccccccccd
0000048f3df362bc
000000b203b7ea63
000000b4dcd486f2
00000021b2a395b5
000001428395f9b9
000000cccccccccd
0000048f3df362bc
ffffffe40598de97
000000f67d64f0eb
0000003f36bf6028
0000015925858d7e
000000cccccccccd
0000048f3df362bc
000000b1bb282365
000000b521bf3223
00000021bf7ab777
0000015925858d7e
000000cccccccccd
0000048f3df362bc
ffffffe3ce0a325e
000000f6777441aa
0000003f353962f3
0000016fc7752143
000000cccccccccd
0000048f3df362bc
000000b172454b5c
000000b566c22922
00000021cc566014
0000016fc7752143
000000cccccccccd
0000048f3df362bc
ffffffe3967f8e3a
000000f671781cf5
0000003f33b07571
000001866964b508
000000cccccccccd
0000048f3df362bc
000000b1290f05ae
000000b5abdd46e5
00000021d93688a5
000001866964b508
000000cccccccccd
0000048f3df362bc
ffffffe35ef8f9b9
000000f66b708558
0000003f32249849
0000019d0b5448cd
000000cccccccccd
0000048f3df362bc
000000b0df84f590
000000b5f11065bf
00000021e61b2a26
0000019d0b5448cd
000000cccccccccd
0000048f3df362bc
ffffffe327767c62
000000f6655d7d62
0000003f3095cc23
000001b3ad43dc92
000000cccccccccd
0000048f3df362bc
000000b095a6be0e
000000b6365b5f5c
00000021f3043d72
000001b3ad43dc92
000000cccccccccd
0000048f3df362bc
ffffffe2eff81dbd
000000f65f3f07a9
0000003f2f0411a8
000001ca4f337058
000000cccccccccd
0000048f3df362bc
000000b04b740204
000000b67bbe0cbf
00000021fff1bb46
000001ca4f337058
000000cccccccccd
0000048f3df362bc
ffffffe2b87de54d
000000f6591526c6
0000003f2d6f6984
000001e0f123041d
000000cccccccccd
0000048f3df362bc
000000b000ec6427
000000b6c1384644
000000220ce39c3f
000001e0f123041d
000000cccccccccd
0000048f3df362bc
ffffffe28107da92
000000f652dfdd57
0000003f2bd7d461
000001f7931297e2
000000cccccccccd
0000048f3df362bc
000000afb60f8701
000000b706c9e397
0000002219d9d8da
000001f7931297e2
000000cccccccccd
0000048f3df362bc
ffffffe24996050b
000000f64c9f2dfd
0000003f2a3d52ed
0000020e35022ba7
000000cccccccccd
0000048f3df362bc
000000af6add0cf5
000000b74c72bbbc
0000002226d46973
0000020e35022ba7
000000cccccccccd
0000048f3df362bc
ffffffe212286c31
000000f646531b60
0000003f289fe5d6
00000224d6f1bf6c
000000cccccccccd
0000048f3df362bc
000000af1f54983c
000000b79232a506
0000002233d34647
00000224d6f1bf6c
000000cccccccccd
0000048f3df362bc
ffffffe1dabf177d
000000f63ffba82b
0000003f26ff8dca
fffffda85e2ea561
000000cccccccccd
0000042f4119a24b
000000bc58347ff0
000000aa0b9e08f2
00000021ddab3685
fffffda85e2ea561
000000cccccccccd
0000042f4119a24b
ffffffeceda8c439
000000f70f527548
000000404b3b2fdb
fffffdc0986ffe5f
000000cccccccccd
0000042f4119a24b
000000bc1754e8b7
000000aa50a1251f
00000021eb69c244
fffffdc0986ffe5f
000000cccccccccd
0000042f4119a24b
ffffffecb1a939fa
000000f70af52123
000000404a186af3
fffffdd8d2b1575e
000000cccccccccd
0000042f4119a24b
000000bbd62632af
000000aa95c4675c
00000021f92eb518
fffffdd8d2b1575e
000000cccccccccd
0000042f4119a24b
ffffffec75ace2a4
000000f7068a4ffb
0000004048f22371
fffffdf10cf2b05d
000000cccccccccd
0000042f4119a24b
000000bb94a7f8a9
000000aadb07bc63
0000002206fa0b2b
fffffdf10cf2b05d
000000cccccccccd
0000042f4119a24b
ffffffec39b3c7ec
000000f7021203fe
0000004047c859e8
fffffe094734095b
000000cccccccccd
0000042f4119a24b
000000bb52d9d518
000000ab206b105d
0000002214cbc088
fffffe094734095b
000000cccccccccd
0000042f4119a24b
ffffffebfdbdf385
000000f6fd8c3f63
00000040469b0eea
fffffe218175625a
000000cccccccccd
0000042f4119a24b
000000bb10bb6212
000000ab65ee4ee3
0000002222a3d121
fffffe218175625a
000000cccccccccd
0000042f4119a24b
ffffffebc1cb6f1f
000000f6f8f90467
00000040456a430e
fffffe39bbb6bb59
000000cccccccccd
0000042f4119a24b
000000bace4c3952
000000abab9162f9
00000022308238c6
fffffe39bbb6bb59
000000cccccccccd
0000042f4119a24b
ffffffeb85dc4466
000000f6f458554d
000000404435f6e9
fffffe51f5f81457
000000cccccccccd
0000042f4119a24b
000000ba8b8bf435
000000abf1543711
000000223e66f32d
fffffe51f5f81457
000000cccccccccd
0000042f4119a24b
ffffffeb49f07d06
000000f6efaa345f
0000004042fe2b13
fffffe6a30396d56
000000cccccccccd
0000042f4119a24b
000000ba487a2bbf
000000ac3736b503
000000224c51fbed
fffffe6a30396d56
000000cccccccccd
0000042f4119a24b
ffffffeb0e0822a6
000000f6eaeea3ed
0000004041c2e028
fffffe826a7ac655
000000cccccccccd
0000042f4119a24b
000000ba05167896
000000ac7d38c611
000000225a434e7d
fffffe826a7ac655
000000cccccccccd
0000042f4119a24b
ffffffead2233eea
000000f6e625a64d
00000040408416c2
fffffe9aa4bc1f53
000000cccccccccd
0000042f4119a24b
000000b9c160730a
000000acc35a52e2
00000022683ae638
fffffe9aa4bc1f53
000000cccccccccd
0000042f4119a24b
ffffffea9641db74
000000f6e14f3ddb
000000403f41cf80
fffffeb2defd7852
000000cccccccccd
0000042f4119a24b
000000b97d57b30f
000000ad099b4382
000000227638be58
fffffeb2defd7852
000000cccccccccd
0000042f4119a24b
ffffffea5a6401e4
000000f6dc6b6cfd
000000403dfc0aff
fffffecb193ed151
000000cccccccccd
0000042f4119a24b
000000b938fbd03f
000000ad4ffb7f5f
00000022843cd1f8
fffffecb193ed151
000000cccccccccd
0000042f4119a24b
ffffffea1e89bbd6
000000f6d77a361a
000000403cb2c9e2
fffffee353802a4f
000000cccccccccd
0000042f4119a24b
000000b8f44c61de
000000ad967aed46
0000002292471c14
fffffee353802a4f
000000cccccccccd
0000042f4119a24b
ffffffe9e2b312e3
000000f6d27b9ba2
000000403b660cca
fffffefb8dc1834e
000000cccccccccd
0000042f4119a24b
000000b8af48fed9
000000addd197366
00000022a0579788
fffffefb8dc1834e
000000cccccccccd
0000042f4119a24b
ffffffe9a6e010a0
000000f6cd6fa00d
000000403a15d45a
ffffff13c802dc4d
000000cccccccccd
0000042f4119a24b
000000b869f13dc3
000000ae23d6f749
00000022ae6e3f0e
ffffff13c802dc4d
000000cccccccccd
0000042f4119a24b
ffffffe96b10bea2
000000f6c85645d6
0000004038c2213a
ffffff2c0244354c
000000cccccccccd
0000042f4119a24b
000000b82444b4db
000000ae6ab35dd4
00000022bc8b0d41
ffffff2c0244354c
000000cccccccccd
0000042f4119a24b
ffffffe92f452679
000000f6c32f8f81
00000040376af410
ffffff443c858e4a
000000cccccccccd
0000042f4119a24b
000000b7de42fa0a
000000aeb1ae8b48
00000022caadfc99
ffffff443c858e4a
000000cccccccccd
0000042f4119a24b
ffffffe8f37d51b2
000000f6bdfb7f96
0000004036104d86
ffffff5c76c6e749
000000cccccccccd
0000042f4119a24b
000000b797eba2e5
000000aef8c86339
00000022d8d7076f
ffffff5c76c6e749
000000cccccccccd
0000042f4119a24b
ffffffe8b7b949d7
000000f6b8ba18a6
0000004034b22e45
ffffff74b1084048
000000cccccccccd
0000042f4119a24b
000000b7513e44ad
000000af4000c895
00000022e70627f6
ffffff74b1084048
000000cccccccccd
0000042f4119a24b
ffffffe87bf9186f
000000f6b36b5d45
00000040335096fa
ffffff8ceb499946
000000cccccccccd
0000042f4119a24b
000000b70a3a7450
000000af87579d9b
00000022f53b5844
ffffff8ceb499946
000000cccccccccd
0000042f4119a24b
ffffffe8403cc6ff
000000f6ae0f5011
0000004031eb8852
ffffffa5258af245
000000cccccccccd
0000042f4119a24b
000000b6c2dfc668
000000afceccc3df
0000002303769248
ffffffa5258af245
000000cccccccccd
0000042f4119a24b
ffffffe804845f06
000000f6a8a5f3aa
00000040308302fe
ffffffbd5fcc4b44
000000cccccccccd
0000042f4119a24b
000000b67b2dcf41
000000b016601c41
0000002311b7cfd0
ffffffbd5fcc4b44
000000cccccccccd
0000042f4119a24b
ffffffe7c8cfea03
000000f6a32f4aba
000000402f1707af
ffffffd59a0da442
000000cccccccccd
0000042f4119a24b
000000b6332422d3
000000b05e1186f3
000000231fff0a86
ffffffd59a0da442
000000cccccccccd
0000042f4119a24b
ffffffe78d1f716f
000000f69dab57f0
000000402da79716
ffffffedd44efd41
000000cccccccccd
0000042f4119a24b
000000b5eac254c9
000000b0a5e0e370
000000232e4c3bf0
ffffffedd44efd41
000000cccccccccd
0000042f4119a24b
ffffffe75172fec3
000000f6981a1dff
000000402c34b1e9
000000060e905640
000000cccccccccd
0000042f4119a24b
000000b5a207f87f
000000b0edce1081
000000233c9f5d71
000000060e905640
000000cccccccccd
0000042f4119a24b
ffffffe715ca9b72
000000f6927b9fa4
000000402abe58dd
0000001e48d1af3e
000000cccccccccd
0000042f4119a24b
000000b558f4a103
000000b135d8ec34
000000234af86846
0000001e48d1af3e
000000cccccccccd
0000042f4119a24b
ffffffe6da2650ec
000000f68ccfdfa0
0000004029448caa
000000368313083d
000000cccccccccd
0000042f4119a24b
000000b50f87e116
000000b17e0153df
0000002359575588
000000368313083d
000000cccccccccd
0000042f4119a24b
ffffffe69e86289f
000000f68716e0b9
0000004027c74e08
0000004ebd54613c
000000cccccccccd
0000042f4119a24b
000000b4c5c14b2e
000000b1c647241c
0000002367bc1e29
0000004ebd54613c
000000cccccccccd
0000042f4119a24b
ffffffe662ea2bf4
000000f68150a5be
0000004026469db4
00000066f795ba3a
000000cccccccccd
0000042f4119a24b
000000b47ba07176
000000b20eaa38c9
000000237626baf9
00000066f795ba3a
000000cccccccccd
0000042f4119a24b
ffffffe627526453
000000f67b7d3182
0000004024c27c68
0000007f31d71339
000000cccccccccd
0000042f4119a24b
000000b43124e5d0
000000b2572a6d03
000000238497249d
0000007f31d71339
000000cccccccccd
0000042f4119a24b
ffffffe5ebbedb1e
000000f6759c86df
00000040233aeae4
000000976c186c38
000000cccccccccd
0000042f4119a24b
000000b3e64e39d5
000000b29fc79b25
00000023930d5397
000000976c186c38
000000cccccccccd
0000042f4119a24b
ffffffe5b02f99b5
000000f66faea8b5
0000004021afe9e6
000000afa659c536
000000cccccccccd
0000042f4119a24b
000000b39b1bfed8
000000b2e8819cc9
00000023a1894042
000000afa659c536
000000cccccccccd
0000042f4119a24b
ffffffe574a4a975
000000f669b399ea
0000004020217a2f
000000c7e09b1e35
000000cccccccccd
0000042f4119a24b
000000b34f8dc5e5
000000b331584ac2
00000023b00ae2cf
000000c7e09b1e35
000000cccccccccd
0000042f4119a24b
ffffffe5391e13b5
000000f663ab5d6a
000000401e8f9c83
000000e01adc7734
000000cccccccccd
0000042f4119a24b
000000b303a31fc3
000000b37a4b7d1b
00000023be923349
000000e01adc7734
000000cccccccccd
0000042f4119a24b
ffffffe4fd9be1cb
000000f65d95f627
000000401cfa51a5
000000f8551dd033
000000cccccccccd
0000042f4119a24b
000000b2b75b9cf4
000000b3c35b0b18
00000023cd1f2995
000000f8551dd033
000000cccccccccd
0000042f4119a24b
ffffffe4c21e1d09
000000f65773671a
000000401b619a5b
000001108f5f2931
000000cccccccccd
0000042f4119a24b
000000b26ab6cdbb
000000b40c86cb2e
00000023dbb1bd6b
000001108f5f2931
000000cccccccccd
0000042f4119a24b
ffffffe486a4cebd
000000f65143b33f
0000004019c5776d
00000128c9a08230
000000cccccccccd
0000042f4119a24b
000000b21db44217
000000b455ce9307
00000023ea49e65d
00000128c9a08230
000000cccccccccd
0000042f4119a24b
ffffffe44b300031
000000f64b06dd9c
000000401825e9a4
0000014103e1db2f
000000cccccccccd
0000042f4119a24b
000000b1d05389c9
000000b49f32377d
00000023f8e79bd4
0000014103e1db2f
000000cccccccccd
0000042f4119a24b
ffffffe40fbfbaad
000000f644bce93b
000000401682f1c9
000001593e23342d
000000cccccccccd
0000042f4119a24b
000000b182943451
000000b4e8b18c98
00000024078ad50d
000001593e23342d
000000cccccccccd
0000042f4119a24b
ffffffe3d4540773
000000f63e65d92c
0000004014dc90aa
0000017178648d2c
000000cccccccccd
0000042f4119a24b
000000b13475d0f4
000000b5324c658c
000000241633891c
0000017178648d2c
000000cccccccccd
0000042f4119a24b
ffffffe398ecefc2
000000f63801b085
000000401332c714
00000189b2a5e62b
000000cccccccccd
0000042f4119a24b
000000b0e5f7eebb
000000b57c0294b7
0000002424e1aeed
00000189b2a5e62b
000000cccccccccd
0000042f4119a24b
ffffffe35d8a7cd8
000000f631907262
00000040118595d5
000001a1ece73f29
000000cccccccccd
0000042f4119a24b
000000b0971a1c74
000000b5c5d3eba2
0000002433953d3b
000001a1ece73f29
000000cccccccccd
0000042f4119a24b
ffffffe3222cb7eb
000000f62b1221e4
000000400fd4fdc0
000001ba27289828
000000cccccccccd
0000042f4119a24b
000000b047dbe8b4
000000b60fc03af7
00000024424e2a9c
000001ba27289828
000000cccccccccd
0000042f4119a24b
ffffffe2e6d3aa31
000000f62486c235
000000400e20ffa5
000001d26169f127
000000cccccccccd
0000042f4119a24b
000000aff83ce1db
000000b659c75288
00000024510c6d76
000001d26169f127
000000cccccccccd
0000042f4119a24b
ffffffe2ab7f5cd9
000000f61dee5682
000000400c699c59
000001ea9bab4a25
000000cccccccccd
0000042f4119a24b
000000afa83c9610
000000b6a3e90147
000000245fcffc04
000001ea9bab4a25
000000cccccccccd
0000042f4119a24b
ffffffe2702fd910
000000f61748e1fe
000000400aaed4b1
00000202d5eca324
000000cccccccccd
0000042f4119a24b
000000af57da9347
000000b6ee251546
000000246e98cc55
00000202d5eca324
000000cccccccccd
0000042f4119a24b
ffffffe234e52800
000000f6109667e2
0000004008f0a983
0000021b102dfc23
000000cccccccccd
0000042f4119a24b
000000af07166742
000000b7387b5bb4
000000247d66d44a
0000021b102dfc23
000000cccccccccd
0000042f4119a24b
ffffffe1f99f52ce
000000f609d6eb6f
00000040072f1ba9
000002334a6f5521
000000cccccccccd
0000042f4119a24b
000000aeb5ef9f92
000000b782eba0dd
000000248c3a0996
000002334a6f5521
000000cccccccccd
0000042f4119a24b
ffffffe1be5e6299
000000f6030a6fea
00000040056a2bfc
0000024b84b0ae20
000000cccccccccd
0000042f4119a24b
000000ae6465c997
000000b7cd75b025
000000249b1261c0
0000024b84b0ae20
000000cccccccccd
0000042f4119a24b
ffffffe183226081
000000f5fc30f89d
0000004003a1db57
fffffd7ae7e281d9
000000cccccccccd
000003c0b62fdb08
000000bc907b584a
000000a9506ddf89
00000024395cd154
fffffd7ae7e281d9
000000cccccccccd
000003c0b62fdb08
ffffffed63582803
000000f6d42a23ab
000000414ee340fb
fffffd94f85fd1ef
000000cccccccccd
000003c0b62fdb08
000000bc4b2b6cc7
000000a99a20a506
0000002449214933
fffffd94f85fd1ef
000000cccccccccd
000003c0b62fdb08
ffffffed22d74247
000000f6cf968b1a
000000414dad4335
fffffdaf08dd2205
000000cccccccccd
000003c0b62fdb08
000000bc0580d458
000000a9e3f85db1
0000002458eda8d2
fffffdaf08dd2205
000000cccccccccd
000003c0b62fdb08
ffffffece259f921
000000f6caf35e31
000000414c73262a
fffffdc9195a721c
000000cccccccccd
000003c0b62fdb08
000000bbbf7b1272
000000aa2df4f256
0000002468c1eb3c
fffffdc9195a721c
000000cccccccccd
000003c0b62fdb08
ffffffeca1e058a5
000000f6c6409f97
000000414b34ea8d
fffffde329d7c232
000000cccccccccd
000003c0b62fdb08
000000bb7919aa10
000000aa78164b06
00000024789e0b50
fffffde329d7c232
000000cccccccccd
000003c0b62fdb08
ffffffec616a6ce1
000000f6c17e51fd
0000004149f29114
fffffdfd3a551248
000000cccccccccd
000003c0b62fdb08
000000bb325c1db0
000000aac25c4f13
00000024888203c8
fffffdfd3a551248
000000cccccccccd
000003c0b62fdb08
ffffffec20f841e1
000000f6bcac781a
0000004148ac1a78
fffffe174ad2625f
000000cccccccccd
000003c0b62fdb08
000000baeb41ef53
000000ab0cc6e50e
00000024986dcf32
fffffe174ad2625f
000000cccccccccd
000003c0b62fdb08
ffffffebe089e3ad
000000f6b7cb14b0
0000004147618772
fffffe315b4fb275
000000cccccccccd
000003c0b62fdb08
000000baa3caa085
000000ab5755f2c6
00000024a86167f4
fffffe315b4fb275
000000cccccccccd
000003c0b62fdb08
ffffffeba01f5e48
000000f6b2da2a89
000000414612d8c1
fffffe4b6bcd028b
000000cccccccccd
000003c0b62fdb08
000000ba5bf5b254
000000aba2095d42
00000024b85cc848
fffffe4b6bcd028b
000000cccccccccd
000003c0b62fdb08
ffffffeb5fb8bdb5
000000f6add9bc77
0000004144c00f23
fffffe657c4a52a1
000000cccccccccd
000003c0b62fdb08
000000ba13c2a558
000000abece108c2
00000024c85fea3f
fffffe657c4a52a1
000000cccccccccd
000003c0b62fdb08
ffffffeb1f560dee
000000f6a8c9cd54
0000004143692b59
fffffe7f8cc7a2b8
000000cccccccccd
000003c0b62fdb08
000000b9cb30f9b1
000000ac37dcd8bb
00000024d86ac7bd
fffffe7f8cc7a2b8
000000cccccccccd
000003c0b62fdb08
ffffffeadef75aef
000000f6a3aa6004
00000041420e2e27
fffffe999d44f2ce
000000cccccccccd
000003c0b62fdb08
000000b982402f08
000000ac82fcafd5
00000024e87d5a7b
fffffe999d44f2ce
000000cccccccccd
000003c0b62fdb08
ffffffea9e9cb0ac
000000f69e7b7774
0000004140af1853
fffffeb3adc242e4
000000cccccccccd
000003c0b62fdb08
000000b938efc492
000000acce406fe9
00000024f8979c06
fffffeb3adc242e4
000000cccccccccd
000003c0b62fdb08
ffffffea5e461b17
000000f6993d1697
000000413f4beaa5
fffffecdbe3f92fa
000000cccccccccd
000003c0b62fdb08
000000b8ef3f390c
000000ad19a7f9fc
0000002508b985bd
fffffecdbe3f92fa
000000cccccccccd
000003c0b62fdb08
ffffffea1df3a61d
000000f693ef406a
000000413de4a5e8
fffffee7cebce311
000000cccccccccd
000003c0b62fdb08
000000b8a52e0ac1
000000ad65332e40
0000002518e310d2
fffffee7cebce311
000000cccccccccd
000003c0b62fdb08
ffffffe9dda55da9
000000f68e91f7f2
000000413c794ae7
ffffff01df3a3327
000000cccccccccd
000003c0b62fdb08
000000b85abbb789
000000adb0e1ec10
0000002529143649
ffffff01df3a3327
000000cccccccccd
000003c0b62fdb08
ffffffe99d5b4da1
000000f68925403e
000000413b09da73
ffffff1befb7833d
000000cccccccccd
000003c0b62fdb08
000000b80fe7bcc9
000000adfcb411ea
00000025394ceef6
ffffff1befb7833d
000000cccccccccd
000003c0b62fdb08
ffffffe95d1581e6
000000f683a91c64
000000413996555c
ffffff360034d353
000000cccccccccd
000003c0b62fdb08
000000b7c4b19777
000000ae48a97d74
00000025498d3381
ffffff360034d353
000000cccccccccd
000003c0b62fdb08
ffffffe91cd40656
000000f67e1d8f81
00000041381ebc75
ffffff5010b2236a
000000cccccccccd
000003c0b62fdb08
000000b77918c417
000000ae94c20b72
0000002559d4fc5f
ffffff5010b2236a
000000cccccccccd
000003c0b62fdb08
ffffffe8dc96e6cc
000000f678829cbe
0000004136a31093
ffffff6a212f7380
000000cccccccccd
000003c0b62fdb08
000000b72d1cbec1
000000aee0fd97c6
000000256a2441d7
ffffff6a212f7380
000000cccccccccd
000003c0b62fdb08
ffffffe89c5e2f1d
000000f672d84749
000000413523528f
ffffff8431acc396
000000cccccccccd
000003c0b62fdb08
000000b6e0bd031d
000000af2d5bfd70
000000257a7afbfe
ffffff8431acc396
000000cccccccccd
000003c0b62fdb08
ffffffe85c29eb1a
000000f66d1e925b
00000041339f8343
ffffff9e422a13ad
000000cccccccccd
000003c0b62fdb08
000000b693f90c69
000000af79dd1687
000000258ad922b7
ffffff9e422a13ad
000000cccccccccd
000003c0b62fdb08
ffffffe81bfa2691
000000f667558133
000000413217a38b
ffffffb852a763c3
000000cccccccccd
000003c0b62fdb08
000000b646d05575
000000afc680bc39
000000259b3eadb5
ffffffb852a763c3
000000cccccccccd
000003c0b62fdb08
ffffffe7dbceed4c
000000f6617d1719
00000041308bb444
ffffffd26324b3d9
000000cccccccccd
000003c0b62fdb08
000000b5f94258ab
000000b01346c6c7
00000025abab9476
ffffffd26324b3d9
000000cccccccccd
000003c0b62fdb08
ffffffe79ba84b0f
000000f65b95575f
000000412efbb650
ffffffec73a203ef
000000cccccccccd
000003c0b62fdb08
000000b5ab4e900a
000000b0602f0d85
00000025bc1fce47
ffffffec73a203ef
000000cccccccccd
000003c0b62fdb08
ffffffe75b864b9a
000000f6559e455d
000000412d67aa91
00000006841f5406
000000cccccccccd
000003c0b62fdb08
000000b55cf4752b
000000b0ad3966d3
00000025cc9b5240
00000006841f5406
000000cccccccccd
000003c0b62fdb08
ffffffe71b68faab
000000f64f97e474
000000412bcf91ec
00000020949ca41c
000000cccccccccd
000003c0b62fdb08
000000b50e338142
000000b0fa65a81c
00000025dd1e1745
00000020949ca41c
000000cccccccccd
000003c0b62fdb08
ffffffe6db5063f8
000000f64982380e
000000412a336d49
0000003aa519f432
000000cccccccccd
000003c0b62fdb08
000000b4bf0b2d1c
000000b147b3a5d6
00000025eda81404
0000003aa519f432
000000cccccccccd
000003c0b62fdb08
ffffffe69b3c9336
000000f6435d439c
0000004128933d90
00000054b5974448
000000cccccccccd
000003c0b62fdb08
000000b46f7af127
000000b19523337b
00000025fe393ef9
00000054b5974448
000000cccccccccd
000003c0b62fdb08
ffffffe65b2d9413
000000f63d290a98
0000004126ef03ad
0000006ec614945f
000000cccccccccd
000003c0b62fdb08
000000b41f82456e
000000b1e2b42389
000000260ed18e66
0000006ec614945f
000000cccccccccd
000003c0b62fdb08
ffffffe61b237239
000000f636e59085
000000412546c08e
00000088d691e475
000000cccccccccd
000003c0b62fdb08
000000b3cf20a19d
000000b23066477d
000000261f70f857
00000088d691e475
000000cccccccccd
000003c0b62fdb08
ffffffe5db1e3950
000000f63092d8eb
00000041239a7521
000000a2e70f348b
000000cccccccccd
000003c0b62fdb08
000000b37e557d01
000000b27e396fd3
00000026301772a3
000000a2e70f348b
000000cccccccccd
000003c0b62fdb08
ffffffe59b1df4f7
000000f62a30e75e
0000004121ea225a
000000bcf78c84a1
000000cccccccccd
000003c0b62fdb08
000000b32d204e8b
000000b2cc2d6c01
0000002640c4f2e6
000000bcf78c84a1
000000cccccccccd
000003c0b62fdb08
ffffffe55b22b0cc
000000f623bfbf77
000000412035c92d
000000d70809d4b8
000000cccccccccd
000003c0b62fdb08
000000b2db808cd2
000000b31a420a74
0000002651796e86
000000d70809d4b8
000000cccccccccd
000003c0b62fdb08
ffffffe51b2c7866
000000f61d3f64d9
000000411e7d6a8e
000000f1188724ce
000000cccccccccd
000003c0b62fdb08
000000b28975ae15
000000b36877188f
000000266234daaf
000000f1188724ce
000000cccccccccd
000003c0b62fdb08
ffffffe4db3b5759
000000f616afdb2f
000000411cc10777
0000010b290474e4
000000cccccccccd
000003c0b62fdb08
000000b236ff2839
000000b3b6cc62a6
0000002672f72c52
0000010b290474e4
000000cccccccccd
000003c0b62fdb08
ffffffe49b4f5934
000000f61011262b
000000411b00a0e3
000001253981c4fa
000000cccccccccd
000003c0b62fdb08
000000b1e41c70d1
000000b40541b3fd
0000002683c05827
000001253981c4fa
000000cccccccccd
000003c0b62fdb08
ffffffe45b688980
000000f609634987
00000041193c37cd
0000013f49ff1511
000000cccccccccd
000003c0b62fdb08
000000b190ccfd1a
000000b453d6d6c3
00000026949052aa
0000013f49ff1511
000000cccccccccd
000003c0b62fdb08
ffffffe41b86f3c2
000000f602a64906
000000411773cd34
000001595a7c6527
000000cccccccccd
000003c0b62fdb08
000000b13d104202
000000b4a28b9411
00000026a567101e
000001595a7c6527
000000cccccccccd
000003c0b62fdb08
ffffffe3dbaaa37b
000000f5fbda2872
0000004115a76219
000001736af9b53d
000000cccccccccd
000003c0b62fdb08
000000b0e8e5b426
000000b4f15fb3e6
00000026b6448485
000001736af9b53d
000000cccccccccd
000003c0b62fdb08
ffffffe39bd3a425
000000f5f4feeb9f
0000004113d6f77f
0000018d7b770554
000000cccccccccd
000003c0b62fdb08
000000b0944cc7d6
000000b54052fd25
00000026c728a3a9
0000018d7b770554
000000cccccccccd
000003c0b62fdb08
ffffffe35c020136
000000f5ee149665
0000004112028e6c
000001a78bf4556a
000000cccccccccd
000003c0b62fdb08
000000b03f44f117
000000b58f653591
00000026d8136113
000001a78bf4556a
000000cccccccccd
000003c0b62fdb08
ffffffe31c35c620
000000f5e71b2ca8
00000041102a27e5
000001c19c71a580
000000cccccccccd
000003c0b62fdb08
000000afe9cda3a4
000000b5de9621c8
00000026e904b00f
000001c19c71a580
000000cccccccccd
000003c0b62fdb08
ffffffe2dc6efe50
000000f5e012b251
000000410e4dc4f4
000001dbaceef596
000000cccccccccd
000003c0b62fdb08
000000af93e652f2
000000b62de58547
00000026f9fc83ab
000001dbaceef596
000000cccccccccd
000003c0b62fdb08
ffffffe29cadb52c
000000f5d8fb2b53
000000410c6d66a5
000001f5bd6c45ad
000000cccccccccd
000003c0b62fdb08
000000af3d8e7230
000000b67d53225e
000000270afaceb4
000001f5bd6c45ad
000000cccccccccd
000003c0b62fdb08
ffffffe25cf1f616
000000f5d1d49ba6
000000410a890e04
0000020fcde995c3
000000cccccccccd
000003c0b62fdb08
000000aee6c5744c
000000b6ccdeba34
000000271bff83b8
0000020fcde995c3
000000cccccccccd
000003c0b62fdb08
ffffffe21d3bcc6c
000000f5ca9f074e
0000004108a0bc22
00000229de66e5d9
000000cccccccccd
000003c0b62fdb08
000000ae8f8acbf3
000000b71c880cc1
000000272d0a9504
00000229de66e5d9
000000cccccccccd
000003c0b62fdb08
ffffffe1dd8b4385
000000f5c35a7253
0000004106b4720e
00000243eee435ef
000000cccccccccd
000003c0b62fdb08
000000ae37ddeb94
000000b76c4ed8ca
000000273e1bf4a3
00000243eee435ef
000000cccccccccd
000003c0b62fdb08
ffffffe19de066b4
000000f5bc06e0c6
0000004104c430de
0000025dff618606
000000cccccccccd
000003c0b62fdb08
000000addfbe4564
000000b7bc32dbe0
000000274f339460
0000025dff618606
000000cccccccccd
000003c0b62fdb08
ffffffe15e3b4147
000000f5b4a456c0
0000004102cff9a6
000002780fded61c
000000cccccccccd
000003c0b62fdb08
000000ad872b4b5e
000000b80c33d25d
00000027605165bf
000002780fded61c
000000cccccccccd
000003c0b62fdb08
ffffffe11e9bde84
000000f5ad32d861
0000004100d7cd7e
fffffd45fc0f5324
000000cccccccccd
0000034008316f34
000000bccbc272bd
000000a87386cb6f
00000026f0705543
fffffd45fc0f5324
000000cccccccccd
0000034008316f34
ffffffedec2d14a3
000000f68de03fbd
000000427c1d23a8
fffffd622fefacdf
000000cccccccccd
0000034008316f34
000000bc81589f8d
000000a8c2903747
0000002702b57e27
fffffd622fefacdf
000000cccccccccd
0000034008316f34
ffffffeda67020f2
000000f68912c0eb
000000427ad19935
fffffd7e63d0069a
000000cccccccccd
0000034008316f34
000000bc3685d8f9
000000a911c481bc
0000002715048ff0
fffffd7e63d0069a
000000cccccccccd
0000034008316f34
ffffffed60b74839
000000f684331002
00000042798126ae
fffffd9a97b06056
000000cccccccccd
0000034008316f34
000000bbeb498365
000000a961238e83
00000027275d8412
fffffd9a97b06056
000000cccccccccd
0000034008316f34
ffffffed1b0299be
000000f67f413044
00000042782bccf3
fffffdb6cb90ba11
000000cccccccccd
0000034008316f34
000000bb9fa3028e
000000a9b0ad4058
0000002739c053cb
fffffdb6cb90ba11
000000cccccccccd
0000034008316f34
ffffffecd55224c2
000000f67a3d2500
0000004276d18ce8
fffffdd2ff7113cc
000000cccccccccd
0000034008316f34
000000bb5391b98b
000000aa006178f4
000000274c2cf81b
fffffdd2ff7113cc
000000cccccccccd
0000034008316f34
ffffffec8fa5f87f
000000f67526f190
0000004275726774
fffffdef33516d88
000000cccccccccd
0000034008316f34
000000bb07150acb
000000aa50401914
000000275ea369c7
fffffdef33516d88
000000cccccccccd
0000034008316f34
ffffffec49fe242c
000000f66ffe9959
00000042740e5d83
fffffe0b6731c743
000000cccccccccd
0000034008316f34
000000baba2c5818
000000aaa049006b
000000277123a159
fffffe0b6731c743
000000cccccccccd
0000034008316f34
ffffffec045ab6fd
000000f66ac41fcd
0000004272a57002
fffffe279b1220fe
000000cccccccccd
0000034008316f34
000000ba6cd70297
000000aaf07c0da5
0000002783ad971b
fffffe279b1220fe
000000cccccccccd
0000034008316f34
ffffffebbebbc01d
000000f665778869
0000004271379fe1
fffffe43cef27aba
000000cccccccccd
0000034008316f34
000000ba1f146acd
000000ab40d91e61
000000279641431d
fffffe43cef27aba
000000cccccccccd
0000034008316f34
ffffffeb79214eb5
000000f66018d6b5
000000426fc4ee15
fffffe6002d2d475
000000cccccccccd
0000034008316f34
000000b9d0e3f09a
000000ab91600f2e
00000027a8de9d2b
fffffe6002d2d475
000000cccccccccd
0000034008316f34
ffffffeb338b71e8
000000f65aa80e48
000000426e4d5b95
fffffe7c36b32e30
000000cccccccccd
0000034008316f34
000000b98244f340
000000abe210bb87
00000027bb859cd6
fffffe7c36b32e30
000000cccccccccd
0000034008316f34
ffffffeaedfa38d5
000000f6552532bf
000000426cd0e95a
fffffe986a9387ec
000000cccccccccd
0000034008316f34
000000b93336d15e
000000ac32eafdd2
00000027ce36396b
fffffe986a9387ec
000000cccccccccd
0000034008316f34
ffffffeaa86db294
000000f64f9047c8
000000426b4f9864
fffffeb49e73e1a7
000000cccccccccd
0000034008316f34
000000b8e3b8e8f9
000000ac83eeaf56
00000027e0f069f8
fffffeb49e73e1a7
000000cccccccccd
0000034008316f34
ffffffea62e5ee39
000000f649e9511a
0000004269c969b1
fffffed0d2543b62
000000cccccccccd
0000034008316f34
000000b893ca9779
000000acd51ba840
00000027f3b42547
fffffed0d2543b62
000000cccccccccd
0000034008316f34
ffffffea1d62fad4
000000f644305277
00000042683e5e46
fffffeed0634951e
000000cccccccccd
0000034008316f34
000000b8436b39a8
000000ad2671bf97
00000028068161e1
fffffeed0634951e
000000cccccccccd
0000034008316f34
ffffffe9d7e4e76d
000000f63e654fae
0000004266ae772a
ffffff093a14eed9
000000cccccccccd
0000034008316f34
000000b7f29a2bb9
000000ad77f0cb3d
0000002819581609
ffffff093a14eed9
000000cccccccccd
0000034008316f34
ffffffe9926bc308
000000f638884c99
000000426519b565
ffffff256df54894
000000cccccccccd
0000034008316f34
000000b7a156c947
000000adc9989fec
000000282c3837be
ffffff256df54894
000000cccccccccd
0000034008316f34
ffffffe94cf79ca3
000000f632994d1d
0000004263801a07
ffffff41a1d5a250
000000cccccccccd
0000034008316f34
000000b74fa06d55
000000ae1b69112e
000000283f21bcb8
ffffff41a1d5a250
000000cccccccccd
0000034008316f34
ffffffe907888338
000000f62c98552b
0000004261e1a61d
ffffff5dd5b5fc0b
000000cccccccccd
0000034008316f34
000000b6fd767254
000000ae6d61f15c
0000002852149a6b
ffffff5dd5b5fc0b
000000cccccccccd
0000034008316f34
ffffffe8c21e85ba
000000f6268568bf
00000042603e5abc
ffffff7a099655c6
000000cccccccccd
0000034008316f34
000000b6aad8321e
000000aebf83119b
000000286510c602
ffffff7a099655c6
000000cccccccccd
0000034008316f34
ffffffe87cb9b317
000000f620608be2
000000425e9638f9
ffffff963d76af82
000000cccccccccd
0000034008316f34
000000b657c50600
000000af11cc41d6
000000287816345e
ffffff963d76af82
000000cccccccccd
0000034008316f34
ffffffe8375a1a36
000000f61a29c2a5
000000425ce941ee
ffffffb27157093d
000000cccccccccd
0000034008316f34
000000b6043c46b5
000000af643d50ba
000000288b24da1a
ffffffb27157093d
000000cccccccccd
0000034008316f34
ffffffe7f1ffc9fb
000000f613e11128
000000425b3776b8
ffffffcea53762f8
000000cccccccccd
0000034008316f34
000000b5b03d4c6c
000000afb6d60bb4
000000289e3cab85
ffffffcea53762f8
000000cccccccccd
0000034008316f34
ffffffe7acaad142
000000f60d867b94
000000425980d875
ffffffead917bcb4
000000cccccccccd
0000034008316f34
000000b55bc76ec8
000000b009963eec
00000028b15d9ca2
ffffffead917bcb4
000000cccccccccd
0000034008316f34
ffffffe7675b3ee1
000000f6071a061e
0000004257c56848
000000070cf8166f
000000cccccccccd
0000034008316f34
000000b506da04e3
000000b05c7db541
00000028c487a12a
000000070cf8166f
000000cccccccccd
0000034008316f34
ffffffe7221121a9
000000f6009bb506
0000004256052756
0000002340d8702a
000000cccccccccd
0000034008316f34
000000b4b174654f
000000b0af8c3845
00000028d7baac88
0000002340d8702a
000000cccccccccd
0000034008316f34
ffffffe6dccc8866
000000f5fa0b8c97
00000042544016c8
0000003f74b8c9e5
000000cccccccccd
0000034008316f34
000000b45b95e618
000000b102c19038
00000028eaf6b1d8
0000003f74b8c9e5
000000cccccccccd
0000034008316f34
ffffffe6978d81db
000000f5f3699129
00000042527637c9
0000005ba89923a1
000000cccccccccd
0000034008316f34
000000b4053ddccb
000000b1561d8407
00000028fe3ba3e9
0000005ba89923a1
000000cccccccccd
0000034008316f34
ffffffe652541cc8
000000f5ecb5c71c
0000004250a78b89
00000077dc797d5c
000000cccccccccd
0000034008316f34
000000b3ae6b9e70
000000b1a99fd943
0000002911897539
00000077dc797d5c
000000cccccccccd
0000034008316f34
ffffffe60d2067e5
000000f5e5f032dd
000000424ed41337
000000941059d717
000000cccccccccd
0000034008316f34
000000b3571e7f93
000000b1fd485423
0000002924e017f6
000000941059d717
000000cccccccccd
0000034008316f34
ffffffe5c7f271e5
000000f5df18d8e6
000000424cfbd009
000000b0443a30d3
000000cccccccccd
0000034008316f34
000000b2ff55d443
000000b25116b779
00000029383f7dfc
000000b0443a30d3
000000cccccccccd
0000034008316f34
ffffffe582ca4972
000000f5d82fbdb7
000000424b1ec336
000000cc781a8a8e
000000cccccccccd
0000034008316f34
000000b2a710f019
000000b2a50ac4b5
000000294ba798d5
000000cc781a8a8e
000000cccccccccd
0000034008316f34
ffffffe53da7fd34
000000f5d134e5e0
00000042493cedf9
000000e8abfae449
000000cccccccccd
0000034008316f34
000000b24e4f2632
000000b2f9243bdb
000000295f1859b5
000000e8abfae449
000000cccccccccd
0000034008316f34
ffffffe4f88b9bc9
000000f5ca2855fa
000000424756518f
00000104dfdb3e05
000000cccccccccd
0000034008316f34
000000b1f50fc93b
000000b34d62db81
000000297291b17f
00000104dfdb3e05
000000cccccccccd
0000034008316f34
ffffffe4b37533cb
000000f5c30a12a8
00000042456aef38
0000012113bb97c0
000000cccccccccd
0000034008316f34
000000b19b522b70
000000b3a1c660cb
00000029861390bd
0000012113bb97c0
000000cccccccccd
0000034008316f34
ffffffe46e64d3cb
000000f5bbda2099
00000042437ac837
0000013d479bf17b
000000cccccccccd
0000034008316f34
000000b141159e9a
000000b3f64e8768
00000029999de7a5
0000013d479bf17b
000000cccccccccd
0000034008316f34
ffffffe4295a8a55
000000f5b4988487
000000424185ddd4
000001597b7c4b37
000000cccccccccd
0000034008316f34
000000b0e659741c
000000b44afb098a
00000029ad30a614
000001597b7c4b37
000000cccccccccd
0000034008316f34
ffffffe3e45665ef
000000f5ad454338
000000423f8c3156
00000175af5ca4f2
000000cccccccccd
0000034008316f34
000000b08b1cfcec
000000b49fcb9fe6
00000029c0cbbb8f
00000175af5ca4f2
000000cccccccccd
0000034008316f34
ffffffe39f587517
000000f5a5e06179
000000423d8dc40b
00000191e33cfead
000000cccccccccd
0000034008316f34
000000b02f5f899d
000000b4f4c001ac
00000029d46f1741
00000191e33cfead
000000cccccccccd
0000034008316f34
ffffffe35a60c645
000000f59e69e426
000000423b8a9740
000001ae171d5869
000000cccccccccd
0000034008316f34
000000afd3206a5f
000000b549d7e487
00000029e81aa7fc
000001ae171d5869
000000cccccccccd
0000034008316f34
ffffffe3156f67ea
000000f596e1d023
000000423982ac48
000001ca4afdb224
000000cccccccccd
0000034008316f34
000000af765eef00
000000b59f12fc93
00000029fbce5c34
000001ca4afdb224
000000cccccccccd
0000034008316f34
ffffffe2d0846870
000000f58f482a61
0000004237760479
000001e67ede0bdf
000000cccccccccd
0000034008316f34
000000af191a66f6
000000b5f470fc5c
0000002a0f8a2202
000001e67ede0bdf
000000cccccccccd
0000034008316f34
ffffffe28b9fd63a
000000f5879cf7da
000000423564a128
00000202b2be659b
000000cccccccccd
0000034008316f34
000000aebb52215c
000000b649f194dc
0000002a234de722
00000202b2be659b
000000cccccccccd
0000034008316f34
ffffffe246c1bfa4
000000f57fe03d92
00000042334e83b1
0000021ee69ebf56
000000cccccccccd
0000034008316f34
000000ae5d056cf8
000000b69f947571
0000002a371998f0
0000021ee69ebf56
000000cccccccccd
0000034008316f34
ffffffe201ea3305
000000f57812009a
000000423133ad72
0000023b1a7f1911
000000cccccccccd
0000034008316f34
000000adfe33983e
000000b6f5594bdd
0000002a4aed246a
0000023b1a7f1911
000000cccccccccd
0000034008316f34
ffffffe1bd193ea9
000000f57032460c
000000422f141fca
000002574e5f72cd
000000cccccccccd
0000034008316f34
000000ad9edbf154
000000b74b3fc440
0000002a5ec8762b
000002574e5f72cd
000000cccccccccd
0000034008316f34
ffffffe1784ef0d9
000000f56841130d
000000422cefdc1d
00000273823fcc88
000000cccccccccd
0000034008316f34
000000ad3efdc616
000000b7a1478912
0000002a72ab7a6e
00000273823fcc88
000000cccccccccd
0000034008316f34
ffffffe1338b57d3
000000f5603e6ccc
000000422ac6e3d0
0000028fb6202643
000000cccccccccd
0000034008316f34
000000acde986419
000000b7f7704323
0000002a86961d0c
0000028fb6202643
000000cccccccccd
0000034008316f34
ffffffe0eece81d2
000000f5582a5883
000000422899384d
000002abea007fff
000000cccccccccd
0000034008316f34
000000ac7dab18b0
000000b84db99991
0000002a9a884979
000002abea007fff
000000cccccccccd
0000034008316f34
ffffffe0aa187d06
000000f55004db77
000000422666daff
fffffd079ac1b561
000000cccccccccd
000002a85a4b098f
000000bd093efe76
000000a76b453f11
0000002a1902c924
fffffd079ac1b561
000000cccccccccd
000002a85a4b098f
ffffffee8d39f24c
000000f63913b41f
00000043ddba7605
fffffd2653db7f81
000000cccccccccd
000002a85a4b098f
000000bcb8e7c1d7
000000a7c06f511f
0000002a2e6cf0bf
fffffd2653db7f81
000000cccccccccd
000002a85a4b098f
ffffffee415519ac
000000f634093043
00000043dc56c209
fffffd450cf549a1
000000cccccccccd
000002a85a4b098f
000000bc6815a6bc
000000a815cba76e
0000002a43e3bc16
fffffd450cf549a1
000000cccccccccd
000002a85a4b098f
ffffffedf574f449
000000f62ee92546
00000043daed1f07
fffffd63c60f13c2
000000cccccccccd
000002a85a4b098f
000000bc16c7e75b
000000a86b5a1ef3
0000002a5967225a
fffffd63c60f13c2
000000cccccccccd
000002a85a4b098f
ffffffeda99995d7
000000f629b39735
00000043d97d8e1c
fffffd827f28dde2
000000cccccccccd
000002a85a4b098f
000000bbc4fdbcfe
000000a8c11a934f
0000002a6ef71a66
fffffd827f28dde2
000000cccccccccd
000002a85a4b098f
ffffffed5dc31203
000000f624688a31
00000043d808106c
fffffda13842a802
000000cccccccccd
000002a85a4b098f
000000bb72b66008
000000a9170cdec6
0000002a84939abc
fffffda13842a802
000000cccccccccd
000002a85a4b098f
ffffffed11f17c73
000000f61f08026a
00000043d68ca71d
fffffdbff15c7222
000000cccccccccd
000002a85a4b098f
000000bb1ff107f5
000000a96d30da3c
0000002a9a3c9987
fffffdbff15c7222
000000cccccccccd
000002a85a4b098f
ffffffecc624e8c8
000000f619920420
00000043d50b535d
fffffddeaa763c43
000000cccccccccd
000002a85a4b098f
000000baccaceb5c
000000a9c3865d2e
0000002aaff20c97
fffffddeaa763c43
000000cccccccccd
000002a85a4b098f
ffffffec7a5d6a9a
000000f6140693a5
00000043d384165b
fffffdfd63900663
000000cccccccccd
000002a85a4b098f
000000ba78e93ff0
000000aa1a0d3db0
0000002ac5b3e962
fffffdfd63900663
000000cccccccccd
000002a85a4b098f
ffffffec2e9b157d
000000f60e65b559
00000043d1f6f14d
fffffe1c1ca9d083
000000cccccccccd
000002a85a4b098f
000000ba24a53a83
000000aa70c55065
0000002adb822500
fffffe1c1ca9d083
000000cccccccccd
000002a85a4b098f
ffffffebe2ddfcfc
000000f608af6daf
00000043d063e56d
fffffe3ad5c39aa4
000000cccccccccd
000002a85a4b098f
000000b9cfe00f08
000000aac7ae6879
0000002af15cb42c
fffffe3ad5c39aa4
000000cccccccccd
000002a85a4b098f
ffffffeb9726349d
000000f602e3c129
00000043cecaf3f8
fffffe598edd64c4
000000cccccccccd
000002a85a4b098f
000000b97a98f092
000000ab1ec857a0
0000002b07438b41
fffffe598edd64c4
000000cccccccccd
000002a85a4b098f
ffffffeb4b73cfdd
000000f5fd02b45a
00000043cd2c1e31
fffffe7847f72ee4
000000cccccccccd
000002a85a4b098f
000000b924cf1159
000000ab7612ee0a
0000002b1d369e3a
fffffe7847f72ee4
000000cccccccccd
000002a85a4b098f
ffffffeaffc6e234
000000f5f70c4be4
00000043cb876560
fffffe970110f904
000000cccccccccd
000002a85a4b098f
000000b8ce81a2b9
000000abcd8dfa64
0000002b3335e0b0
fffffe970110f904
000000cccccccccd
000002a85a4b098f
ffffffeab41f7f12
000000f5f1008c7b
00000043c9dccacf
fffffeb5ba2ac325
000000cccccccccd
000002a85a4b098f
000000b877afd53a
000000ac253949d0
0000002b494145d7
fffffeb5ba2ac325
000000cccccccccd
000002a85a4b098f
ffffffea687db9df
000000f5eadf7ae1
00000043c82c4fd0
fffffed473448d45
000000cccccccccd
000002a85a4b098f
000000b82058d88a
000000ac7d14a7db
0000002b5f58c081
fffffed473448d45
000000cccccccccd
000002a85a4b098f
ffffffea1ce1a5fd
000000f5e4a91beb
00000043c675f5b6
fffffef32c5e5765
000000cccccccccd
000002a85a4b098f
000000b7c87bdb85
000000acd51fde81
0000002b757c4318
fffffef32c5e5765
000000cccccccccd
000002a85a4b098f
ffffffe9d14b56c6
000000f5de5d747b
00000043c4b9bdda
ffffff11e5782186
000000cccccccccd
000002a85a4b098f
000000b770180c37
000000ad2d5ab61e
0000002b8babbf9e
ffffff11e5782186
000000cccccccccd
000002a85a4b098f
ffffffe985badf8b
000000f5d7fc8986
00000043c2f7a99a
ffffff309e91eba6
000000cccccccccd
000002a85a4b098f
000000b7172c97db
000000ad85c4f56e
0000002ba1e727ac
ffffff309e91eba6
000000cccccccccd
000002a85a4b098f
ffffffe93a305399
000000f5d186600f
00000043c12fba58
ffffff4f57abb5c6
000000cccccccccd
000002a85a4b098f
000000b6bdb8aae3
000000adde5e6184
0000002bb82e6c73
ffffff4f57abb5c6
000000cccccccccd
000002a85a4b098f
ffffffe8eeabc632
000000f5cafafd2a
00000043bf61f17a
ffffff6e10c57fe7
000000cccccccccd
000002a85a4b098f
000000b663bb70f4
000000ae3726bdc9
0000002bce817eb5
ffffff6e10c57fe7
000000cccccccccd
000002a85a4b098f
ffffffe8a32d4a91
000000f5c45a65fa
00000043bd8e506b
ffffff8cc9df4a07
000000cccccccccd
000002a85a4b098f
000000b6093414ef
000000ae901dcbee
0000002be4e04ec8
ffffff8cc9df4a07
000000cccccccccd
000002a85a4b098f
ffffffe857b4f3ea
000000f5bda49fb3
00000043bbb4d899
ffffffab82f91427
000000cccccccccd
000002a85a4b098f
000000b5ae21c0f0
000000aee9434bef
0000002bfb4acc92
ffffffab82f91427
000000cccccccccd
000002a85a4b098f
ffffffe80c42d568
000000f5b6d9af98
00000043b9d58b78
ffffffca3c12de47
000000cccccccccd
000002a85a4b098f
000000b552839e51
000000af4296fc07
0000002c11c0e78b
ffffffca3c12de47
000000cccccccccd
000002a85a4b098f
ffffffe7c0d7022e
000000f5aff99afd
00000043b7f06a7f
ffffffe8f52ca868
000000cccccccccd
000002a85a4b098f
000000b4f658d5b1
000000af9c1898ac
0000002c28428eb7
ffffffe8f52ca868
000000cccccccccd
000002a85a4b098f
ffffffe775718d58
000000f5a9046743
00000043b605772b
00000007ae467288
000000cccccccccd
000002a85a4b098f
000000b499a08ef2
000000aff5c7dc8c
0000002c3ecfb0a7
00000007ae467288
000000cccccccccd
000002a85a4b098f
ffffffe72a1289f8
000000f5a1fa19df
00000043b414b2fd
0000002667603ca8
000000cccccccccd
000002a85a4b098f
000000b43c59f140
000000b04fa48081
0000002c55683b77
0000002667603ca8
000000cccccccccd
000002a85a4b098f
ffffffe6deba0b19
000000f59adab852
00000043b21e1f78
00000045207a06c9
000000cccccccccd
000002a85a4b098f
000000b3de842310
000000b0a9ae3b90
0000002c6c0c1cce
00000045207a06c9
000000cccccccccd
000002a85a4b098f
ffffffe6936823bd
000000f593a6482f
00000043b021be26
00000063d993d0e9
000000cccccccccd
000002a85a4b098f
000000b3801e4a2b
000000b103e4c2de
0000002c82bb41d8
00000063d993d0e9
000000cccccccccd
000002a85a4b098f
ffffffe6481ce6dd
000000f58c5ccf17
00000043ae1f9094
0000008292ad9b09
000000cccccccccd
000002a85a4b098f
000000b321278ba9
000000b15e47c9b1
0000002c9975974c
0000008292ad9b09
000000cccccccccd
000002a85a4b098f
ffffffe5fcd8676b
000000f584fe52ba
00000043ac179855
000000a14bc7652a
000000cccccccccd
000002a85a4b098f
000000b2c19f0bfa
000000b1b8d70162
0000002cb03b0962
000000a14bc7652a
000000cccccccccd
000002a85a4b098f
ffffffe5b19ab84e
000000f57d8ad8db
00000043aa09d6fd
000000c004e12f4a
000000cccccccccd
000002a85a4b098f
000000b26183eeeb
000000b21392195e
0000002cc70b83d7
000000c004e12f4a
000000cccccccccd
000002a85a4b098f
ffffffe56663ec66
000000f576026748
00000043a7f64e26
000000debdfaf96a
000000cccccccccd
000002a85a4b098f
000000b200d557a3
000000b26e78bf17
0000002cdde6f1ea
000000debdfaf96a
000000cccccccccd
000002a85a4b098f
ffffffe51b34168a
000000f56e6503e1
00000043a5dcff71
000000fd7714c38a
000000cccccccccd
000002a85a4b098f
000000b19f9268ae
000000b2c98a9e09
0000002cf4cd3e59
000000fd7714c38a
000000cccccccccd
000002a85a4b098f
ffffffe4d00b4987
000000f566b2b496
00000043a3bdec7e
0000011c302e8dab
000000cccccccccd
000002a85a4b098f
000000b13dba4400
000000b324c75fa8
0000002d0bbe5361
0000011c302e8dab
000000cccccccccd
000002a85a4b098f
ffffffe484e99822
000000f55eeb7f64
00000043a19916f5
0000013ae94857cb
000000cccccccccd
000002a85a4b098f
000000b0db4c0af6
000000b3802eab62
0000002d22ba1abf
0000013ae94857cb
000000cccccccccd
000002a85a4b098f
ffffffe439cf1515
000000f5570f6a58
000000439f6e8081
00000159a26221eb
000000cccccccccd
000002a85a4b098f
000000b07846de5c
000000b3dbc02696
0000002d39c07da6
00000159a26221eb
000000cccccccccd
000002a85a4b098f
ffffffe3eebbd313
000000f54f1e7b8f
000000439d3e2ad1
000001785b7bec0c
000000cccccccccd
000002a85a4b098f
000000b014a9de74
000000b4377b748d
0000002d50d164c7
000001785b7bec0c
000000cccccccccd
000002a85a4b098f
ffffffe3a3afe4c5
000000f54718b935
000000439b081798
000001971495b62c
000000cccccccccd
000002a85a4b098f
000000afb0742af7
000000b493603671
0000002d67ecb84a
000001971495b62c
000000cccccccccd
000002a85a4b098f
ffffffe358ab5cca
000000f53efe2984
0000004398cc488f
000001b5cdaf804c
000000cccccccccd
000002a85a4b098f
000000af4ba4e31c
000000b4ef6e0b4e
0000002d7f125fcd
000001b5cdaf804c
000000cccccccccd
000002a85a4b098f
ffffffe30dae4db8
000000f536ced2c7
00000043968abf70
000001d486c94a6d
000000cccccccccd
000002a85a4b098f
000000aee63b259d
000000b54ba49004
0000002d96424264
000001d486c94a6d
000000cccccccccd
000002a85a4b098f
ffffffe2c2b8ca1c
000000f52e8abb56
0000004394437dfc
000001f33fe3148d
000000cccccccccd
000002a85a4b098f
000000ae803610bb
000000b5a8035f43
0000002dad7c4695
000001f33fe3148d
000000cccccccccd
000002a85a4b098f
ffffffe277cae477
000000f52631e999
0000004391f685f6
00000211f8fcdead
000000cccccccccd
000002a85a4b098f
000000ae1994c244
000000b6048a1186
0000002dc4c05258
00000211f8fcdead
000000cccccccccd
000002a85a4b098f
ffffffe22ce4af43
000000f51dc46407
000000438fa3d927
00000230b216a8cd
000000cccccccccd
000002a85a4b098f
000000adb2565798
000000b661383d0b
0000002ddc0e4b15
00000230b216a8cd
000000cccccccccd
000002a85a4b098f
ffffffe1e2063cee
000000f515423125
000000438d4b795b
0000024f6b3072ee
000000cccccccccd
000002a85a4b098f
000000ad4a79edad
000000b6be0d75cd
0000002df36615a4
0000024f6b3072ee
000000cccccccccd
000002a85a4b098f
ffffffe1972f9fdf
000000f50cab5788
000000438aed6862
0000026e244a3d0e
000000cccccccccd
000002a85a4b098f
000000ace1fea11a
000000b71b094d7b
0000002e0ac79646
0000026e244a3d0e
000000cccccccccd
000002a85a4b098f
ffffffe14c60ea70
000000f503ffddd1
000000438889a811
0000028cdd64072e
000000cccccccccd
000002a85a4b098f
000000ac78e38e15
000000b7782b5374
0000002e2232b0aa
0000028cdd64072e
000000cccccccccd
000002a85a4b098f
ffffffe1019a2ef2
000000f4fb3fcab4
0000004386203a3f
000002ab967dd14f
000000cccccccccd
000002a85a4b098f
000000ac0f27d080
000000b7d57314c2
0000002e39a747e7
000002ab967dd14f
000000cccccccccd
000002a85a4b098f
ffffffe0b6db7fab
000000f4f26b24f1
0000004383b120c9
000002ca4f979b6f
000000cccccccccd
000002a85a4b098f
000000aba4ca83e9
000000b832e01c0d
0000002e51253e7d
000002ca4f979b6f
000000cccccccccd
000002a85a4b098f
ffffffe06c24eeda
000000f4e981f356
00000043813c5d90
000002e908b1658f
000000cccccccccd
000002a85a4b098f
000000ab39cac397
000000b89071f19a
0000002e68ac764f
000002e908b1658f
000000cccccccccd
000002a85a4b098f
ffffffe021768eaf
000000f4e0843cc0
000000437ec1f277
fffffcbcfb0e8c8d
000000cccccccccd
000001f2e70076f0
000000bd47429a97
000000a62a1a23c9
0000002dd0cebc1b
fffffcbcfb0e8c8d
000000cccccccccd
000001f2e70076f0
ffffffef4d867688
000000f5d0e6f9c8
0000004582a55ad9
fffffcdeb8063420
000000cccccccccd
000001f2e70076f0
000000bceff1088f
000000a6865b2f16
0000002dea3e89d3
fffffcdeb8063420
000000cccccccccd
000001f2e70076f0
ffffffeefa49eb2d
000000f5cb9da49c
000000458126aaf6
fffffd0074fddbb3
000000cccccccccd
000001f2e70076f0
000000bc980daf14
000000a6e2d7dfca
0000002e03bec9b1
fffffd0074fddbb3
000000cccccccccd
000001f2e70076f0
ffffffeea712cbab
000000f5c63a72c8
000000457fa0aaee
fffffd2231f58346
000000cccccccccd
000001f2e70076f0
000000bc3f978da4
000000a73f9009b0
0000002e1d4f6f87
fffffd2231f58346
000000cccccccccd
000001f2e70076f0
ffffffee53e13206
000000f5c0bd696f
000000457e135c33
fffffd43eeed2ad9
000000cccccccccd
000001f2e70076f0
000000bbe68da26f
000000a79c837eb2
0000002e36f06e9e
fffffd43eeed2ad9
000000cccccccccd
000001f2e70076f0
ffffffee00b5383a
000000f5bb268dc9
000000457c7ec040
fffffd65abe4d26c
000000cccccccccd
000001f2e70076f0
000000bb8ceeea5b
000000a7f9b20ed5
0000002e50a1b9bb
fffffd65abe4d26c
000000cccccccccd
000001f2e70076f0
ffffffedad8ef83a
000000f5b575e529
000000457ae2d895
fffffd8768dc79fe
000000cccccccccd
000001f2e70076f0
000000bb32ba6106
000000a8571b882c
0000002e6a63431c
fffffd8768dc79fe
000000cccccccccd
000001f2e70076f0
ffffffed5a6e8bf0
000000f5afab74f8
00000045793fa6bc
fffffda925d42191
000000cccccccccd
000001f2e70076f0
000000bad7ef00c7
000000a8b4bfb6d8
0000002e8434fc72
fffffda925d42191
000000cccccccccd
000001f2e70076f0
ffffffed07540d3c
000000f5a9c742b6
0000004577952c42
fffffdcae2cbc924
000000cccccccccd
000001f2e70076f0
000000ba7c8bc2b2
000000a9129e64f8
0000002e9e16d6e2
fffffdcae2cbc924
000000cccccccccd
000001f2e70076f0
ffffffecb43f95f7
000000f5a3c953fd
0000004575e36abc
fffffdec9fc370b7
000000cccccccccd
000001f2e70076f0
000000ba208f9e9b
000000a970b75aa6
0000002eb808c303
fffffdec9fc370b7
000000cccccccccd
000001f2e70076f0
ffffffec61313fee
000000f59db1ae7d
00000045742a63c6
fffffe0e5cbb184a
000000cccccccccd
000001f2e70076f0
000000b9c3f98b16
000000a9cf0a5deb
0000002ed20ab0da
fffffe0e5cbb184a
000000cccccccccd
000001f2e70076f0
ffffffec0e2924e5
000000f597805800
00000045726a1903
fffffe3019b2bfdd
000000cccccccccd
000001f2e70076f0
000000b966c87d7e
000000aa2d9732bb
0000002eec1c8fd7
fffffe3019b2bfdd
000000cccccccccd
000001f2e70076f0
ffffffebbb275e97
000000f591355664
0000004570a28c1c
fffffe51d6aa6770
000000cccccccccd
000001f2e70076f0
000000b908fb69f5
000000aa8c5d9ae9
0000002f063e4ed6
fffffe51d6aa6770
000000cccccccccd
000001f2e70076f0
ffffffeb682c06b5
000000f58ad0afa1
000000456ed3bec1
fffffe7393a20f02
000000cccccccccd
000001f2e70076f0
000000b8aa914367
000000aaeb5d5621
0000002f206fdc1b
fffffe7393a20f02
000000cccccccccd
000001f2e70076f0
ffffffeb153736e3
000000f5845269c6
000000456cfdb2a9
fffffe955099b695
000000cccccccccd
000001f2e70076f0
000000b84b88fb8f
000000ab4a9621df
0000002f3ab1254f
fffffe955099b695
000000cccccccccd
000001f2e70076f0
ffffffeac24908bf
000000f57dba8afa
000000456b206990
fffffeb70d915e28
000000cccccccccd
000001f2e70076f0
000000b7ebe182fa
000000abaa07b964
0000002f5502177c
fffffeb70d915e28
000000cccccccccd
000001f2e70076f0
ffffffea6f6195db
000000f57709197a
00000045693be53c
fffffed8ca8905bb
000000cccccccccd
000001f2e70076f0
000000b78b99c90b
000000ac09b1d5b1
0000002f6f629f10
fffffed8ca8905bb
000000cccccccccd
000001f2e70076f0
ffffffea1c80f7bd
000000f5703e1b9c
0000004567502775
fffffefa8780ad4e
000000cccccccccd
000001f2e70076f0
000000b72ab0bbfc
000000ac69942d7b
0000002f89d2a7d5
fffffefa8780ad4e
000000cccccccccd
000001f2e70076f0
ffffffe9c9a747e1
000000f5695997cb
00000045655d320d
ffffff1c447854e1
000000cccccccccd
000001f2e70076f0
000000b6c92548e6
000000acc9ae7526
0000002fa4521cf3
ffffff1c447854e1
000000cccccccccd
000001f2e70076f0
ffffffe976d49fba
000000f5625b948b
00000045636306db
ffffff3e016ffc74
000000cccccccccd
000001f2e70076f0
000000b666f65bc3
000000ad2a005eb8
0000002fbee0e8e9
ffffff3e016ffc74
000000cccccccccd
000001f2e70076f0
ffffffe9240918ad
000000f55b441876
000000456161a7be
ffffff5fbe67a406
000000cccccccccd
000001f2e70076f0
000000b60422df70
000000ad8a8999d3
0000002fd97ef58e
ffffff5fbe67a406
000000cccccccccd
000001f2e70076f0
ffffffe8d144cc16
000000f554132a3e
000000455f59169a
ffffff817b5f4b99
000000cccccccccd
000001f2e70076f0
000000b5a0a9bdb8
000000adeb49d3aa
0000002ff42c2c0f
ffffff817b5f4b99
000000cccccccccd
000001f2e70076f0
ffffffe87e87d345
000000f54cc8d0ab
000000455d49555a
ffffffa33856f32c
000000cccccccccd
000001f2e70076f0
000000b53c89df50
000000ae4c40b6f9
000000300ee874e8
ffffffa33856f32c
000000cccccccccd
000001f2e70076f0
ffffffe82bd2477f
000000f54565129e
000000455b3265f0
ffffffc4f54e9abf
000000cccccccccd
000001f2e70076f0
000000b4d7c22be3
000000aead6debfc
0000003029b3b7e6
ffffffc4f54e9abf
000000cccccccccd
000001f2e70076f0
ffffffe7d92441fc
000000f53de7f70b
0000004559144a53
ffffffe6b2464252
000000cccccccccd
000001f2e70076f0
000000b472518a12
000000af0ed11866
00000030448ddc24
ffffffe6b2464252
000000cccccccccd
000001f2e70076f0
ffffffe7867ddbea
000000f536518500
0000004556ef0481
000000086f3de9e5
000000cccccccccd
000001f2e70076f0
000000b40c36df7d
000000af7069df55
000000305f76c806
000000086f3de9e5
000000cccccccccd
000001f2e70076f0
ffffffe733df2e6b
000000f52ea1c3a0
0000004554c29681
0000002a2c359178
000000cccccccccd
000001f2e70076f0
000000b3a57110c5
000000afd237e14e
000000307a6e6137
0000002a2c359178
000000cccccccccd
000001f2e70076f0
ffffffe6e1485292
000000f526d8ba27
00000045528f025c
0000004be92d390a
000000cccccccccd
000001f2e70076f0
000000b33dff0194
000000b0343abc2c
0000003095748ca8
0000004be92d390a
000000cccccccccd
000001f2e70076f0
ffffffe68eb9616b
000000f51ef66fe4
0000004550544a25
0000006da624e09d
000000cccccccccd
000001f2e70076f0
000000b2d5df94a1
000000b096720b1e
00000030b0892e8e
0000006da624e09d
000000cccccccccd
000001f2e70076f0
ffffffe63c3273f1
000000f516faec3e
000000454e126ff3
0000008f631c8830
000000cccccccccd
000001f2e70076f0
000000b26d11abb5
000000b0f8dd6699
00000030cbac2a5b
0000008f631c8830
000000cccccccccd
000001f2e70076f0
ffffffe5e9b3a314
000000f50ee636b4
000000454bc975e5
000000b120142fc3
000000cccccccccd
000001f2e70076f0
000000b2039427b6
000000b15b7c6451
00000030e6dd62c1
000000b120142fc3
000000cccccccccd
000001f2e70076f0
ffffffe5973d07b9
000000f506b856da
0000004549795e1f
000000d2dd0bd756
000000cccccccccd
000001f2e70076f0
000000b19965e8a5
000000b1be4e972b
00000031021cb9a9
000000d2dd0bd756
000000cccccccccd
000001f2e70076f0
ffffffe544cebab7
000000f4fe715459
0000004547222acc
000000f49a037ee9
000000cccccccccd
000001f2e70076f0
000000b12e85cdae
000000b221538f38
000000311d6a1038
000000f49a037ee9
000000cccccccccd
000001f2e70076f0
ffffffe4f268d4d8
000000f4f61136f1
0000004544c3de1d
0000011656fb267c
000000cccccccccd
000001f2e70076f0
000000b0c2f2b527
000000b2848ad9a9
0000003138c546c6
0000011656fb267c
000000cccccccccd
000001f2e70076f0
ffffffe4a00b6ed8
000000f4ed98067a
00000045425e7a4a
0000013813f2ce0e
000000cccccccccd
000001f2e70076f0
000000b056ab7c9a
000000b2e7f400c6
00000031542e3cdc
0000013813f2ce0e
000000cccccccccd
000001f2e70076f0
ffffffe44db6a169
000000f4e505cadf
000000453ff2018f
00000159d0ea75a1
000000cccccccccd
000001f2e70076f0
000000afe9af00cb
000000b34b8e8be3
000000316fa4d136
00000159d0ea75a1
000000cccccccccd
000001f2e70076f0
ffffffe3fb6a852c
000000f4dc5a8c24
000000453d7e7632
0000017b8de21d34
000000cccccccccd
000001f2e70076f0
000000af7bfc1dc4
000000b3af59ff55
000000318b28e1bb
0000017b8de21d34
000000cccccccccd
000001f2e70076f0
ffffffe3a92732b7
000000f4d396525f
000000453b03da7b
0000019d4ad9c4c7
000000cccccccccd
000001f2e70076f0
000000af0d91aed4
000000b41355dc6d
00000031a6ba4b7c
0000019d4ad9c4c7
000000cccccccccd
000001f2e70076f0
ffffffe356ecc292
000000f4cab925c0
00000045388230bb
000001bf07d16c5a
000000cccccccccd
000001f2e70076f0
000000ae9e6e8e9e
000000b47781a167
00000031c258eab1
000001bf07d16c5a
000000cccccccccd
000001f2e70076f0
ffffffe304bb4d37
000000f4c1c30e89
0000004535f97b49
000001e0c4c913ed
000000cccccccccd
000001f2e70076f0
000000ae2e91971e
000000b4dbdcc966
00000031de049ab9
000001e0c4c913ed
000000cccccccccd
000001f2e70076f0
ffffffe2b292eb12
000000f4b8b41514
000000453369bc80
0000020281c0bb80
000000cccccccccd
000001f2e70076f0
000000adbdf9a1b2
000000b54066cc66
00000031f9bd3613
0000020281c0bb80
000000cccccccccd
000001f2e70076f0
ffffffe26073b481
000000f4af8c41d0
0000004530d2f6c3
000002243eb86312
000000cccccccccd
000001f2e70076f0
000000ad4ca58721
000000b5a51f1f32
000000321582965d
000002243eb86312
000000cccccccccd
000001f2e70076f0
ffffffe20e5dc1d4
000000f4a64b9d41
000000452e352c7a
00000245fbb00aa5
000000cccccccccd
000001f2e70076f0
000000acda941fa6
000000b60a05335d
0000003231549451
00000245fbb00aa5
000000cccccccccd
000001f2e70076f0
ffffffe1bc512b4e
000000f49cf23000
000000452b906015
00000267b8a7b238
000000cccccccccd
000001f2e70076f0
000000ac67c442f8
000000b66f187735
000000324d3307c4
00000267b8a7b238
000000cccccccccd
000001f2e70076f0
ffffffe16a4e0922
000000f4938002bc
0000004528e49407
00000289759f59cb
000000cccccccccd
000001f2e70076f0
000000abf434c853
000000b6d45855b8
00000032691dc79f
00000289759f59cb
000000cccccccccd
000001f2e70076f0
ffffffe118547375
000000f489f51e39
000000452631cacb
000002ab3297015e
000000cccccccccd
000001f2e70076f0
000000ab7fe4867f
000000b739c4368c
000000328514a9e2
000002ab3297015e
000000cccccccccd
000001f2e70076f0
ffffffe0c664825d
000000f480518b50
00000045237806e1
000002ccef8ea8f1
000000cccccccccd
000001f2e70076f0
000000ab0ad253e0
000000b79f5b7df4
00000032a117839b
000002ccef8ea8f1
000000cccccccccd
000001f2e70076f0
ffffffe0747e4de2
000000f4769552f0
0000004520b74ad1
000002eeac865084
000000cccccccccd
000001f2e70076f0
000000aa94fd0679
000000b8051d8cc5
00000032bd2628e6
000002eeac865084
000000cccccccccd
000001f2e70076f0
ffffffe022a1edfe
000000f46cc07e1b
000000451def9926
00000310697df816
000000cccccccccd
000001f2e70076f0
000000aa1e6373fc
000000b86b09c05b
00000032d9406ced
00000310697df816
000000cccccccccd
000001f2e70076f0
ffffffdfd0cf7a99
000000f462d315e9
000000451b20f472
0000033226759fa9
000000cccccccccd
000001f2e70076f0
000000a9a70471d1
000000b8d11f7291
00000032f56621e0
0000033226759fa9
000000cccccccccd
000001f2e70076f0
ffffffdf7f070b8f
000000f458cd2386
00000045184b5f4e
fffffc621dbb0157
000000cccccccccd
00000115f64d2046
000000bd8279468d
000000a49c669121
0000003240abd976
fffffc621dbb0157
000000cccccccccd
00000115f64d2046
fffffff0371a4ef2
000000f54e1a60de
000000478001fc86
fffffc87868ca95e
000000cccccccccd
00000115f64d2046
000000bd22cf7155
000000a500ecf8c5
000000325f5c1437
fffffc87868ca95e
000000cccccccccd
00000115f64d2046
ffffffefdaf5912d
000000f5489358c2
000000477e658aa8
fffffcacef5e5165
000000cccccccccd
00000115f64d2046
000000bcc275e55a
000000a565bb1afd
000000327e2234b8
fffffcacef5e5165
000000cccccccccd
00000115f64d2046
ffffffef7ed71fbd
000000f542ecac8c
000000477cbfdfd2
fffffcd2582ff96c
000000cccccccccd
00000115f64d2046
000000bc616b4e0d
000000a5cad0beb0
000000329cfe298b
fffffcd2582ff96c
000000cccccccccd
00000115f64d2046
ffffffef22bf1dfb
000000f53d2662d3
000000477b10fdf0
fffffcf7c101a173
000000cccccccccd
00000115f64d2046
000000bbffae54f5
000000a6302da813
00000032bbefe06e
fffffcf7c101a173
000000cccccccccd
00000115f64d2046
ffffffeec6adaf32
000000f537408253
000000477958e6f8
fffffd1d29d3497a
000000cccccccccd
00000115f64d2046
000000bb9d3da1b6
000000a695d1989c
00000032daf7464a
fffffd1d29d3497a
000000cccccccccd
00000115f64d2046
ffffffee6aa2f6a0
000000f5313b11ed
0000004777979cec
fffffd4292a4f180
000000cccccccccd
00000115f64d2046
000000bb3a17da0f
000000a6fbbc4ef4
00000032fa14472e
fffffd4292a4f180
000000cccccccccd
00000115f64d2046
ffffffee0e9f1777
000000f52b1618a4
0000004775cd21d7
fffffd67fb769987
000000cccccccccd
00000115f64d2046
000000bad63ba1e4
000000a761ed86ee
000000331946ce47
fffffd67fb769987
000000cccccccccd
00000115f64d2046
ffffffedb2a234db
000000f524d19da1
0000004773f977cf
fffffd8d6448418e
000000cccccccccd
00000115f64d2046
000000ba71a79b3d
000000a7c864f977
00000033388ec5e5
fffffd8d6448418e
000000cccccccccd
00000115f64d2046
ffffffed56ac71e4
000000f51e6da830
00000047721ca0f4
fffffdb2cd19e995
000000cccccccccd
00000115f64d2046
000000ba0c5a664d
000000a82f225c8a
0000003357ec176d
fffffdb2cd19e995
000000cccccccccd
00000115f64d2046
ffffffecfabdf19b
000000f517ea3fbe
0000004770369f71
fffffdd835eb919c
000000cccccccccd
00000115f64d2046
000000b9a652a176
000000a896256322
00000033775eab5e
fffffdd835eb919c
000000cccccccccd
00000115f64d2046
ffffffec9ed6d6f9
000000f511476bdf
000000476e47757c
fffffdfd9ebd39a2
000000cccccccccd
00000115f64d2046
000000b93f8ee94c
000000a8fd6dbd2f
0000003396e66946
fffffdfd9ebd39a2
000000cccccccccd
00000115f64d2046
ffffffec42f744ed
000000f50a85344a
000000476c4f2553
fffffe23078ee1a9
000000cccccccccd
00000115f64d2046
000000b8d80dd89d
000000a964fb1789
00000033b68337c1
fffffe23078ee1a9
000000cccccccccd
00000115f64d2046
ffffffebe71f5e55
000000f503a3a0d7
000000476a4db140
fffffe48706089b0
000000cccccccccd
00000115f64d2046
000000b86fce0873
000000a9cccd1bdc
00000033d634fc77
fffffe48706089b0
000000cccccccccd
00000115f64d2046
ffffffeb8b4f45ff
000000f4fca2b983
0000004768431b97
fffffe6dd93231b7
000000cccccccccd
00000115f64d2046
000000b806ce101b
000000aa34e370a5
00000033f5fb9c12
fffffe6dd93231b7
000000cccccccccd
00000115f64d2046
ffffffeb2f871ead
000000f4f582866f
00000047662f66b7
fffffe934203d9be
000000cccccccccd
00000115f64d2046
000000b79d0c852d
000000aa9d3db91a
0000003415d6fa3f
fffffe934203d9be
000000cccccccccd
00000115f64d2046
ffffffead3c70b0f
000000f4ee430fdc
0000004764129508
fffffeb8aad581c4
000000cccccccccd
00000115f64d2046
000000b73287fb8c
000000ab05db9523
0000003435c6f9a9
fffffeb8aad581c4
000000cccccccccd
00000115f64d2046
ffffffea780f2dc7
000000f4e6e45e32
0000004761eca8fc
fffffede13a729cb
000000cccccccccd
00000115f64d2046
000000b6c73f0573
000000ab6ebca148
0000003455cb7bf1
fffffede13a729cb
000000cccccccccd
00000115f64d2046
ffffffea1c5fa968
000000f4df6679f7
000000475fbda511
ffffff037c78d1d2
000000cccccccccd
00000115f64d2046
000000b65b303375
000000abd7e076a4
0000003475e461af
ffffff037c78d1d2
000000cccccccccd
00000115f64d2046
ffffffe9c0b8a072
000000f4d7c96bd8
000000475d858bcc
ffffff28e54a79d9
000000cccccccccd
00000115f64d2046
000000b5ee5a148b
000000ac4146aada
0000003496118a69
ffffff28e54a79d9
000000cccccccccd
00000115f64d2046
ffffffe9651a3557
000000f4d00d3ca3
000000475b445fc0
ffffff4e4e1c21e0
000000cccccccccd
00000115f64d2046
000000b580bb3615
000000acaaeed000
00000034b652d492
ffffff4e4e1c21e0
000000cccccccccd
00000115f64d2046
ffffffe909848a79
000000f4c831f548
0000004758fa2387
ffffff73b6edc9e6
000000cccccccccd
00000115f64d2046
000000b5125223e3
000000ad14d87496
00000034d6a81d84
ffffff73b6edc9e6
000000cccccccccd
00000115f64d2046
ffffffe8adf7c228
000000f4c0379ed9
0000004756a6d9c5
ffffff991fbf71ed
000000cccccccccd
00000115f64d2046
000000b4a31d6840
000000ad7f032374
00000034f711417a
ffffff991fbf71ed
000000cccccccccd
00000115f64d2046
ffffffe85273fea2
000000f4b81e428d
00000047544a852b
ffffffbe889119f4
000000cccccccccd
00000115f64d2046
000000b4331b8bf6
000000ade96e63be
00000035178e1b8f
ffffffbe889119f4
000000cccccccccd
00000115f64d2046
ffffffe7f6f96217
000000f4afe5e9b9
0000004751e52871
ffffffe3f162c1fb
000000cccccccccd
00000115f64d2046
000000b3c24b1658
000000ae5419b8d2
00000035381e85b7
ffffffe3f162c1fb
000000cccccccccd
00000115f64d2046
ffffffe79b880ea2
000000f4a78e9dd8
000000474f76c65b
000000095a346a02
000000cccccccccd
00000115f64d2046
000000b350aa8d4a
000000aebf04a23b
0000003558c258ba
000000095a346a02
000000cccccccccd
00000115f64d2046
ffffffe74020264e
000000f49f186885
000000474cff61b3
0000002ec3061209
000000cccccccccd
00000115f64d2046
000000b2de38754c
000000af2a2e9ba3
0000003579796c33
0000002ec3061209
000000cccccccccd
00000115f64d2046
ffffffe6e4c1cb14
000000f49683537c
000000474a7efd53
000000542bd7ba0f
000000cccccccccd
00000115f64d2046
000000b26af35180
000000af95971cbe
000000359a439685
000000542bd7ba0f
000000cccccccccd
00000115f64d2046
ffffffe6896d1edb
000000f48dcf689d
0000004747f59c19
0000007994a96216
000000cccccccccd
00000115f64d2046
000000b1f6d9a3b8
000000b0013d9944
00000035bb20acdd
0000007994a96216
000000cccccccccd
00000115f64d2046
ffffffe62e224377
000000f484fcb1e7
00000047456340f1
0000009efd7b0a1d
000000cccccccccd
00000115f64d2046
000000b181e9ec7c
000000b06d2180d7
00000035dc10832a
0000009efd7b0a1d
000000cccccccccd
00000115f64d2046
ffffffe5d2e15aa9
000000f47c0b397d
0000004742c7eece
000000c4664cb224
000000cccccccccd
00000115f64d2046
000000b10c22ab17
000000b0d9423efd
00000035fd12ec15
000000c4664cb224
000000cccccccccd
00000115f64d2046
ffffffe577aa8621
000000f472fb09a2
000000474023a8ae
000000e9cf1e5a2b
000000cccccccccd
00000115f64d2046
000000b095825da1
000000b1459f3b09
000000361e27b905
000000e9cf1e5a2b
000000cccccccccd
00000115f64d2046
ffffffe51c7de77a
000000f469cc2cb9
000000473d767198
0000010f37f00231
000000cccccccccd
00000115f64d2046
000000b01e078109
000000b1b237d80f
000000363f4eba11
0000010f37f00231
000000cccccccccd
00000115f64d2046
ffffffe4c15ba03b
000000f4607ead48
000000473ac04c9d
00000134a0c1aa38
000000cccccccccd
00000115f64d2046
000000afa5b09124
000000b21f0b74d4
000000366087be01
00000134a0c1aa38
000000cccccccccd
00000115f64d2046
ffffffe46643d1d9
000000f4571295f6
0000004738013cd9
0000015a0993523f
000000cccccccccd
00000115f64d2046
000000af2c7c08b4
000000b28c196bbc
0000003681d29245
0000015a0993523f
000000cccccccccd
00000115f64d2046
ffffffe40b369db6
000000f44d87f189
000000473539456f
0000017f7264fa46
000000cccccccccd
00000115f64d2046
000000aeb2686179
000000b2f96112bc
00000036a32f02f6
0000017f7264fa46
000000cccccccccd
00000115f64d2046
ffffffe3b034251e
000000f443decae9
000000473268698c
000001a4db36a24d
000000cccccccccd
00000115f64d2046
000000ae3774143a
000000b366e1bb48
00000036c49cdac9
000001a4db36a24d
000000cccccccccd
00000115f64d2046
ffffffe3553c8949
000000f43a172d1e
000000472f8eac69
000001ca44084a53
000000cccccccccd
00000115f64d2046
000000adbb9d98d8
000000b3d49ab247
00000036e61be311
000001ca44084a53
000000cccccccccd
00000115f64d2046
ffffffe2fa4feb5b
000000f430312352
000000472cac1146
000001efacd9f25a
000000cccccccccd
00000115f64d2046
000000ad3ee36652
000000b4428b3ffc
0000003707abe3b9
000001efacd9f25a
000000cccccccccd
00000115f64d2046
ffffffe29f6e6c64
000000f4262cb8cc
0000004729c09b6c
0000021515ab9a61
000000cccccccccd
00000115f64d2046
000000acc143f2dd
000000b4b0b2a7fa
00000037294ca338
0000021515ab9a61
000000cccccccccd
00000115f64d2046
ffffffe244982d5d
000000f41c09f8f7
0000004726cc4e30
0000023a7e7d4268
000000cccccccccd
00000115f64d2046
000000ac42bdb3eb
000000b51f102916
000000374afde698
0000023a7e7d4268
000000cccccccccd
00000115f64d2046
ffffffe1e9cd4f2d
000000f411c8ef5c
0000004723cf2cee
0000025fe74eea6f
000000cccccccccd
00000115f64d2046
000000abc34f1e40
000000b58da2fd50
000000376cbf7165
0000025fe74eea6f
000000cccccccccd
00000115f64d2046
ffffffe18f0df2a2
000000f40769a7a2
0000004720c93b0c
0000028550209275
000000cccccccccd
00000115f64d2046
000000ab42f6a5fb
000000b5fc6a59c7
000000378e9105b1
0000028550209275
000000cccccccccd
00000115f64d2046
ffffffe1345a3877
000000f3fcec2d94
000000471dba7bf9
000002aab8f23a7c
000000cccccccccd
00000115f64d2046
000000aac1b2beac
000000b66b656ea8
00000037b0726409
000002aab8f23a7c
000000cccccccccd
00000115f64d2046
ffffffe0d9b24150
000000f3f2508d18
000000471aa2f32e
000002d021c3e283
000000cccccccccd
00000115f64d2046
000000aa3f81db60
000000b6da93671d
00000037d2634b75
000002d021c3e283
000000cccccccccd
00000115f64d2046
ffffffe07f162dbb
000000f3e796d238
000000471782a42c
000002f58a958a8a
000000cccccccccd
00000115f64d2046
000000a9bc626eb3
000000b749f3693c
00000037f463796d
000002f58a958a8a
000000cccccccccd
00000115f64d2046
ffffffe024861e31
000000f3dcbf091a
000000471459927f
0000031af3673291
000000cccccccccd
00000115f64d2046
000000a93852eae1
000000b7b98495f5
000000381672a9d9
0000031af3673291
000000cccccccccd
00000115f64d2046
ffffffdfca023313
000000f3d1c93e03
000000471127c1ba
000003405c38da98
000000cccccccccd
00000115f64d2046
000000a8b351c1d9
000000b829460907
000000383890970a
000003405c38da98
000000cccccccccd
00000115f64d2046
ffffffdf6f8a8cad
000000f3c6b57d5a
000000470ded357a
00000365c50a829e
000000cccccccccd
00000115f64d2046
000000a82d5d654f
000000b89936d8e7
000000385abcf9b5
00000365c50a829e
000000cccccccccd
00000115f64d2046
ffffffdf151f4b32
000000f3bb83d3a1
000000470aa9f164
0000038b2ddc2aa5
000000cccccccccd
00000115f64d2046
000000a7a67446cb
000000b9095616b7
000000387cf788ee
0000038b2ddc2aa5
000000cccccccccd
00000115f64d2046
ffffffdebac08ebf
000000f3b0344d7d
00000047075df929
fffffbf10fc8cec9
000000cccccccccd
0000000310fb6428
000000bdb4704247
000000a2a4d2a30b
00000037a21b3e1a
fffffbf10fc8cec9
000000cccccccccd
0000000310fb6428
fffffff158c54949
000000f4a56d3c13
00000049f4c9e497
fffffc1b09f9954d
000000cccccccccd
0000000310fb6428
000000bd4a99b0b1
000000a31312cb3f
00000037c7d178e2
fffffc1b09f9954d
000000cccccccccd
0000000310fb6428
fffffff0f1999135
000000f49fafbf95
00000049f30dab55
fffffc45042a5bd0
000000cccccccccd
0000000310fb6428
000000bcdfeb4505
000000a381aa80d2
00000037eda5a649
fffffc45042a5bd0
000000cccccccccd
0000000310fb6428
fffffff08a753531
000000f499caae42
00000049f1457aef
fffffc6efe5b2254
000000cccccccccd
0000000310fb6428
000000bc74632e56
000000a3f09977ca
000000381397ac51
fffffc6efe5b2254
000000cccccccccd
0000000310fb6428
fffffff0235866ed
000000f493be10ba
00000049ef715600
fffffc98f88be8d7
000000cccccccccd
0000000310fb6428
000000bc07ff98d2
000000a45fdf6028
0000003839a76f9e
fffffc98f88be8d7
000000cccccccccd
0000000310fb6428
ffffffefbc435807
000000f48d89efd4
00000049ed913f35
fffffcc2f2bcaf5b
000000cccccccccd
0000000310fb6428
000000bb9abeadc2
000000a4cf7be5cf
000000385fd4d369
fffffcc2f2bcaf5b
000000cccccccccd
0000000310fb6428
ffffffef55363a09
000000f4872e54a1
00000049eba5394a
fffffcececed75de
000000cccccccccd
0000000310fb6428
000000bb2c9e9397
000000a53f6eb070
00000038861fb97e
fffffcececed75de
000000cccccccccd
0000000310fb6428
ffffffeeee313e6c
000000f480ab486b
00000049e9ad4710
fffffd16e71e3c62
000000cccccccccd
0000000310fb6428
000000babd9d6de8
000000a5afb76377
00000038ac880232
fffffd16e71e3c62
000000cccccccccd
0000000310fb6428
ffffffee87349694
000000f47a00d4b1
00000049e7a96b64
fffffd40e14f02e5
000000cccccccccd
0000000310fb6428
000000ba4db95d80
000000a620559df3
00000038d30d8c5d
fffffd40e14f02e5
000000cccccccccd
0000000310fb6428
ffffffee204073d0
000000f4732f032e
00000049e599a939
fffffd6adb7fc969
000000cccccccccd
0000000310fb6428
000000b9dcf08060
000000a69148fa83
00000038f9b03551
fffffd6adb7fc969
000000cccccccccd
0000000310fb6428
ffffffedb955075c
000000f46c35ddd2
00000049e37e038e
fffffd94d5b08fec
000000cccccccccd
0000000310fb6428
000000b96b40f1cc
000000a702910f3d
00000039206fd8d3
fffffd94d5b08fec
000000cccccccccd
0000000310fb6428
ffffffed5272825e
000000f465156ec7
00000049e1567d77
fffffdbecfe15670
000000cccccccccd
0000000310fb6428
000000b8f8a8ca4d
000000a7742d6d9a
00000039474c5116
fffffdbecfe15670
000000cccccccccd
0000000310fb6428
ffffffeceb9915e6
000000f45dcdc06e
00000049df231a17
fffffde8ca121cf3
000000cccccccccd
0000000310fb6428
000000b885261fbe
000000a7e61da261
000000396e4576af
fffffde8ca121cf3
000000cccccccccd
0000000310fb6428
ffffffec84c8f2ef
000000f4565edd5e
00000049dce3dca1
fffffe12c442e377
000000cccccccccd
0000000310fb6428
000000b810b70552
000000a85861358c
00000039955b2090
fffffe12c442e377
000000cccccccccd
0000000310fb6428
ffffffec1e024a5c
000000f44ec8d067
00000049da98c85a
fffffe3cbe73a9fa
000000cccccccccd
0000000310fb6428
000000b79b598ba2
000000a8caf7aa35
00000039bc8d2401
fffffe3cbe73a9fa
000000cccccccccd
0000000310fb6428
ffffffebb7454cfc
000000f4470ba490
00000049d841e097
fffffe66b8a4707e
000000cccccccccd
0000000310fb6428
000000b7250bc0b0
000000a93de07e7b
00000039e3db5495
fffffe66b8a4707e
000000cccccccccd
0000000310fb6428
ffffffeb50922b84
000000f43f276516
00000049d5df28be
fffffe90b2d53701
000000cccccccccd
0000000310fb6428
000000b6adcbaff9
000000a9b11b2b71
0000003a0b458424
fffffe90b2d53701
000000cccccccccd
0000000310fb6428
ffffffeae9e91693
000000f4371c1d6e
00000049d370a446
fffffebaad05fd85
000000cccccccccd
0000000310fb6428
000000b63597627a
000000aa24a724fe
0000003a32cb82c4
fffffebaad05fd85
000000cccccccccd
0000000310fb6428
ffffffea834a3eae
000000f42ee9d943
00000049d0f656b6
fffffee4a736c408
000000cccccccccd
0000000310fb6428
000000b5bc6cdec0
000000aa9883d9cc
0000003a5a6d1ebc
fffffee4a736c408
000000cccccccccd
0000000310fb6428
ffffffea1cb5d442
000000f42690a475
00000049ce7043a5
ffffff0ea1678a8c
000000cccccccccd
0000000310fb6428
000000b5424a28f2
000000ab0cb0b32c
0000003a822a2484
ffffff0ea1678a8c
000000cccccccccd
0000000310fb6428
ffffffe9b62c07a4
000000f41e108b1e
00000049cbde6eba
ffffff389b98510f
000000cccccccccd
0000000310fb6428
000000b4c72d42dc
000000ab812d1500
0000003aaa025eb3
ffffff389b98510f
000000cccccccccd
0000000310fb6428
ffffffe94fad0910
000000f41569998a
00000049c940dbaf
ffffff6295c91793
000000cccccccccd
0000000310fb6428
000000b44b142c02
000000abf5f85da0
0000003ad1f595fe
ffffff6295c91793
000000cccccccccd
0000000310fb6428
ffffffe8e93908a4
000000f40c9bdc3d
00000049c6978e4b
ffffff8c8ff9de16
000000cccccccccd
0000000310fb6428
000000b3cdfce1a7
000000ac6b11e5c3
0000003afa03912d
ffffff8c8ff9de16
000000cccccccccd
0000000310fb6428
ffffffe882d03669
000000f403a75ff1
00000049c3e28a68
ffffffb68a2aa49a
000000cccccccccd
0000000310fb6428
000000b34fe55ee0
000000ace0790065
0000003b222c1512
ffffffb68a2aa49a
000000cccccccccd
0000000310fb6428
ffffffe81c72c24a
000000f3fa8c3194
00000049c121d3ed
ffffffe0845b6b1d
000000cccccccccd
0000000310fb6428
000000b2d0cb9ca1
000000ad562cfaae
0000003b4a6ee480
ffffffe0845b6b1d
000000cccccccccd
0000000310fb6428
ffffffe7b620dc17
000000f3f14a5e4b
00000049be556ed5
0000000a7e8c31a1
000000cccccccccd
0000000310fb6428
000000b250ad91d0
000000adcc2d1bda
0000003b72cbc043
0000000a7e8c31a1
000000cccccccccd
0000000310fb6428
ffffffe74fdab385
000000f3e7e1f36e
00000049bb7d5f27
0000003478bcf824
000000cccccccccd
0000000310fb6428
000000b1cf893350
000000ae4278a51d
0000003b9b426718
0000003478bcf824
000000cccccccccd
0000000310fb6428
ffffffe6e9a0782e
000000f3de52fe8c
00000049b899a8fe
0000005e72edbea8
000000cccccccccd
0000000310fb6428
000000b14d5c7417
000000aeb90ed189
0000003bc3d295a3
0000005e72edbea8
000000cccccccccd
0000000310fb6428
ffffffe68372598e
000000f3d49d8d67
00000049b5aa5081
000000886d1e852b
000000cccccccccd
0000000310fb6428
000000b0ca25453e
000000af2feed5f7
0000003bec7c0666
000000886d1e852b
000000cccccccccd
0000000310fb6428
ffffffe61d508703
000000f3cac1adf7
00000049b2af59ea
000000b2674f4baf
000000cccccccccd
0000000310fb6428
000000b045e19611
000000afa717e0ea
0000003c153e71ba
000000b2674f4baf
000000cccccccccd
0000000310fb6428
ffffffe5b73b2fd2
000000f3c0bf6e67
00000049afa8c981
000000dc61801232
000000cccccccccd
0000000310fb6428
000000afc08f5427
000000b01e891a75
0000003c3e198dc3
000000dc61801232
000000cccccccccd
0000000310fb6428
ffffffe55132831d
000000f3b696dd16
00000049ac96a39f
000001065bb0d8b6
000000cccccccccd
0000000310fb6428
000000af3a2c6b73
000000b09641a423
0000003c670d0e68
000001065bb0d8b6
000000cccccccccd
0000000310fb6428
ffffffe4eb36afed
000000f3ac480897
00000049a978ecab
0000013055e19f39
000000cccccccccd
0000000310fb6428
000000aeb2b6c659
000000b10e4098d6
0000003c9018a54c
0000013055e19f39
000000cccccccccd
0000000310fb6428
ffffffe48547e528
000000f3a1d2ffb1
00000049a64fa91d
0000015a501265bd
000000cccccccccd
0000000310fb6428
000000ae2a2c4dc1
000000b186850cb5
0000003cb93c01c1
0000015a501265bd
000000cccccccccd
0000000310fb6428
ffffffe41f665199
000000f39737d15f
00000049a31add7c
000001844a432c40
000000cccccccccd
0000000310fb6428
000000ada08ae934
000000b1ff0e0d09
0000003ce276d0c3
000001844a432c40
000000cccccccccd
0000000310fb6428
ffffffe3b99223e8
000000f38c768ccd
000000499fda8e5e
000001ae4473f2c4
000000cccccccccd
0000000310fb6428
000000ad15d07eeb
000000b277daa027
0000003d0bc8bcea
000001ae4473f2c4
000000cccccccccd
0000000310fb6428
ffffffe353cb8aa1
000000f3818f415c
000000499c8ec06a
000001d83ea4b947
000000cccccccccd
0000000310fb6428
000000ac89faf3ec
000000b2f0e9c552
0000003d35316e65
000001d83ea4b947
000000cccccccccd
0000000310fb6428
ffffffe2ee12b42d
000000f37681fe9e
0000004999377854
0000020238d57fcb
000000cccccccccd
0000000310fb6428
000000abfd082c21
000000b36a3a74a1
0000003d5eb08aee
0000020238d57fcb
000000cccccccccd
0000000310fb6428
ffffffe28867ced7
000000f36b4ed458
0000004995d4bae2
0000022c3306464e
000000cccccccccd
0000000310fb6428
000000ab6ef60a70
000000b3e3cb9ee3
0000003d8845b5c2
0000022c3306464e
000000cccccccccd
0000000310fb6428
ffffffe222cb08c6
000000f35ff5d283
0000004992668ce6
000002562d370cd2
000000cccccccccd
0000000310fb6428
000000aadfc270d7
000000b45d9c2d82
0000003db1f08f97
000002562d370cd2
000000cccccccccd
0000000310fb6428
ffffffe1bd3c9002
000000f354770946
000000498eecf343
000002802767d355
000000cccccccccd
0000000310fb6428
000000aa4f6b4088
000000b4d7ab026c
0000003ddbb0b692
000002802767d355
000000cccccccccd
0000000310fb6428
ffffffe157bc9273
000000f348d288fd
000000498b67f2eb
000002aa219899d9
000000cccccccccd
0000000310fb6428
000000a9bdee5a02
000000b551f6f7f3
0000003e0585c63f
000002aa219899d9
000000cccccccccd
0000000310fb6428
ffffffe0f24b3dda
000000f33d086235
0000004987d790de
000002d41bc9605c
000000cccccccccd
0000000310fb6428
000000a92b499d30
000000b5cc7ee0b1
0000003e2f6f5786
000002d41bc9605c
000000cccccccccd
0000000310fb6428
ffffffe08ce8bfdb
000000f33118a5ab
00000049843bd22d
000002fe15fa26e0
000000cccccccccd
0000000310fb6428
000000a8977ae987
000000b647418770
0000003e596d00a2
000002fe15fa26e0
000000cccccccccd
0000000310fb6428
ffffffe0279545f4
000000f32503644e
000000498094bbf5
00000328102aed63
000000cccccccccd
0000000310fb6428
000000a802801e23
000000b6c23daf0b
0000003e837e5518
00000328102aed63
000000cccccccccd
0000000310fb6428
ffffffdfc250fd80
000000f318c8af3c
000000497ce25364
000003520a5bb3e7
000000cccccccccd
0000000310fb6428
000000a76c5719e9
000000b73d721254
0000003eada2e5ae
000003520a5bb3e7
000000cccccccccd
0000000310fb6428
ffffffdf5d1c13b9
000000f30c6897c5
0000004979249db5
0000037c048c7a6b
000000cccccccccd
0000000310fb6428
000000a6d4fdbba5
000000b7b8dd63f8
0000003ed7da405e
0000037c048c7a6b
000000cccccccccd
0000000310fb6428
ffffffdef7f6b5b2
000000f2ffe32f69
00000049755ba032
000003a5febd40ee
000000cccccccccd
0000000310fb6428
000000a63c71e22d
000000b8347e4e63
0000003f0223f053
000003a5febd40ee
000000cccccccccd
0000000310fb6428
ffffffde92e1105c
000000f2f33887d8
0000004971876034
000003cff8ee0772
000000cccccccccd
0000000310fb6428
000000a5a2b16c83
000000b8b05373a2
0000003f2c7f7dd9
000003cff8ee0772
000000cccccccccd
0000000310fb6428
ffffffde2ddb5082
000000f2e668b2f1
000000496da7e323
000003f9f31ecdf5
000000cccccccccd
0000000310fb6428
000000a507ba39fc
000000b92c5b6d4c
0000003f56ec6e58
000003f9f31ecdf5
000000cccccccccd
0000000310fb6428
ffffffddc8e5a2cb
000000f2d973c2c3
0000004969bd2e73
fffffb608ee85406
000000cccccccccd
fffffea3b38d78d6
000000bdd099a5ee
000000a015c173b8
0000003e4858dcad
fffffb608ee85406
000000cccccccccd
fffffea3b38d78d6
fffffff2c955f0fc
000000f3c4817caf
0000004d103777cf
fffffb905fc27f2c
000000cccccccccd
fffffea3b38d78d6
000000bd5a0c5d5d
000000a08f83a1e9
0000003e77b7ebd4
fffffb905fc27f2c
000000cccccccccd
fffffea3b38d78d6
fffffff2542a6b6c
000000f3bea1a04f
0000004d0e5c0bb4
fffffbc0309caa53
000000cccccccccd
fffffea3b38d78d6
000000bce26fb30f
000000a109b26ad5
0000003ea7413be6
fffffbc0309caa53
000000cccccccccd
fffffea3b38d78d6
fffffff1df078302
000000f3b88eddaf
0000004d0c70884a
fffffbf00176d579
000000cccccccccd
fffffea3b38d78d6
000000bc69c116c0
000000a1844d6545
0000003ed6f4a3f5
fffffbf00176d579
000000cccccccccd
fffffea3b38d78d6
fffffff169ed80a7
000000f3b2494045
0000004d0a74f130
fffffc1fd25100a0
000000cccccccccd
fffffea3b38d78d6
000000bbeffdf392
000000a1ff5421b7
0000003f06d1f89e
fffffc1fd25100a0
000000cccccccccd
fffffea3b38d78d6
fffffff0f4dcad2b
000000f3abd0d3e2
0000004d08694a21
fffffc4fa32b2bc7
000000cccccccccd
fffffea3b38d78d6
000000bb7523b015
000000a27ac62a3c
0000003f36d90bff
fffffc4fa32b2bc7
000000cccccccccd
fffffea3b38d78d6
fffffff07fd5513f
000000f3a525a4b9
0000004d064d96fa
fffffc7f740556ed
000000cccccccccd
fffffea3b38d78d6
000000baf92fae54
000000a2f6a30253
0000003f6709ada7
fffffc7f740556ed
000000cccccccccd
fffffea3b38d78d6
fffffff00ad7b579
000000f39e47bf57
0000004d0421dbb2
fffffcaf44df8214
000000cccccccccd
fffffea3b38d78d6
000000ba7c1f4be2
000000a372ea26c3
0000003f9763aa89
fffffcaf44df8214
000000cccccccccd
fffffea3b38d78d6
ffffffef95e4224d
000000f3973730a8
0000004d01e61c5f
fffffcdf15b9ad3a
000000cccccccccd
fffffea3b38d78d6
000000b9fdefe1e1
000000a3ef9b0d75
0000003fc7e6ccec
fffffcdf15b9ad3a
000000cccccccccd
fffffea3b38d78d6
ffffffef20fae013
000000f38ff405f7
0000004cff9a5d35
fffffd0ee693d861
000000cccccccccd
fffffea3b38d78d6
000000b97e9ec513
000000a46cb52552
0000003ff892dc5c
fffffd0ee693d861
000000cccccccccd
fffffea3b38d78d6
ffffffeeac1c3701
000000f3887e4cea
0000004cfd3ea284
fffffd3eb76e0387
000000cccccccccd
fffffea3b38d78d6
000000b8fe2945e9
000000a4ea37d616
0000004029679d9c
fffffd3eb76e0387
000000cccccccccd
fffffea3b38d78d6
ffffffee37486f2c
000000f380d61384
0000004cfad2f0bb
fffffd6e88482eae
000000cccccccccd
fffffea3b38d78d6
000000b87c8cb08d
000000a56822802c
000000405a64d296
fffffd6e88482eae
000000cccccccccd
fffffea3b38d78d6
ffffffedc27fd087
000000f378fb6825
0000004cf8574c64
fffffd9e592259d4
000000cccccccccd
fffffea3b38d78d6
000000b7f9c64cf8
000000a5e6747c89
000000408b8a3a4c
fffffd9e592259d4
000000cccccccccd
fffffea3b38d78d6
ffffffed4dc2a2e3
000000f370ee598a
0000004cf5cbba28
fffffdce29fc84fb
000000cccccccccd
fffffea3b38d78d6
000000b775d35f00
000000a6652d1c7f
00000040bcd790c8
fffffdce29fc84fb
000000cccccccccd
fffffea3b38d78d6
ffffffecd9112dec
000000f368aef6c9
0000004cf3303ecd
fffffdfdfad6b022
000000cccccccccd
fffffea3b38d78d6
000000b6f0b12667
000000a6e44ba996
00000040ee4c8f0d
fffffdfdfad6b022
000000cccccccccd
fffffea3b38d78d6
ffffffec646bb92c
000000f3603d4f57
0000004cf084df35
fffffe2dcbb0db48
000000cccccccccd
fffffea3b38d78d6
000000b66a5cdef6
000000a763cf6566
000000411fe8eb05
fffffe2dcbb0db48
000000cccccccccd
fffffea3b38d78d6
ffffffebefd28c05
000000f357997303
0000004cedc9a05f
fffffe5d9c8b066f
000000cccccccccd
fffffea3b38d78d6
000000b5e2d3c086
000000a7e3b78967
0000004151ac5775
fffffe5d9c8b066f
000000cccccccccd
fffffea3b38d78d6
ffffffeb7b45edb3
000000f34ec371f6
0000004ceafe8768
fffffe8d6d653195
000000cccccccccd
fffffea3b38d78d6
000000b55a12ff21
000000a8640346d0
00000041839683e7
fffffe8d6d653195
000000cccccccccd
fffffea3b38d78d6
ffffffeb06c6254d
000000f345bb5cb4
0000004ce8239989
fffffebd3e3f5cbc
000000cccccccccd
fffffea3b38d78d6
000000b4d017cb0d
000000a8e4b1c662
00000041b5a71c9f
fffffebd3e3f5cbc
000000cccccccccd
fffffea3b38d78d6
ffffffea925379c1
000000f33c81441d
0000004ce538dc16
fffffeed0f1987e2
000000cccccccccd
fffffea3b38d78d6
000000b444df50ed
000000a965c22846
00000041e7ddca84
fffffeed0f1987e2
000000cccccccccd
fffffea3b38d78d6
ffffffea1dee31d5
000000f333153968
0000004ce23e5481
ffffff1cdff3b309
000000cccccccccd
fffffea3b38d78d6
000000b3b866b9d2
000000a9e73383db
000000421a3a3316
ffffff1cdff3b309
000000cccccccccd
fffffea3b38d78d6
ffffffe9a9969424
000000f329774e29
0000004cdf340859
ffffff4cb0cdde2f
000000cccccccccd
fffffea3b38d78d6
000000b32aab2b5a
000000aa6904e78f
000000424cbbf859
ffffff4cb0cdde2f
000000cccccccccd
fffffea3b38d78d6
ffffffe9354ce720
000000f31fa7944a
0000004cdc19fd47
ffffff7c81a80956
000000cccccccccd
fffffea3b38d78d6
000000b29ba9c7c8
000000aaeb3558b1
000000427f62b8c4
ffffff7c81a80956
000000cccccccccd
fffffea3b38d78d6
ffffffe8c1117110
000000f315a61e11
0000004cd8f03913
ffffffac5282347d
000000cccccccccd
fffffea3b38d78d6
000000b20b5fae22
000000ab6dc3d342
00000042b22e0f2e
ffffffac5282347d
000000cccccccccd
fffffea3b38d78d6
ffffffe84ce4780f
000000f30b72fe19
0000004cd5b6c19e
ffffffdc235c5fa3
000000cccccccccd
fffffea3b38d78d6
000000b179c9fa4e
000000abf0af49cd
00000042e51d92c4
ffffffdc235c5fa3
000000cccccccccd
fffffea3b38d78d6
ffffffe7d8c6420b
000000f3010e4759
0000004cd26d9ce6
0000000bf4368aca
000000cccccccccd
fffffea3b38d78d6
000000b0e6e5c52f
000000ac73f6a532
000000431830d6eb
0000000bf4368aca
000000cccccccccd
fffffea3b38d78d6
ffffffe764b714c6
000000f2f6780d1d
0000004ccf14d106
0000003bc510b5f0
000000cccccccccd
fffffea3b38d78d6
000000b052b024ca
000000acf798c483
000000434b676b3b
0000003bc510b5f0
000000cccccccccd
fffffea3b38d78d6
ffffffe6f0b735d0
000000f2ebb06309
0000004ccbac6434
0000006b95eae117
000000cccccccccd
fffffea3b38d78d6
000000afbd262c63
000000ad7b947cc9
000000437ec0db64
0000006b95eae117
000000cccccccccd
fffffea3b38d78d6
ffffffe67cc6ea8f
000000f2e0b75d19
0000004cc8345cc0
0000009b66c50c3d
000000cccccccccd
fffffea3b38d78d6
000000af2644eca3
000000adffe898e2
00000043b23caf1f
0000009b66c50c3d
000000cccccccccd
fffffea3b38d78d6
ffffffe608e67836
000000f2d58d0f9f
0000004cc4acc116
000000cb379f3764
000000cccccccccd
fffffea3b38d78d6
000000ae8e0973ba
000000ae8493d948
00000043e5da6a1c
000000cb379f3764
000000cccccccccd
fffffea3b38d78d6
ffffffe5951623c7
000000f2ca318f43
0000004cc11597c0
000000fb0879628a
000000cccccccccd
fffffea3b38d78d6
000000adf470cd8a
000000af0994f3e9
0000004419998bf2
000000fb0879628a
000000cccccccccd
fffffea3b38d78d6
ffffffe521563216
000000f2bea4f102
0000004cbd6ee75f
0000012ad9538db1
000000cccccccccd
fffffea3b38d78d6
000000ad597803c9
000000af8eea93f3
000000444d799005
0000012ad9538db1
000000cccccccccd
fffffea3b38d78d6
ffffffe4ada6e7c1
000000f2b2e74a31
0000004cb9b8b6b1
0000015aaa2db8d8
000000cccccccccd
fffffea3b38d78d6
000000acbd1c1e2e
000000b0149359a9
000000448179ed7e
0000015aaa2db8d8
000000cccccccccd
fffffea3b38d78d6
ffffffe43a088936
000000f2a6f8b078
0000004cb5f30c90
0000018a7b07e3fe
000000cccccccccd
fffffea3b38d78d6
000000ac1f5a229b
000000b09a8dda2f
00000044b59a172f
0000018a7b07e3fe
000000cccccccccd
fffffea3b38d78d6
ffffffe3c67b5aaf
000000f29ad939d3
0000004cb21defef
000001ba4be20f25
000000cccccccccd
fffffea3b38d78d6
000000ab802f1547
000000b120d89f5a
00000044e9d97b87
000001ba4be20f25
000000cccccccccd
fffffea3b38d78d6
ffffffe352ffa02f
000000f28e88fc94
0000004cae3967db
000001ea1cbc3a4b
000000cccccccccd
fffffea3b38d78d6
000000aadf97f8f2
000000b1a7722785
000000451e37847a
000001ea1cbc3a4b
000000cccccccccd
fffffea3b38d78d6
ffffffe2df959d87
000000f282080f5e
0000004caa457b7e
00000219ed966572
000000cccccccccd
fffffea3b38d78d6
000000aa3d91cf0f
000000b22e58e559
0000004552b39773
00000219ed966572
000000cccccccccd
fffffea3b38d78d6
ffffffe26c3d9652
000000f27556892b
0000004ca642321a
00000249be709098
000000cccccccccd
fffffea3b38d78d6
000000a99a1997f9
000000b2b58b3fa5
00000045874d153e
00000249be709098
000000cccccccccd
fffffea3b38d78d6
ffffffe1f8f7cdf3
000000f268748145
0000004ca22f930c
000002798f4abbbf
000000cccccccccd
fffffea3b38d78d6
000000a8f52c5325
000000b33d079126
00000045bc0359f6
000002798f4abbbf
000000cccccccccd
fffffea3b38d78d6
ffffffe185c48795
000000f25b620f48
0000004c9e0da5cb
000002a96024e6e5
000000cccccccccd
fffffea3b38d78d6
000000a84ec6ff58
000000b3c4cc285a
00000045f0d5bcf1
000002a96024e6e5
000000cccccccccd
fffffea3b38d78d6
ffffffe112a4062f
000000f24e1f4b24
0000004c99dc71e8
000002d930ff120c
000000cccccccccd
fffffea3b38d78d6
000000a7a6e69adf
000000b44cd74752
0000004625c390b2
000002d930ff120c
000000cccccccccd
fffffea3b38d78d6
ffffffe09f968c7a
000000f240ac4d19
0000004c959bff0e
0000030901d93d33
000000cccccccccd
fffffea3b38d78d6
000000a6fd8823c5
000000b4d5272379
000000465acc22cd
0000030901d93d33
000000cccccccccd
fffffea3b38d78d6
ffffffe02c9c5cfa
000000f233092db7
0000004c914c5501
00000338d2b36859
000000cccccccccd
fffffea3b38d78d6
000000a652a89811
000000b55db9e56f
000000468feebbde
00000338d2b36859
000000cccccccccd
fffffea3b38d78d6
ffffffdfb9b5b9f7
000000f2253605e2
0000004c8ced7b9f
00000368a38d9380
000000cccccccccd
fffffea3b38d78d6
000000a5a644f602
000000b5e68da8cf
00000046c52a9f6f
00000368a38d9380
000000cccccccccd
fffffea3b38d78d6
ffffffdf46e2e57e
000000f21732eec9
0000004c887f7adf
000003987467bea6
000000cccccccccd
fffffea3b38d78d6
000000a4f85a3c4c
000000b66fa07c02
00000046fa7f0bea
000003987467bea6
000000cccccccccd
fffffea3b38d78d6
ffffffded4242161
000000f2090001ef
0000004c84025ad0
000003c84541e9cd
000000cccccccccd
fffffea3b38d78d6
000000a448e56a5c
000000b6f8f06011
000000472feb3a83
000003c84541e9cd
000000cccccccccd
fffffea3b38d78d6
ffffffde6179af35
000000f1fa9d5923
0000004c7f76239b
000003f8161c14f3
000000cccccccccd
fffffea3b38d78d6
000000a397e38098
000000b7827b4873
00000047656e5f25
000003f8161c14f3
000000cccccccccd
fffffea3b38d78d6
ffffffddeee3d055
000000f1ec0b0e85
0000004c7adadd84
00000427e6f6401a
000000cccccccccd
fffffea3b38d78d6
000000a2e55180a5
000000b80c3f1add
000000479b07a863
00000427e6f6401a
000000cccccccccd
fffffea3b38d78d6
ffffffdd7c62c5db
000000f1dd493c7f
0000004c763090e3
00000457b7d06b40
000000cccccccccd
fffffea3b38d78d6
000000a2312c6db0
000000b89639af13
00000047d0b63f64
00000457b7d06b40
000000cccccccccd
fffffea3b38d78d6
ffffffdd09f6d0a5
000000f1ce57fdcd
0000004c7177462c
0000048788aa9667
000000cccccccccd
fffffea3b38d78d6
000000a17b714cb3
000000b92068cebb
00000048067947cf
0000048788aa9667
000000cccccccccd
fffffea3b38d78d6
ffffffdc97a03152
000000f1bf376d75
0000004c6caf05eb
fffffaa15d03c327
000000cccccccccd
fffffcd2cdf616d1
000000bdbdedd978
0000009ca4fbc2ad
00000046afa159ac
fffffaa15d03c327
000000cccccccccd
fffffcd2cdf616d1
fffffff4adc78506
000000f28b6b6baf
000000511dea3a48
fffffad8e77a8f4f
000000cccccccccd
fffffcd2cdf616d1
000000bd36f9b382
0000009d2c61075c
00000046ecba4cff
fffffad8e77a8f4f
000000cccccccccd
fffffcd2cdf616d1
fffffff426441e89
000000f28598ebbc
000000511bf7be53
fffffb1071f15b77
000000cccccccccd
fffffcd2cdf616d1
000000bcaea65395
0000009db44f3d25
000000472a110be3
fffffb1071f15b77
000000cccccccccd
fffffcd2cdf616d1
fffffff39ecab308
000000f27f82a145
0000005119ee964e
fffffb47fc68279e
000000cccccccccd
fffffcd2cdf616d1
000000bc24eff500
0000009e3cc5c9e6
0000004767a550cc
fffffb47fc68279e
000000cccccccccd
fffffcd2cdf616d1
fffffff3175bb390
000000f279289ba3
0000005117cec75c
fffffb7f86def3c6
000000cccccccccd
fffffcd2cdf616d1
000000bb99d2cb6d
0000009ec5c40923
00000047a576d181
fffffb7f86def3c6
000000cccccccccd
fffffcd2cdf616d1
fffffff28ff79103
000000f2728aeadb
00000051159856d8
fffffbb71155bfee
000000cccccccccd
fffffcd2cdf616d1
000000bb0d4b02f6
0000009f4f494bc8
00000047e3853eff
fffffbb71155bfee
000000cccccccccd
fffffcd2cdf616d1
fffffff2089ebc13
000000f26ba99f98
00000051134b4a54
fffffbee9bcc8c16
000000cccccccccd
fffffcd2cdf616d1
000000ba7f54c03b
0000009fd954d7de
0000004821d0455d
fffffbee9bcc8c16
000000cccccccccd
fffffcd2cdf616d1
fffffff18151a543
000000f26484cb2c
0000005110e7a79d
fffffc262643583e
000000cccccccccd
fffffcd2cdf616d1
000000b9efec2077
000000a063e5e84c
0000004860578baa
fffffc262643583e
000000cccccccccd
fffffcd2cdf616d1
fffffff0fa10bce8
000000f25d1c7f93
000000510e6d74b4
fffffc5db0ba2465
000000cccccccccd
fffffcd2cdf616d1
000000b95f0d399a
000000a0eefbac8d
000000489f1ab3ce
fffffc5db0ba2465
000000cccccccccd
fffffcd2cdf616d1
fffffff072dc7320
000000f25570cf6c
000000510bdcb7d7
fffffc953b30f08d
000000cccccccccd
fffffcd2cdf616d1
000000b8ccb41a61
000000a17a95486a
00000048de195a68
fffffc953b30f08d
000000cccccccccd
fffffcd2cdf616d1
ffffffefebb537d7
000000f24d81ce00
0000005109357776
fffffcccc5a7bcb5
000000cccccccccd
fffffcd2cdf616d1
000000b838dcca78
000000a206b1d3b0
000000491d5316b2
fffffcccc5a7bcb5
000000cccccccccd
fffffcd2cdf616d1
ffffffef649b7ac0
000000f2454f8f3c
000000510677ba3c
fffffd04501e88dd
000000cccccccccd
fffffcd2cdf616d1
000000b7a3834a94
000000a2935059e7
000000495cc77a5a
fffffd04501e88dd
000000cccccccccd
fffffcd2cdf616d1
ffffffeedd8fab59
000000f23cda27b1
0000005103a3870a
fffffd3bda955505
000000cccccccccd
fffffcd2cdf616d1
000000b70ca39496
000000a3206fda07
000000499c761164
fffffd3bda955505
000000cccccccccd
fffffcd2cdf616d1
ffffffee569238e2
000000f23421ac99
0000005100b8e4f9
fffffd73650c212c
000000cccccccccd
fffffcd2cdf616d1
000000b674399bad
000000a3ae0f462c
00000049dc5e6207
fffffd73650c212c
000000cccccccccd
fffffcd2cdf616d1
ffffffedcfa39263
000000f22b2633cc
00000050fdb7db58
fffffdaaef82ed54
000000cccccccccd
fffffcd2cdf616d1
000000b5da414c7d
000000a43c2d834b
0000004a1c7fec88
fffffdaaef82ed54
000000cccccccccd
fffffcd2cdf616d1
ffffffed48c426a3
000000f221e7d3cb
00000050faa071ac
fffffde279f9b97c
000000cccccccccd
fffffcd2cdf616d1
000000b53eb68d43
000000a4cac968e3
0000004a5cda2b1c
fffffde279f9b97c
000000cccccccccd
fffffcd2cdf616d1
ffffffecc1f4642d
000000f21866a3b6
00000050f772afb3
fffffe1a047085a4
000000cccccccccd
fffffcd2cdf616d1
000000b4a1953e05
000000a559e1c0ae
0000004a9d6c91bf
fffffe1a047085a4
000000cccccccccd
fffffcd2cdf616d1
ffffffec3b34b948
000000f20ea2bb52
00000050f42e9d5f
fffffe518ee751cc
000000cccccccccd
fffffcd2cdf616d1
000000b402d938b8
000000a5e9754650
0000004ade368e14
fffffe518ee751cc
000000cccccccccd
fffffcd2cdf616d1
ffffffebb48593fa
000000f2049c3304
00000050f0d442d9
fffffe89195e1df3
000000cccccccccd
fffffcd2cdf616d1
000000b3627e5174
000000a67982a70a
0000004b1f37873e
fffffe89195e1df3
000000cccccccccd
fffffcd2cdf616d1
ffffffeb2de76203
000000f1fa5323d2
00000050ed63a87f
fffffec0a3d4ea1b
000000cccccccccd
fffffcd2cdf616d1
000000b2c08056a3
000000a70a088167
0000004b606eddbf
fffffec0a3d4ea1b
000000cccccccccd
fffffcd2cdf616d1
ffffffeaa75a90df
000000f1efc7a764
00000050e9dcd6e5
fffffef82e4bb643
000000cccccccccd
fffffcd2cdf616d1
000000b21cdb1136
000000a79b0564e8
0000004ba1dbeb4c
fffffef82e4bb643
000000cccccccccd
fffffcd2cdf616d1
ffffffea20df8dc1
000000f1e4f9d7ff
00000050e63fd6d5
ffffff2fb8c2826b
000000cccccccccd
fffffcd2cdf616d1
000000b1778a44de
000000a82c77d1b4
0000004be37e02b0
ffffff2fb8c2826b
000000cccccccccd
fffffcd2cdf616d1
ffffffe99a76c591
000000f1d9e9d089
00000050e28cb14e
ffffff6743394e93
000000cccccccccd
fffffcd2cdf616d1
000000b0d089b043
000000a8be5e383e
0000004c25546fa0
ffffff6743394e93
000000cccccccccd
fffffcd2cdf616d1
ffffffe91420a4ee
000000f1ce97ac86
00000050dec36f84
ffffff9ecdb01aba
000000cccccccccd
fffffcd2cdf616d1
000000b027d50d44
000000a950b6f8fa
0000004c675e7696
ffffff9ecdb01aba
000000cccccccccd
fffffcd2cdf616d1
ffffffe88ddd982a
000000f1c3038816
00000050dae41ade
ffffffd65826e6e2
000000cccccccccd
fffffcd2cdf616d1
000000af7d681133
000000a9e38063fe
0000004ca99b54ab
ffffffd65826e6e2
000000cccccccccd
fffffcd2cdf616d1
ffffffe807ae0b45
000000f1b72d7ff7
00000050d6eebcfa
0000000de29db30a
000000cccccccccd
fffffcd2cdf616d1
000000aed13e6d1f
000000aa76b8b8b2
0000004cec0a3f72
0000000de29db30a
000000cccccccccd
fffffcd2cdf616d1
ffffffe7819269f5
000000f1ab15b182
00000050d2e35fa8
000000456d147f32
000000cccccccccd
fffffcd2cdf616d1
000000ae2353ce13
000000ab0a5e2575
0000004d2eaa64ce
000000456d147f32
000000cccccccccd
fffffcd2cdf616d1
ffffffe6fb8b1f98
000000f19ebc3aad
00000050cec20cec
0000007cf78b4b5a
000000cccccccccd
fffffcd2cdf616d1
000000ad73a3dd63
000000ab9e6ec74a
0000004d717aeacb
0000007cf78b4b5a
000000cccccccccd
fffffcd2cdf616d1
ffffffe67598973c
000000f192213a05
00000050ca8acf00
000000b482021781
000000cccccccccd
fffffcd2cdf616d1
000000acc22a40fb
000000ac32e8a97c
0000004db47aef77
000000b482021781
000000cccccccccd
fffffcd2cdf616d1
ffffffe5efbb3b9a
000000f18544ceb5
00000050c63db050
000000ec0c78e3a9
000000cccccccccd
fffffcd2cdf616d1
000000ac0ee29bab
000000acc7c9c549
0000004df7a988bc
000000ec0c78e3a9
000000cccccccccd
fffffcd2cdf616d1
ffffffe569f37714
000000f17827187e
00000050c1dabb79
0000012396efafd1
000000cccccccccd
fffffcd2cdf616d1
000000ab59c88d7f
000000ad5d100186
0000004e3b05c433
0000012396efafd1
000000cccccccccd
fffffcd2cdf616d1
ffffffe4e441b3b2
000000f16ac837b8
00000050bd61fb4d
0000015b21667bf9
000000cccccccccd
fffffcd2cdf616d1
000000aaa2d7b413
000000adf2b93249
0000004e7e8ea701
0000015b21667bf9
000000cccccccccd
fffffcd2cdf616d1
ffffffe45ea65b24
000000f15d284d54
00000050b8d37ad1
00000192abdd4821
000000cccccccccd
fffffcd2cdf616d1
000000a9ea0baaf3
000000ae88c3188e
0000004ec2432dac
00000192abdd4821
000000cccccccccd
fffffcd2cdf616d1
ffffffe3d921d6c0
000000f14f477ad9
00000050b42f453b
000001ca36541448
000000cccccccccd
fffffcd2cdf616d1
000000a92f600bf3
000000af1f2b61da
0000004f06224bf2
000001ca36541448
000000cccccccccd
fffffcd2cdf616d1
ffffffe353b48f7d
000000f14125e262
00000050af7565f3
00000201c0cae070
000000cccccccccd
fffffcd2cdf616d1
000000a872d06f99
000000afb5efa7ea
0000004f4a2aeca2
00000201c0cae070
000000cccccccccd
fffffcd2cdf616d1
ffffffe2ce5eedf3
000000f132c3a69f
00000050aaa5e893
000002394b41ac98
000000cccccccccd
fffffcd2cdf616d1
000000a7b4586d80
000000b04d0d7050
0000004f8e5bf173
000002394b41ac98
000000cccccccccd
fffffcd2cdf616d1
ffffffe249215a5d
000000f12420ead5
00000050a5c0d8e7
00000270d5b878c0
000000cccccccccd
fffffcd2cdf616d1
000000a6f3f39cc4
000000b0e4822c1d
0000004fd2b432db
00000270d5b878c0
000000cccccccccd
fffffcd2cdf616d1
ffffffe1c3fc3c93
000000f1153dd2d9
00000050a0c642ea
000002a8602f44e8
000000cccccccccd
fffffcd2cdf616d1
000000a6319d946f
000000b17c4b3788
0000005017327fe8
000002a8602f44e8
000000cccccccccd
fffffcd2cdf616d1
ffffffe13eeffc0a
000000f1061a8313
000000509bb632c9
000002dfeaa6110f
000000cccccccccd
fffffcd2cdf616d1
000000a56d51ebf0
000000b21465d993
000000505bd59e13
000002dfeaa6110f
000000cccccccccd
fffffcd2cdf616d1
ffffffe0b9fcffd2
000000f0f6b7207c
000000509690b4e3
00000317751cdd37
000000cccccccccd
fffffcd2cdf616d1
000000a4a70c3b8e
000000b2accf43b2
00000050a09c491e
00000317751cdd37
000000cccccccccd
fffffcd2cdf616d1
ffffffe03523ae98
000000f0e713d09c
000000509155d5c3
0000034eff93a95f
000000cccccccccd
fffffcd2cdf616d1
000000a3dec81ce8
000000b345849171
00000050e58532e9
0000034eff93a95f
000000cccccccccd
fffffcd2cdf616d1
ffffffdfb0646e9f
000000f0d730b98a
000000508c05a228
000003868a0a7587
000000cccccccccd
fffffcd2cdf616d1
000000a314812b6f
000000b3de82c81e
000000512a8f0347
000003868a0a7587
000000cccccccccd
fffffcd2cdf616d1
ffffffdf2bbfa5c2
000000f0c70e01ea
0000005086a026fd
000003be148141ae
000000cccccccccd
fffffcd2cdf616d1
000000a2483304f3
000000b477c6d671
000000516fb857dd
000003be148141ae
000000cccccccccd
fffffcd2cdf616d1
ffffffdea735b972
000000f0b6abd0f0
0000005081257160
000003f59ef80dd6
000000cccccccccd
fffffcd2cdf616d1
000000a179d94a25
000000b5114d9430
00000051b4ffc3f5
000003f59ef80dd6
000000cccccccccd
fffffcd2cdf616d1
ffffffde22c70eb7
000000f0a60a4e56
000000507b958e99
0000042d296ed9fe
000000cccccccccd
fffffcd2cdf616d1
000000a0a96f9f27
000000b5ab13c1df
00000051fa63d059
0000042d296ed9fe
000000cccccccccd
fffffcd2cdf616d1
ffffffdd9e740a28
000000f09529a267
0000005075f08c21
00000464b3e5a626
000000cccccccccd
fffffcd2cdf616d1
0000009fd6f1ac20
000000b645160868
000000523fe2fb2d
00000464b3e5a626
000000cccccccccd
fffffcd2cdf616d1
ffffffdd1a3d0ff0
000000f08409f5f3
00000050703677a1
0000049c3e5c724e
000000cccccccccd
fffffcd2cdf616d1
0000009f025b1dd1
000000b6df50f8c6
00000052857bb7c8
0000049c3e5c724e
000000cccccccccd
fffffcd2cdf616d1
ffffffdc962283cb
000000f072ab7255
000000506a675eeb
000004d3c8d33e75
000000cccccccccd
fffffcd2cdf616d1
0000009e2ba7a632
000000b779c10bb2
00000052cb2c6e90
000004d3c8d33e75
000000cccccccccd
fffffcd2cdf616d1
ffffffdc1224c904
000000f0610e416e
0000005064835002
0000050b534a0a9d
000000cccccccccd
fffffcd2cdf616d1
0000009d52d2fd14
000000b81462a153
0000005310f37cd3
0000050b534a0a9d
000000cccccccccd
fffffcd2cdf616d1
ffffffdb8e444272
000000f04f328da8
000000505e8a5914
00000542ddc0d6c5
000000cccccccccd
fffffcd2cdf616d1
0000009c77d8e0c3
000000b8af3200eb
0000005356cf34a3
00000542ddc0d6c5
000000cccccccccd
fffffcd2cdf616d1
ffffffdb0a81527a
000000f03d1881f0
00000050587c887e
fffff9987c77be1f
000000cccccccccd
fffffa4ebf3080fb
000000bd487adc0a
00000097d3093a34
0000005197908fd9
fffff9987c77be1f
000000cccccccccd
fffffa4ebf3080fb
fffffff74620f5aa
000000f0be0bd6c2
000000569ea30209
fffff9dabaabcb20
000000cccccccccd
fffffa4ebf3080fb
000000bcab6f43b2
000000986a697d93
00000051e8ea7249
fffff9dabaabcb20
000000cccccccccd
fffffa4ebf3080fb
fffffff6a5933c5f
000000f0b8b5587a
000000569cb75726
fffffa1cf8dfd821
000000cccccccccd
fffffa4ebf3080fb
000000bc0c8bf1b3
000000990278c56d
000000523aa26321
fffffa1cf8dfd821
000000cccccccccd
fffffa4ebf3080fb
fffffff605108f82
000000f0b3005221
000000569aa9a905
fffffa5f3713e523
000000cccccccccd
fffffa4ebf3080fb
000000bb6bcb140b
000000999b361cce
000000528cb7dec0
fffffa5f3713e523
000000cccccccccd
fffffa4ebf3080fb
fffffff56499ab8f
000000f0acecd7eb
000000569879feeb
fffffaa17547f224
000000cccccccccd
fffffa4ebf3080fb
000000bac926cb66
0000009a34a07c98
00000052df2a57bc
fffffaa17547f224
000000cccccccccd
fffffa4ebf3080fb
fffffff4c42f4cbe
000000f0a67aff56
0000005696286095
fffffae3b37bff25
000000cccccccccd
fffffa4ebf3080fb
000000ba24992b47
0000009aceb6cafa
0000005331f936a3
fffffae3b37bff25
000000cccccccccd
fffffa4ebf3080fb
fffffff423d22efc
000000f09faadf2e
0000005693b4d635
fffffb25f1b00c27
000000cccccccccd
fffffa4ebf3080fb
000000b97e1c3a3c
0000009b6977dae7
000000538523d9ac
fffffb25f1b00c27
000000cccccccccd
fffffa4ebf3080fb
fffffff383830de8
000000f0987c8f85
00000056911f6874
fffffb682fe41928
000000cccccccccd
fffffa4ebf3080fb
000000b8d5a9f211
0000009c04e26b8e
00000053d8a9946d
fffffb682fe41928
000000cccccccccd
fffffa4ebf3080fb
fffffff2e342a4cf
000000f090f029b8
000000568e682074
fffffbaa6e182629
000000cccccccccd
fffffa4ebf3080fb
000000b82b3c4007
0000009ca0f527c7
000000542c89af8f
fffffbaa6e182629
000000cccccccccd
fffffa4ebf3080fb
fffffff24311aea7
000000f08905c86c
000000568b8f07c9
fffffbecac4c332b
000000cccccccccd
fffffa4ebf3080fb
000000b77ecd0516
0000009d3daea583
0000005480c3687f
fffffbecac4c332b
000000cccccccccd
fffffa4ebf3080fb
fffffff1a2f0e60e
000000f080bd878b
0000005688942880
fffffc2eea80402c
000000cccccccccd
fffffa4ebf3080fb
000000b6d056162c
0000009ddb0d653e
00000054d555f121
fffffc2eea80402c
000000cccccccccd
fffffa4ebf3080fb
fffffff102e1053f
000000f078178448
0000005685778d19
fffffc7128b44d2d
000000cccccccccd
fffffa4ebf3080fb
000000b61fd13c7a
0000009e790fd163
000000552a406f80
fffffc7128b44d2d
000000cccccccccd
fffffa4ebf3080fb
fffffff062e2c614
000000f06f13dd19
000000568239408b
fffffcb366e85a2f
000000cccccccccd
fffffa4ebf3080fb
000000b56d3835bb
0000009f17b43db9
000000557f81fd7a
fffffcb366e85a2f
000000cccccccccd
fffffa4ebf3080fb
ffffffefc2f6e202
000000f065b2b1b7
000000567ed94e40
fffffcf5a51c6730
000000cccccccccd
fffffa4ebf3080fb
000000b4b884b48a
0000009fb6f8e6c9
00000055d519a86e
fffffcf5a51c6730
000000cccccccccd
fffffa4ebf3080fb
ffffffef231e120d
000000f05bf4231d
000000567b57c215
fffffd37e3507432
000000cccccccccd
fffffa4ebf3080fb
000000b401b060be
000000a056dbf13f
000000562b0670eb
fffffd37e3507432
000000cccccccccd
fffffa4ebf3080fb
ffffffee83590ed0
000000f051d8538b
0000005677b4a85c
fffffd7a21848133
000000cccccccccd
fffffa4ebf3080fb
000000b348b4d7c4
000000a0f75b6950
0000005681474a5a
fffffd7a21848133
000000cccccccccd
fffffa4ebf3080fb
ffffffede3a8906e
000000f0475f667b
0000005673f00dda
fffffdbc5fb88e34
000000cccccccccd
fffffa4ebf3080fb
000000b28d8bad04
000000a198754218
00000056d7db1aa3
fffffdbc5fb88e34
000000cccccccccd
fffffa4ebf3080fb
ffffffed440d4e93
000000f03c8980aa
000000567009ffc8
fffffdfe9dec9b36
000000cccccccccd
fffffa4ebf3080fb
000000b1d02e6a4f
000000a23a2754f6
000000572ec0b9e0
fffffdfe9dec9b36
000000cccccccccd
fffffa4ebf3080fb
ffffffeca4880071
000000f03156c811
000000566c028bcd
fffffe40dc20a837
000000cccccccccd
fffffa4ebf3080fb
000000b11096904e
000000a2dc6f60ee
0000005785f6f1fa
fffffe40dc20a837
000000cccccccccd
fffffa4ebf3080fb
ffffffec05195cb9
000000f025c763e3
0000005667d9c005
fffffe831a54b538
000000cccccccccd
fffffa4ebf3080fb
000000b04ebd96fd
000000a37f4b09fd
00000057dd7c7e57
fffffe831a54b538
000000cccccccccd
fffffa4ebf3080fb
ffffffeb65c21999
000000f019db7c8f
00000056638faafd
fffffec55888c23a
000000cccccccccd
fffffa4ebf3080fb
000000af8a9cee27
000000a422b7d875
0000005835500b80
fffffec55888c23a
000000cccccccccd
fffffa4ebf3080fb
ffffffeac682ecb7
000000f00d933bbd
000000565f245bb0
ffffff0796bccf3b
000000cccccccccd
fffffa4ebf3080fb
000000aec42dfdf2
000000a4c6b33853
000000588d7036c1
ffffff0796bccf3b
000000cccccccccd
fffffa4ebf3080fb
ffffffea275c8b2d
000000f000eecc4a
000000565a97e18c
ffffff49d4f0dc3c
000000cccccccccd
fffffa4ebf3080fb
000000adfb6a2767
000000a56b3a7896
00000058e5db8dd4
ffffff49d4f0dc3c
000000cccccccccd
fffffa4ebf3080fb
ffffffe9884fa986
000000eff3ee5a4a
0000005655ea4c6d
ffffff8c1324e93e
000000cccccccccd
fffffa4ebf3080fb
000000ad304ac50b
000000a6104aca92
000000593e908e7f
ffffff8c1324e93e
000000cccccccccd
fffffa4ebf3080fb
ffffffe8e95cfbba
000000efe6921304
00000056511bac9c
ffffffce5158f63f
000000cccccccccd
fffffa4ebf3080fb
000000ac62c92b7f
000000a6b5e14141
00000059978da63a
ffffffce5158f63f
000000cccccccccd
fffffa4ebf3080fb
ffffffe84a85352a
000000efd8da24f4
000000564c2c12d3
000000108f8d0340
000000cccccccccd
fffffa4ebf3080fb
000000ab92deaa1f
000000a75bfad09c
00000059f0d131d3
000000108f8d0340
000000cccccccccd
fffffa4ebf3080fb
ffffffe7abc9089a
000000efcac6bfc1
00000056471b9039
00000052cdc11042
000000cccccccccd
fffffa4ebf3080fb
000000aac0848bb8
000000a802944ce3
0000005a4a597d0c
00000052cdc11042
000000cccccccccd
fffffa4ebf3080fb
ffffffe70d292832
000000efbc581446
0000005641ea3660
000000950bf51d43
000000cccccccccd
fffffa4ebf3080fb
000000a9ebb4173a
000000a8a9aa69f4
0000005aa424c240
000000950bf51d43
000000cccccccccd
fffffa4ebf3080fb
ffffffe66ea64574
000000efad8e5488
000000563c981747
000000d74a292a44
000000cccccccccd
fffffa4ebf3080fb
000000a914669077
000000a95139ba99
0000005afe312a01
000000d74a292a44
000000cccccccccd
fffffa4ebf3080fb
ffffffe5d0411140
000000ef9e69b3b7
000000563725455b
00000119885d3746
000000cccccccccd
fffffa4ebf3080fb
000000a83a9538ee
000000a9f93eafd5
0000005b587ccabd
00000119885d3746
000000cccccccccd
fffffa4ebf3080fb
ffffffe531fa3bc9
000000ef8eea662d
000000563191d370
0000015bc6914447
000000cccccccccd
fffffa4ebf3080fb
000000a75e39509d
000000aaa1b59837
0000005bb305a85d
0000015bc6914447
000000cccccccccd
fffffa4ebf3080fb
ffffffe493d27494
000000ef7f10a16a
000000562bddd4c8
0000019e04c55148
000000cccccccccd
fffffa4ebf3080fb
000000a67f4c16d9
000000ab4a9a9f27
0000005c0dc9b3e7
0000019e04c55148
000000cccccccccd
fffffa4ebf3080fb
ffffffe3f5ca6a77
000000ef6edc9c15
0000005626095d0b
000001e042f95e4a
000000cccccccccd
fffffa4ebf3080fb
000000a59dc6cb36
000000abf3e9cc38
0000005c68c6cb1b
000001e042f95e4a
000000cccccccccd
fffffa4ebf3080fb
ffffffe357e2cb92
000000ef5e4e8df7
000000562014804c
00000222812d6b4b
000000cccccccccd
fffffa4ebf3080fb
000000a4b9a2ae73
000000ac9d9f0274
0000005cc3fab81b
00000222812d6b4b
000000cccccccccd
fffffa4ebf3080fb
ffffffe2ba1c454d
000000ef4d66aff9
0000005619ff5305
00000264bf61784c
000000cccccccccd
fffffa4ebf3080fb
000000a3d2d90375
000000ad47b5ffb0
0000005d1f63310a
00000264bf61784c
000000cccccccccd
fffffa4ebf3080fb
ffffffe21c778453
000000ef3c253c25
0000005613c9ea18
000002a6fd95854e
000000cccccccccd
fffffa4ebf3080fb
000000a2e963104a
000000adf22a5bdf
0000005d7afdd7ad
000002a6fd95854e
000000cccccccccd
fffffa4ebf3080fb
ffffffe17ef53490
000000ef2a8a6da1
000000560d745acd
000002e93bc9924f
000000cccccccccd
fffffa4ebf3080fb
000000a1fd3a1f33
000000ae9cf78862
0000005dd6c8390e
000002e93bc9924f
000000cccccccccd
fffffa4ebf3080fb
ffffffe0e196012f
000000ef189680ad
0000005606febad2
0000032b79fd9f51
000000cccccccccd
fffffa4ebf3080fb
000000a10e577fc3
000000af4818cf5e
0000005e32bfcd26
0000032b79fd9f51
000000cccccccccd
fffffa4ebf3080fb
ffffffe0445a9494
000000ef0649b2a2
0000005600692039
0000036db831ac52
000000cccccccccd
fffffa4ebf3080fb
000000a01cb487fa
000000aff3895315
0000005e8ee1f679
0000036db831ac52
000000cccccccccd
fffffa4ebf3080fb
ffffffdfa7439857
000000eef3a441f1
00000055f9b3a17a
000003aff665b953
000000cccccccccd
fffffa4ebf3080fb
0000009f284a957a
000000b09f440d3d
0000005eeb2c01c4
000003aff665b953
000000cccccccccd
fffffa4ebf3080fb
ffffffdf0a51b546
000000eee0a66e1c
00000055f2de556f
000003f23499c655
000000cccccccccd
fffffa4ebf3080fb
0000009e31130ebd
000000b14b43ce5c
0000005f479b25a0
000003f23499c655
000000cccccccccd
fffffa4ebf3080fb
ffffffde6d85935e
000000eecd5077ba
00000055ebe95354
0000043472cdd356
000000cccccccccd
fffffa4ebf3080fb
0000009d37076458
000000b1f7833d26
0000005fa42c822d
0000043472cdd356
000000cccccccccd
fffffa4ebf3080fb
ffffffddd0dfd9c8
000000eeb9a2a06e
00000055e4d4b2c8
00000476b101e057
000000cccccccccd
fffffa4ebf3080fb
0000009c3a211251
000000b2a3fcd5e1
0000006000dd20be
00000476b101e057
000000cccccccccd
fffffa4ebf3080fb
ffffffdd34612ed9
000000eea59d2aea
00000055dda08bca
000004b8ef35ed59
000000cccccccccd
fffffa4ebf3080fb
0000009b3a59a174
000000b350aae9c8
000000605da9f384
000004b8ef35ed59
000000cccccccccd
fffffa4ebf3080fb
ffffffdc980a3808
000000ee91405aeb
00000055d64cf6b9
000004fb2d69fa5a
000000cccccccccd
fffffa4ebf3080fb
0000009a37aaa8bd
000000b3fd879e78
00000060ba8fd53f
000004fb2d69fa5a
000000cccccccccd
fffffa4ebf3080fb
ffffffdbfbdb99f2
000000ee7c8c7536
00000055ceda0c54
0000053d6b9e075b
000000cccccccccd
fffffa4ebf3080fb
00000099320dced0
000000b4aa8ced5c
00000061178b88ef
0000053d6b9e075b
000000cccccccccd
fffffa4ebf3080fb
ffffffdb5fd5f855
000000ee6781bf94
00000055c747e5b6
0000057fa9d2145d
000000cccccccccd
fffffa4ebf3080fb
00000098297ccb6e
000000b557b4a320
000000617499b988
0000057fa9d2145d
000000cccccccccd
fffffa4ebf3080fb
ffffffdac3f9f609
000000ee522080d4
00000055bf969c59
000005c1e806215e
000000cccccccccd
fffffa4ebf3080fb
000000971df1690c
000000b604f85f2b
00000061d1b6f9aa
000005c1e806215e
000000cccccccccd
fffffa4ebf3080fb
ffffffda28483502
000000ee3c6900c4
00000055b7c64a14
00000604263a2e5f
000000cccccccccd
fffffa4ebf3080fb
000000960f658660
000000b6b251931f
000000622edfc35b
00000604263a2e5f
000000cccccccccd
fffffa4ebf3080fb
ffffffd98cc1564c
000000ee265b8830
00000055afd70917
00000646646e3b61
000000cccccccccd
fffffa4ebf3080fb
00000094fdd3180c
000000b75fb98259
000000628c1077c5
00000646646e3b61
000000cccccccccd
fffffa4ebf3080fb
ffffffd8f165fa05
000000ee0ff860e1
00000055a7c8f3f0
fffff8112add8cd8
000000cccccccccd
fffff6973df767e1
000000bbfe3d1c0d
00000090b697c284
0000006030d5456c
fffff8112add8cd8
000000cccccccccd
fffff6973df767e1
fffffffb0b200b55
000000edde647ebd
0000005e7f881f9e
fffff86338a60d9e
000000cccccccccd
fffff6973df767e1
000000bb4197eac2
000000915fd75033
00000060a1550d71
fffff86338a60d9e
000000cccccccccd
fffff6973df767e1
fffffffa467666cf
000000edda942e35
0000005e7e044343
fffff8b5466e8e65
000000cccccccccd
fffff6973df767e1
000000ba82599b26
0000009209f6de8b
000000611269ba67
fffff8b5466e8e65
000000cccccccccd
fffff6973df767e1
fffffff981d6e5b9
000000edd6379820
0000005e7c48ad1d
fffff90754370f2b
000000cccccccccd
fffff6973df767e1
000000b9c078a241
00000092b4f4b78b
0000006184122928
fffff90754370f2b
000000cccccccccd
fffff6973df767e1
fffffff8bd42e373
000000edd14ed3a8
0000005e7a55665e
fffff95961ff8ff1
000000cccccccccd
fffff6973df767e1
000000b8fbeb5ce5
0000009360cf0292
00000061f64d1f8e
fffff95961ff8ff1
000000cccccccccd
fffff6973df767e1
fffffff7f8bbbaf6
000000edcbd9fada
0000005e782a7961
fffff9ab6fc810b7
000000cccccccccd
fffff6973df767e1
000000b834a81024
000000940d83c33e
0000006269194bab
fffff9ab6fc810b7
000000cccccccccd
fffff6973df767e1
fffffff73442c6cb
000000edc5d92aaa
0000005e75c7f1a6
fffff9fd7d90917d
000000cccccccccd
fffff6973df767e1
000000b76aa4e9d7
00000094bb10d83a
00000062dc754307
fffff9fd7d90917d
000000cccccccccd
fffff6973df767e1
fffffff66fd960fd
000000edbf4c82ee
0000005e732ddbd1
fffffa4f8b591243
000000cccccccccd
fffff6973df767e1
000000b69dd8012d
000000956973fa14
00000063505f81cd
fffffa4f8b591243
000000cccccccccd
fffff6973df767e1
fffffff5ab80e30b
000000edb834265c
0000005e705c45af
fffffaa199219309
000000cccccccccd
fffff6973df767e1
000000b5ce37574c
0000009618aab9ff
00000063c4d66a07
fffffaa199219309
000000cccccccccd
fffff6973df767e1
fffffff4e73aa5e4
000000edb0903a88
0000005e6d533e2c
fffffaf3a6ea13cf
000000cccccccccd
fffff6973df767e1
000000b4fbb8d7fd
00000096c8b2809b
0000006439d842c2
fffffaf3a6ea13cf
000000cccccccccd
fffff6973df767e1
fffffff4230801d0
000000eda860e7e5
0000005e6a12d55a
fffffb45b4b29496
000000cccccccccd
fffff6973df767e1
000000b426525a6b
0000009779888cb3
00000064af63373d
fffffb45b4b29496
000000cccccccccd
fffff6973df767e1
fffffff35eea4e71
000000ed9fa659bd
0000005e669b1c6c
fffffb97c27b155c
000000cccccccccd
fffff6973df767e1
000000b34df9a1e6
000000982b29f1f4
0000006525755610
fffffb97c27b155c
000000cccccccccd
fffff6973df767e1
fffffff29ae2e2aa
000000ed9660be34
0000005e62ec25b6
fffffbe9d0439622
000000cccccccccd
fffff6973df767e1
000000b272a45ec6
00000098dd9397a2
000000659c0c904c
fffffbe9d0439622
000000cccccccccd
fffff6973df767e1
fffffff1d6f314a0
000000ed8c904643
0000005e5f0604ad
fffffc3bde0c16e8
000000cccccccccd
fffff6973df767e1
000000b194482f4f
0000009990c23748
000000661326b89f
fffffc3bde0c16e8
000000cccccccccd
fffff6973df767e1
fffffff1131c39a5
000000ed823525b5
0000005e5ae8cde3
fffffc8debd497ae
000000cccccccccd
fffff6973df767e1
000000b0b2daa0ae
0000009a44b25b5f
000000668ac1826e
fffffc8debd497ae
000000cccccccccd
fffff6973df767e1
fffffff04f5fa631
000000ed774f9323
0000005e5694970b
fffffcdff99d1874
000000cccccccccd
fffff6973df767e1
000000afce513008
0000009af9605dfa
0000006702da80f1
fffffcdff99d1874
000000cccccccccd
fffff6973df767e1
ffffffef8bbeadd5
000000ed6bdfc7f3
0000005e520976f2
fffffd320765993a
000000cccccccccd
fffff6973df767e1
000000aee6a14b95
0000009baec86763
000000677b6f2648
fffffd320765993a
000000cccccccccd
fffff6973df767e1
ffffffeec83aa333
000000ed5fe60056
0000005e4d478580
fffffd84152e1a00
000000cccccccccd
fffff6973df767e1
000000adfbc053d6
0000009c64e66cbc
00000067f47cc293
fffffd84152e1a00
000000cccccccccd
fffff6973df767e1
ffffffee04d4d7ed
000000ed53627b40
0000005e484edbb8
fffffdd622f69ac7
000000cccccccccd
fffff6973df767e1
000000ad0da39cda
0000009d1bb62e98
000000686e008305
fffffdd622f69ac7
000000cccccccccd
fffff6973df767e1
ffffffed418e9c9f
000000ed46557a68
0000005e431f93b6
fffffe2830bf1b8d
000000cccccccccd
fffff6973df767e1
000000ac1c406f96
0000009dd3333797
00000068e7f770ef
fffffe2830bf1b8d
000000cccccccccd
fffff6973df767e1
ffffffec7e6940d1
000000ed38bf4242
0000005e3db9c8ac
fffffe7a3e879c53
000000cccccccccd
fffff6973df767e1
000000ab278c0b54
0000009e8b58daf7
00000069625e70d6
fffffe7a3e879c53
000000cccccccccd
fffff6973df767e1
ffffffebbb6612ec
000000ed2aa019ff
0000005e381d96e1
fffffecc4c501d19
000000cccccccccd
fffff6973df767e1
000000aa2f7ba739
0000009f4422332a
00000069dd32417e
fffffecc4c501d19
000000cccccccccd
fffff6973df767e1
ffffffeaf8866031
000000ed1bf84b85
0000005e324b1bb1
ffffff1e5a189ddf
000000cccccccccd
fffff6973df767e1
000000a9340473df
0000009ffd8a2065
0000006a586f7af5
ffffff1e5a189ddf
000000cccccccccd
fffff6973df767e1
ffffffea35cb74ae
000000ed0cc8236b
0000005e2c42758a
ffffff7067e11ea5
000000cccccccccd
fffff6973df767e1
000000a8351b9d07
000000a0b78b4736
0000006ad4128da1
ffffff7067e11ea5
000000cccccccccd
fffff6973df767e1
ffffffe973369b30
000000ecfd0ff0f7
0000005e2603c3e9
ffffffc275a99f6b
000000cccccccccd
fffff6973df767e1
000000a732b64b61
000000a172200f0f
0000006b5017c14a
ffffffc275a99f6b
000000cccccccccd
fffff6973df767e1
ffffffe8b0c91d3c
000000ececd00619
0000005e1f8f275c
0000001483722032
000000cccccccccd
fffff6973df767e1
000000a62cc9a66d
000000a22d42a0d6
0000006bcc7b3426
0000001483722032
000000cccccccccd
fffff6973df767e1
ffffffe7ee844303
000000ecdc08b765
0000005e18e4c17d
00000066913aa0f8
000000cccccccccd
fffff6973df767e1
000000a5234ad679
000000a2e8ece57a
0000006c4938d9e5
00000066913aa0f8
000000cccccccccd
fffff6973df767e1
ffffffe72c695358
000000eccaba5c10
0000005e1204b4f0
000000b89f0321be
000000cccccccccd
fffff6973df767e1
000000a4162f06b2
000000a3a5188481
0000006cc64c7abd
000000b89f0321be
000000cccccccccd
fffff6973df767e1
ffffffe66a7993a4
000000ecb8e54de9
0000005e0aef2563
0000010aaccba284
000000cccccccccd
fffff6973df767e1
000000a3056b6753
000000a461bee29f
0000006d43b1b27b
0000010aaccba284
000000cccccccccd
fffff6973df767e1
ffffffe5a8b647df
000000eca689e956
0000005e03a4378c
0000015cba94234a
000000cccccccccd
fffff6973df767e1
000000a1f0f52fed
000000a51ed9204c
0000006dc163ef8f
0000015cba94234a
000000cccccccccd
fffff6973df767e1
ffffffe4e720b283
000000ec93a88d4f
0000005dfc241124
000001aec85ca410
000000cccccccccd
fffff6973df767e1
000000a0d8c1a1ce
000000a5dc60185e
0000006e3f5e7222
000001aec85ca410
000000cccccccccd
fffff6973df767e1
ffffffe425ba1483
000000ec80419b57
0000005df46ed8e8
00000200d62524d6
000000cccccccccd
fffff6973df767e1
0000009fbcc60a80
000000a69a4c5eab
0000006ebd9c4b2a
00000200d62524d6
000000cccccccccd
fffff6973df767e1
ffffffe36483ad41
000000ec6c557778
0000005dec84b698
00000252e3eda59c
000000cccccccccd
fffff6973df767e1
0000009e9cf7c665
000000a758963eac
0000006f3c185b85
00000252e3eda59c
000000cccccccccd
fffff6973df767e1
ffffffe2a37eba85
000000ec57e4883b
0000005de465d2ee
000002a4f1b62663
000000cccccccccd
fffff6973df767e1
0000009d794c4372
000000a81735ba2b
0000006fbacd5313
000002a4f1b62663
000000cccccccccd
fffff6973df767e1
ffffffe1e2ac7873
000000ec42ef36a8
0000005ddc1257a5
000002f6ff7ea729
000000cccccccccd
fffff6973df767e1
0000009c51b90407
000000a8d62287f4
0000007039b5afe0
000002f6ff7ea729
000000cccccccccd
fffff6973df767e1
ffffffe1220e217f
000000ec2d75ee39
0000005dd38a6f6f
000003490d4727ef
000000cccccccccd
fffff6973df767e1
0000009b2633a1e2
000000a995541290
00000070b8cbbd44
000003490d4727ef
000000cccccccccd
fffff6973df767e1
ffffffe061a4ee69
000000ec17791cdb
0000005dcace45f8
0000039b1b0fa8b5
000000cccccccccd
fffff6973df767e1
00000099f6b1d134
000000aa54c1770f
000000713809931a
0000039b1b0fa8b5
000000cccccccccd
fffff6973df767e1
ffffffdfa172162e
000000ec00f932e3
0000005dc1de07df
000003ed28d8297b
000000cccccccccd
fffff6973df767e1
00000098c32963d1
000000ab146183d5
00000071b76914f0
000003ed28d8297b
000000cccccccccd
fffff6973df767e1
ffffffdee176ce04
000000ebe9f6a309
0000005db8b9e2b8
0000043f36a0aa41
000000cccccccccd
fffff6973df767e1
000000978b904c84
000000abd42ab777
0000007236e3f148
0000043f36a0aa41
000000cccccccccd
fffff6973df767e1
ffffffde21b4494b
000000ebd271e264
0000005daf620508
0000049144692b07
000000cccccccccd
fffff6973df767e1
000000964fdca279
000000ac94133fa6
00000072b673a0e2
0000049144692b07
000000cccccccccd
fffff6973df767e1
ffffffdd622bb98b
000000ebba6b6862
0000005da5d69e3f
000004e35231abcd
000000cccccccccd
fffff6973df767e1
000000951004a4d1
000000ad5410f82a
0000007336116607
000004e35231abcd
000000cccccccccd
fffff6973df767e1
ffffffdca2de4e65
000000eba1e3aec0
0000005d9c17debd
000005355ffa2c94
000000cccccccccd
fffff6973df767e1
00000093cbfebe4c
000000ae141969ea
00000073b5b64bed
000005355ffa2c94
000000cccccccccd
fffff6973df767e1
ffffffdbe3cd3591
000000eb88db3188
0000005d9225f7c6
000005876dc2ad5a
000000cccccccccd
fffff6973df767e1
0000009283c18919
000000aed421ca03
00000074355b2619
000005876dc2ad5a
000000cccccccccd
fffff6973df767e1
ffffffdb24f99ace
000000eb6f526f06
0000005d88011b87
000005d97b8b2e20
000000cccccccccd
fffff6973df767e1
000000913743d2bb
000000af941ef8fe
00000074b4f88fd3
000005d97b8b2e20
000000cccccccccd
fffff6973df767e1
ffffffda6664a7e0
000000eb5549e7c1
0000005d7da97d11
0000062b8953aee6
000000cccccccccd
fffff6973df767e1
0000008fe67ca01d
000000b05405820d
000000753486ebad
0000062b8953aee6
000000cccccccccd
fffff6973df767e1
ffffffd9a80f8485
000000eb3ac21e7a
0000005d731f5055
0000067d971c2fac
000000cccccccccd
fffff6973df767e1
0000008e916331b2
000000b113c99a68
00000075b3fe6314
0000067d971c2fac
000000cccccccccd
fffff6973df767e1
ffffffd8e9fb566c
000000eb1fbb981f
0000005d6862ca21
000006cfa4e4b072
000000cccccccccd
fffff6973df767e1
0000008d37ef07bf
000000b1d35f20b9
000000763356e5e9
000006cfa4e4b072
000000cccccccccd
fffff6973df767e1
ffffffd82c294131
000000eb0436dbc5
0000005d5d742021
00000721b2ad3138
000000cccccccccd
fffff6973df767e1
0000008bda17e6c0
000000b292b99cae
00000076b2882a3f
00000721b2ad3138
000000cccccccccd
fffff6973df767e1
ffffffd76e9a6652
000000eae83472a4
0000005d525388d7
00000773c075b1ff
000000cccccccccd
fffff6973df767e1
0000008a77d5dbe9
000000b351cc3e99
000000773189ac14
00000773c075b1ff
000000cccccccccd
fffff6973df767e1
ffffffd6b14fe527
000000eacbb4e80d
0000005d47013b9c
000007c5ce3e32c5
000000cccccccccd
fffff6973df767e1
00000089112141bf
000000b41089df34
00000077b052ad30
000007c5ce3e32c5
000000cccccccccd
fffff6973df767e1
ffffffd5f44adadf
000000eaaeb8c963
0000005d3b7d709b
fffff5947c5cfb0d
000000cccccccccd
fffff08b210e59c2
000000b8d29f179e
0000008584cb6ea5
0000007466c729e2
fffff5947c5cfb0d
000000cccccccccd
fffff08b210e59c2
00000000fc3bc023
000000e8ba565f5c
0000006aa4a5eb48
fffff600439f0ac4
000000cccccccccd
fffff08b210e59c2
000000b7e4bdc560
000000863ee85c06
000000750907f505
fffff600439f0ac4
000000cccccccccd
fffff08b210e59c2
ffffffffff615b2e
000000e8bac75688
0000006aa4d9aef2
fffff66c0ae11a7b
000000cccccccccd
fffff08b210e59c2
000000b6f2f41822
00000086fa18e1f5
00000075ac3903cb
fffff66c0ae11a7b
000000cccccccccd
fffff08b210e59c2
ffffffff0286f808
000000e8ba554277
0000006aa4a568bc
fffff6d7d2232a32
000000cccccccccd
fffff08b210e59c2
000000b5fd315700
00000087b6596bd4
000000765057371a
fffff6d7d2232a32
000000cccccccccd
fffff08b210e59c2
fffffffe05af7ab3
000000e8b9002712
0000006aa4091a70
fffff743996539e9
000000cccccccccd
fffff08b210e59c2
000000b503649dde
0000008873a61c96
00000076f55f30af
fffff743996539e9
000000cccccccccd
fffff08b210e59c2
fffffffd08ddc704
000000e8b6c8100c
0000006aa304c96a
fffff7af60a749a0
000000cccccccccd
fffff08b210e59c2
000000b4057cdf16
0000008931facc0a
000000779b4d50c8
fffff7af60a749a0
000000cccccccccd
fffff08b210e59c2
fffffffc0c14c07b
000000e8b3ad10df
0000006aa1987e99
fffff81b27e95957
000000cccccccccd
fffff08b210e59c2
000000b30368e551
00000089f1530422
00000078421db3c3
fffff81b27e95957
000000cccccccccd
fffff08b210e59c2
fffffffb0f574a1a
000000e8afaf44cd
0000006a9fc44678
fffff886ef2b690e
000000cccccccccd
fffff08b210e59c2
000000b1fd175595
0000008ab1a9fe29
00000078e9cc2fa8
fffff886ef2b690e
000000cccccccccd
fffff08b210e59c2
fffffffa12a8463b
000000e8aaceced8
0000006a9d883113
fffff8f2b66d78c5
000000cccccccccd
fffff08b210e59c2
000000b0f276b179
0000008b72fa9fe9
00000079925451b7
fffff8f2b66d78c5
000000cccccccccd
fffff08b210e59c2
fffffff9160a9662
000000e8a50bd9c6
0000006a9ae45203
fffff95e7daf887d
000000cccccccccd
fffff08b210e59c2
000000afe375598b
0000008c353f78c8
0000007a3bb15be2
fffff95e7daf887d
000000cccccccccd
fffff08b210e59c2
fffffff819811b1a
000000e89e669816
0000006a97d8c06c
fffff9ca44f19834
000000cccccccccd
fffff08b210e59c2
000000aed0018feb
0000008cf872bee3
0000007ae5de423c
fffff9ca44f19834
000000cccccccccd
fffff08b210e59c2
fffffff71d0eb3c2
000000e896df4400
0000006a946596fc
fffffa360c33a7eb
000000cccccccccd
fffff08b210e59c2
000000adb8097b1a
0000008dbc8e4c0e
0000007b90d5a86b
fffffa360c33a7eb
000000cccccccccd
fffff08b210e59c2
fffffff620b63e6c
000000e88e761f6d
0000006a908af3e5
fffffaa1d375b7a2
000000cccccccccd
fffff08b210e59c2
000000ac9b7b28fe
0000008e818b9adb
0000007c3c91df07
fffffaa1d375b7a2
000000cccccccccd
fffff08b210e59c2
fffffff5247a97b0
000000e8852b73f2
0000006a8c48f8e0
fffffb0d9ab7c759
000000cccccccccd
fffff08b210e59c2
000000ab7a449222
0000008f4763c391
0000007ce90ce0f5
fffffb0d9ab7c759
000000cccccccccd
fffff08b210e59c2
fffffff4285e9a80
000000e87aff92c8
0000006a879fcb25
fffffb7961f9d710
000000cccccccccd
fffff08b210e59c2
000000aa54539d30
000000900e0f791e
0000007d964050c3
fffffb7961f9d710
000000cccccccccd
fffff08b210e59c2
fffffff32c652004
000000e86ff2d4c5
0000006a828f9369
fffffbe5293be6c7
000000cccccccccd
fffff08b210e59c2
000000a9299622ab
00000090d5870608
0000007e442575f6
fffffbe5293be6c7
000000cccccccccd
fffff08b210e59c2
fffffff23090ff6d
000000e864059a54
0000006a7d187dda
fffffc50f07df67e
000000cccccccccd
fffff08b210e59c2
000000a7f9f9f0e4
000000919dc24955
0000007ef2b53a5e
fffffc50f07df67e
000000cccccccccd
fffff08b210e59c2
fffffff134e50dcf
000000e857384b69
0000006a773aba1c
fffffcbcb7c00635
000000cccccccccd
fffff08b210e59c2
000000a6c56cd03a
0000009266b8b377
0000007fa1e82761
fffffcbcb7c00635
000000cccccccccd
fffff08b210e59c2
fffffff039641df6
000000e8498b577e
0000006a70f67b41
fffffd287f0215ec
000000cccccccccd
fffff08b210e59c2
000000a58bdc8794
0000009330614331
0000008051b6634d
fffffd287f0215ec
000000cccccccccd
fffff08b210e59c2
ffffffef3e110043
000000e83aff357f
0000006a6a4bf7ca
fffffd94464425a3
000000cccccccccd
fffff08b210e59c2
000000a44d36e12c
00000093fab28289
000000810217aea5
fffffd94464425a3
000000cccccccccd
fffff08b210e59c2
ffffffee42ee827d
000000e82b9463c7
0000006a633b699d
fffffe000d86355a
000000cccccccccd
fffff08b210e59c2
000000a30969af9e
00000094c5a283b1
00000081b303617b
fffffe000d86355a
000000cccccccccd
fffff08b210e59c2
ffffffed47ff6fb0
000000e81b4b6811
0000006a5bc50e01
fffffe6bd4c84511
000000cccccccccd
fffff08b210e59c2
000000a1c062d340
000000959126de03
00000082647068c3
fffffe6bd4c84511
000000cccccccccd
fffff08b210e59c2
ffffffec4d469005
000000e80a24cf6a
0000006a53e92598
fffffed79c0a54c9
000000cccccccccd
fffff08b210e59c2
000000a072103fcb
000000965d34aaff
00000083165543bc
fffffed79c0a54c9
000000cccccccccd
fffff08b210e59c2
ffffffeb52c6a895
000000e7f8212e27
0000006a4ba7f45b
ffffff43634c6480
000000cccccccccd
fffff08b210e59c2
0000009f1e600251
0000009729c08355
00000083c8a80159
ffffff43634c6480
000000cccccccccd
fffff08b210e59c2
ffffffea58827b4e
000000e7e5411fd3
0000006a4301c191
ffffffaf2a8e7437
000000cccccccccd
fffff08b210e59c2
0000009dc5404786
00000097f6be7c00
000000847b5e3dbb
ffffffaf2a8e7437
000000cccccccccd
fffff08b210e59c2
ffffffe95e7cc6c2
000000e7d1854727
0000006a39f6d7c8
0000001af1d083ee
000000cccccccccd
fffff08b210e59c2
0000009c669f6256
00000098c4222375
000000852e6d1fb9
0000001af1d083ee
000000cccccccccd
fffff08b210e59c2
ffffffe864b84609
000000e7bcee4df3
0000006a308784d3
00000086b91293a5
000000cccccccccd
fffff08b210e59c2
0000009b026bd2d4
0000009991de7ede
00000085e1c9567c
00000086b91293a5
000000cccccccccd
fffff08b210e59c2
ffffffe76b37b098
000000e7a77ce516
0000006a26b419bd
000000f28054a35c
000000cccccccccd
fffff08b210e59c2
0000009998944d7a
0000009a5fe60777
000000869567172e
000000f28054a35c
000000cccccccccd
fffff08b210e59c2
ffffffe671fdba21
000000e79131c466
0000006a1c7ceac4
0000010ec2bc34d6
00000106ea7f4d4c
fffff6528f8e64e3
000000a313373b30
000000a33f6a9be0
0000006edf5aa0d7
0000010ec2bc34d6
00000106ea7f4d4c
fffff6528f8e64e3
ffffffe598169f9f
000000ec59732aee
0000005ec029a33f
000001ca0ed8c2ca
000000cccccccccd
fffff08b210e59c2
00000096b3b5671e
0000009bfc9dba5d
00000087fd359bdd
000001ca0ed8c2ca
000000cccccccccd
fffff08b210e59c2
ffffffe48068652b
000000e762115d73
0000006a06e4a1f0
00000235d61ad281
000000cccccccccd
fffff08b210e59c2
00000095388cbb26
0000009ccb300533
00000088b14c54ce
00000235d61ad281
000000cccccccccd
fffff08b210e59c2
ffffffe3881259ed
000000e7493da92d
00000069fb84404a
000002a19d5ce238
000000cccccccccd
fffff08b210e59c2
00000093b77d9450
0000009d99d1b9e3
0000008965707dbc
000002a19d5ce238
000000cccccccccd
fffff08b210e59c2
ffffffe2900d93e7
000000e72f9360e8
00000069efc18b18
0000030d649ef1ef
000000cccccccccd
fffff08b210e59c2
00000092307825d8
0000009e68727289
0000008a1993caf0
0000030d649ef1ef
000000cccccccccd
fffff08b210e59c2
ffffffe1985cb1da
000000e715135e5d
00000069e39ce61d
000003792be101a6
000000cccccccccd
fffff08b210e59c2
00000090a36d0a0e
0000009f3701303b
0000008acda76b4a
000003792be101a6
000000cccccccccd
fffff08b210e59c2
ffffffe0a1024df2
000000e6f9be81ce
00000069d716b81d
000003e4f323115d
000000cccccccccd
fffff08b210e59c2
0000008f104d4c00
000000a0056c5976
0000008b819c06e5
000003e4f323115d
000000cccccccccd
fffff08b210e59c2
ffffffdfaa00fda2
000000e6dd95b1f7
00000069ca2f6ad2
00000450ba652115
000000cccccccccd
fffff08b210e59c2
0000008d770a7169
000000a0d3a1b8d0
0000008c3561bdee
00000450ba652115
000000cccccccccd
fffff08b210e59c2
ffffffdeb35b518a
000000e6c099dbfb
00000069bce76ae7
000004bc81a730cc
000000cccccccccd
fffff08b210e59c2
0000008bd7968509
000000a1a18e7bdd
0000008ce8e827b5
000004bc81a730cc
000000cccccccccd
fffff08b210e59c2
ffffffddbd13d551
000000e6a2cbf347
00000069af3f27e6
0000052848e94083
000000cccccccccd
fffff08b210e59c2
0000008a31e4213c
000000a26f1f325e
0000008d9c1e51f1
0000052848e94083
000000cccccccccd
fffff08b210e59c2
ffffffdcc72d0f88
000000e6842cf186
00000069a1371439
00000594102b503a
000000cccccccccd
fffff08b210e59c2
0000008885e67aeb
000000a33c3fcdba
0000008e4ef2c04c
00000594102b503a
000000cccccccccd
fffff08b210e59c2
ffffffdbd1a9818f
000000e664bdd684
0000006992cfa514
000005ffd76d5ff1
000000cccccccccd
fffff08b210e59c2
00000086d3916cc8
000000a408dba0c5
0000008f01536c30
000005ffd76d5ff1
000000cccccccccd
fffff08b210e59c2
ffffffdadc8ba771
000000e6447fa81a
0000006984095276
0000066b9eaf6fa8
000000cccccccccd
fffff08b210e59c2
000000851ad982d1
000000a4d4dd5fd7
0000008fb32dc4dd
0000066b9eaf6fa8
000000cccccccccd
fffff08b210e59c2
ffffffd9e7d5f7ce
000000e623737215
0000006974e49716
000006d765f17f5f
000000cccccccccd
fffff08b210e59c2
000000835bb40619
000000a5a02f2142
00000090646eafd2
000006d765f17f5f
000000cccccccccd
fffff08b210e59c2
ffffffd8f38ae3b8
000000e6019a4624
000000696561f05b
000007432d338f16
000000cccccccccd
fffff08b210e59c2
00000081961708cf
000000a66aba5e24
000000911502897e
000007432d338f16
000000cccccccccd
fffff08b210e59c2
ffffffd7ffacd69e
000000e5def53bb9
000000695581de53
000007aef4759ecd
000000cccccccccd
fffff08b210e59c2
0000007fc9f97281
000000a73467f39e
00000091c4d52653
000007aef4759ecd
000000cccccccccd
fffff08b210e59c2
ffffffd70c3e3629
000000e5bb856ff4
000000694544e3a6
0000081abbb7ae84
000000cccccccccd
fffff08b210e59c2
0000007df7530c96
000000a7fd202476
0000009273d1d433
0000081abbb7ae84
000000cccccccccd
fffff08b210e59c2
ffffffd61941622a
000000e5974c058d
0000006934ab858a
0000088682f9be3b
000000cccccccccd
fffff08b210e59c2
0000007c1e1c8ef1
000000a8c4ca9b25
0000009321e35c3b
0000088682f9be3b
000000cccccccccd
fffff08b210e59c2
ffffffd526b8b479
000000e5724a24b6
0000006923b64bba
000008f24a3bcdf2
000000cccccccccd
fffff08b210e59c2
0000007a3e4facbf
000000a98b4e6c62
00000093cef404f3
000008f24a3bcdf2
000000cccccccccd
fffff08b210e59c2
ffffffd434a680e2
000000e54c80fb07
000000691265c068
0000095e117ddda9
000000cccccccccd
fffff08b210e59c2
0000007857e7215e
000000aa50921a18
000000947aed94ef
0000095e117ddda9
000000cccccccccd
fffff08b210e59c2
ffffffd3430d1508
000000e525f1bb5d
0000006900ba7033
000009c9d8bfed61
000000cccccccccd
fffff08b210e59c2
000000766adebd5f
000000ab147b96ee
0000009525b955db
000009c9d8bfed61
000000cccccccccd
fffff08b210e59c2
ffffffd251eeb851
000000e4fe9d9dca
00000068eeb4ea1a
00000a35a001fd18
000000cccccccccd
fffff08b210e59c2
0000007477337391
000000abd6f04a40
00000095cf4017f2
00000a35a001fd18
000000cccccccccd
fffff08b210e59c2
ffffffd1614dabcd
000000e4d685df72
00000068dc55bf6f
fffff0d248aa72a9
000000cccccccccd
ffffe4f907ab98a9
000000b11a4c8d27
00000072773b27eb
00000091262124d4
fffff0d248aa72a9
000000cccccccccd
ffffe4f907ab98a9
0000000b92fe94f0
000000ddb6a226ff
0000007f74e7e258
fffff16f4850d04b
000000cccccccccd
ffffe4f907ab98a9
000000afd642191c
000000733629eceb
00000092183e2589
fffff16f4850d04b
000000cccccccccd
ffffe4f907ab98a9
0000000a34b2036a
000000ddc3906330
0000007f7c56d7d7
fffff20c47f72dec
000000cccccccccd
ffffe4f907ab98a9
000000ae8bd82377
00000073f630d3aa
000000930bbe5f44
fffff20c47f72dec
000000cccccccccd
ffffe4f907ab98a9
00000008d62bfd34
000000ddcedfc96a
0000007f82d7532d
fffff2a9479d8b8d
000000cccccccccd
ffffe4f907ab98a9
000000ad3af00f7a
00000074b7472076
000000940096bf0b
fffff2a9479d8b8d
000000cccccccccd
ffffe4f907ab98a9
0000000777742d7e
000000ddd88f9ac4
0000007f8868e69d
fffff3464743e92e
000000cccccccccd
ffffe4f907ab98a9
000000abe36b0f93
00000075796375e4
00000094f6bb64cb
fffff3464743e92e
000000cccccccccd
ffffe4f907ab98a9
00000006189244f2
000000dde09f3392
0000007f8d0b340d
fffff3e346ea46d0
000000cccccccccd
ffffe4f907ab98a9
000000aa852a2d81
000000763c7bceac
00000095ee1f9b9a
fffff3e346ea46d0
000000cccccccccd
ffffe4f907ab98a9
00000004b98df8da
000000dde70e0b83
0000007f90bded22
fffff4804690a471
000000cccccccccd
ffffe4f907ab98a9
000000a9200e5338
0000007700857780
00000096e6b5d1e2
fffff4804690a471
000000cccccccccd
ffffe4f907ab98a9
000000035a6f0249
000000ddebdbb5bb
0000007f9380d346
fffff51d46370212
000000cccccccccd
ffffe4f907ab98a9
000000a7b3f8546e
00000077c57508d7
00000097e06f9180
fffff51d46370212
000000cccccccccd
ffffe4f907ab98a9
00000001fb3d1d42
000000ddef07e0e7
0000007f9553b7ba
fffff5ba45dd5fb3
000000cccccccccd
ffffe4f907ab98a9
000000a640c8f8f3
000000788b3e60b3
00000098db3d77e2
fffff5ba45dd5fb3
000000cccccccccd
ffffe4f907ab98a9
000000009c0007e1
000000ddf092574c
0000007f96367b99
fffff6574583bd54
000000cccccccccd
ffffe4f907ab98a9
000000a4c66107d9
0000007951d49c66
00000099d70f2e1e
fffff6574583bd54
000000cccccccccd
ffffe4f907ab98a9
ffffffff3cbf817a
000000ddf07afecd
0000007f96290fe2
fffff6f4452a1af6
000000cccccccccd
ffffe4f907ab98a9
000000a344a1535d
0000007a192a1263
0000009ad3d3611e
fffff6f4452a1af6
000000cccccccccd
ffffe4f907ab98a9
fffffffddd8349c4
000000ddeec1d8f8
0000007f952b7579
fffff79144d07897
000000cccccccccd
ffffe4f907ab98a9
000000a1bb6ac5b8
0000007ae1304c14
0000009bd177b9cc
fffff79144d07897
000000cccccccccd
ffffe4f907ab98a9
fffffffc7e531ffd
000000ddeb6702fd
0000007f933dbd24
fffff82e4476d638
000000cccccccccd
ffffe4f907ab98a9
000000a02a9e6eca
0000007ba9d7ffcb
0000009ccfe8d566
fffff82e4476d638
000000cccccccccd
ffffe4f907ab98a9
fffffffb1f36c20d
000000dde66ab5ae
0000007f90600790
fffff8cb441d33d9
000000cccccccccd
ffffe4f907ab98a9
0000009e921d92a8
0000007c73110acc
0000009dcf123dea
fffff8cb441d33d9
000000cccccccccd
ffffe4f907ab98a9
fffffff9c035ebaf
000000dddfcd4573
0000007f8c928540
fffff96843c3917b
000000cccccccccd
ffffe4f907ab98a9
0000009cf1c9b91f
0000007d3cca6b78
0000009ecede62b5
fffff96843c3917b
000000cccccccccd
ffffe4f907ab98a9
fffffff861585594
000000ddd78f223a
0000007f87d5768e
fffffa054369ef1c
000000cccccccccd
ffffe4f907ab98a9
0000009b4984be22
0000007e06f23ba4
0000009fcf369157
fffffa054369ef1c
000000cccccccccd
ffffe4f907ab98a9
fffffff702a5b48d
000000ddcdb0d764
0000007f82292b9a
fffffaa243104cbd
000000cccccccccd
ffffe4f907ab98a9
000000999930e333
0000007ed175ab2d
000000a0d002eead
fffffaa243104cbd
000000cccccccccd
ffffe4f907ab98a9
fffffff5a425b8b3
000000ddc2330baa
0000007f7b8e043b
fffffb3f42b6aa5e
000000cccccccccd
ffffe4f907ab98a9
00000097e0b0e1c8
0000007f9c40fac1
000000a1d12a704d
fffffb3f42b6aa5e
000000cccccccccd
ffffe4f907ab98a9
fffffff445e00c8a
000000ddb51680ff
0000007f74046ff0
fffffbdc425d0800
000000cccccccccd
ffffe4f907ab98a9
000000961fe7feaa
00000080673f76fe
000000a2d292d649
fffffbdc425d0800
000000cccccccccd
ffffe4f907ab98a9
fffffff2e7dc5436
000000dda65c146b
0000007f6b8cedca
fffffc79420365a1
000000cccccccccd
ffffe4f907ab98a9
0000009456ba1e5c
00000081325b73d8
000000a3d420a568
fffffc79420365a1
000000cccccccccd
ffffe4f907ab98a9
fffffff18a222c9f
000000dd9604bde7
0000007f62280c57
fffffd1641a9c342
000000cccccccccd
ffffe4f907ab98a9
00000092850bda7d
00000081fd7e4871
000000a4d5b721d7
fffffd1641a9c342
000000cccccccccd
ffffe4f907ab98a9
fffffff02cb92aa2
000000dd8411902b
0000007f57d66984
fffffdb3415020e3
000000cccccccccd
ffffe4f907ab98a9
00000090aac2982d
00000082c8904b55
000000a5d7384a64
fffffdb3415020e3
000000cccccccccd
ffffe4f907ab98a9
ffffffeecfa8da42
000000dd7083b87e
0000007f4c98b283
fffffe5040f67e85
000000cccccccccd
ffffe4f907ab98a9
0000008ec7c49f74
000000839378cf31
000000a6d884d45a
fffffe5040f67e85
000000cccccccccd
ffffe4f907ab98a9
ffffffed72f8bdd8
000000dd5b5c7e80
0000007f406fa3ab
fffffeed409cdc26
000000cccccccccd
ffffe4f907ab98a9
0000008cdbf933a2
000000845e1e201e
000000a7d97c2809
fffffeed409cdc26
000000cccccccccd
ffffe4f907ab98a9
ffffffec16b04d4b
000000dd449d43f0
0000007f335c0859
ffffff8a404339c7
000000cccccccccd
ffffe4f907ab98a9
0000008ae748aca5
0000008528658175
000000a8d9fc5e0a
ffffff8a404339c7
000000cccccccccd
ffffe4f907ab98a9
ffffffeabad6f546
000000dd2c478467
0000007f255ebac5
00000014c4d74bdf
000001455680ca4c
fffff66836d69828
000000a6f6c1b4f5
000000a05317c1bd
0000006d56ddb50d
00000014c4d74bdf
000001455680ca4c
fffff66836d69828
ffffffe7d8b6e268
000000ec8bc5b30d
0000005edc69c25e
000000659d246caf
000001483f6ff014
fffff6d3f5af4656
000000a69fa1a2c6
000000a1a4006b5c
0000006be9592d18
000000659d246caf
000001483f6ff014
fffff6d3f5af4656
ffffffe70eec4005
000000ecd1a82ec6
0000005df8c31a11
000000b55d0a550b
000001495d6adfa7
fffff6fd52bd317b
000000a5ddb5a5a8
000000a297a34693
0000006ba5ffacc2
000000b55d0a550b
000001495d6adfa7
fffff6fd52bd317b
ffffffe64d9bd88f
000000ece1671543
0000005d9cd0953c
000001055da237bb
00000149aaf3769d
fffff70889976c75
000000a4e7235e6e
000000a3627895a6
0000006bed9de99e
000001055da237bb
00000149aaf3769d
fffff70889976c75
ffffffe58e9025b1
000000ecd84f13af
0000005d7e99ecbf
00000156dda0c694
0000014940e64dc1
fffff6f932cd5615
000000a3bd2f788c
000000a40af3ca1e
0000006cb2fb0084
00000156dda0c694
0000014940e64dc1
fffff6f932cd5615
ffffffe4ceb7e4ff
000000ecb913335d
0000005d96a9e29b
000001ac1519ccf7
00000147d7bb1c78
fffff6c4f5b9da57
000000a246b3a21e
000000a484ed1d9f
0000006e29b2a0a5
000001ac1519ccf7
00000147d7bb1c78
fffff6c4f5b9da57
ffffffe40a1ee84e
000000ec7ad7a314
0000005df9dc2b44
000003d53dcfc930
000000cccccccccd
ffffe4f907ab98a9
0000007c36b6c152
0000008a9c728fad
000000afc4419982
000003d53dcfc930
000000cccccccccd
ffffe4f907ab98a9
ffffffe146714d3b
000000dc560a003a
0000007eaa359ea9
000004723d7626d1
000000cccccccccd
ffffe4f907ab98a9
00000079f82ecee7
0000008b5f8b4c08
000000b0bba64e96
000004723d7626d1
000000cccccccccd
ffffe4f907ab98a9
ffffffdfef15c40b
000000dc31413af5
0000007e95103070
0000050f3d1c8472
000000cccccccccd
ffffe4f907ab98a9
00000077b02f773f
0000008c2126fde8
000000b1b127d54b
0000050f3d1c8472
000000cccccccccd
ffffe4f907ab98a9
ffffffde9869b08b
000000dc0af3a3b6
0000007e7f0b3cb2
000005ac3cc2e213
000000cccccccccd
ffffe4f907ab98a9
000000755eb2067a
0000008ce120c873
000000b2a4976f2c
000005ac3cc2e213
000000cccccccccd
ffffe4f907ab98a9
ffffffdd4273e6ba
000000dbe323a76d
0000007e68282865
000006493c693fb5
000000cccccccccd
ffffe4f907ab98a9
0000007303b2250d
0000008d9f52e6bf
000000b395c53781
000006493c693fb5
000000cccccccccd
ffffe4f907ab98a9
ffffffdbed3b279d
000000dbb9d3c91b
0000007e5068652d
000006e63c0f9d56
000000cccccccccd
ffffe4f907ab98a9
000000709f2df7c3
0000008e5b96b576
000000b484802f87
000006e63c0f9d56
000000cccccccccd
ffffe4f907ab98a9
ffffffda98c620a0
000000db8f06a164
0000007e37cd711f
000007833bb5faf7
000000cccccccccd
ffffe4f907ab98a9
0000006e31263f88
0000008f15c4bdd0
000000b570964c59
000007833bb5faf7
000000cccccccccd
ffffe4f907ab98a9
ffffffd9451b6b04
000000db62bede1e
0000007e1e58d682
000008203b5c5898
000000cccccccccd
ffffe4f907ab98a9
0000006bb99e78e2
0000008fcdb4c1ee
000000b659d4869f
000008203b5c5898
000000cccccccccd
ffffe4f907ab98a9
ffffffd7f2418b49
000000db34ff41e1
0000007e040c2b86
000008bd3b02b63a
000000cccccccccd
ffffe4f907ab98a9
00000069389cfae1
00000090833dcaa1
000000b74006ec04
000008bd3b02b63a
000000cccccccccd
ffffe4f907ab98a9
ffffffd6a03ef0a0
000000db05caa38a
0000007de8e91207
0000095a3aa913db
000000cccccccccd
ffffe4f907ab98a9
00000066ae2b1555
00000091363636a1
000000b822f8b281
0000095a3aa913db
000000cccccccccd
ffffe4f907ab98a9
ffffffd54f19f464
000000dad523edc8
0000007dccf13743
000009f73a4f717c
000000cccccccccd
ffffe4f907ab98a9
000000641a552e1e
00000091e673cb3c
000000b902744d85
000009f73a4f717c
000000cccccccccd
ffffe4f907ab98a9
ffffffd3fed8d996
000000daa30e1e9c
0000007db0265397
00000a9439f5cf1d
000000cccccccccd
ffffe4f907ab98a9
000000617d2add5a
0000009293cbc678
000000b9de4384f4
00000a9439f5cf1d
000000cccccccccd
ffffe4f907ab98a9
ffffffd2af81cc5c
000000da6f8c46de
0000007d928a2a30
00000b31399c2cbf
000000cccccccccd
ffffe4f907ab98a9
0000005ed6bf083d
000000933e12f2b7
000000bab62f8e10
00000b31399c2cbf
000000cccccccccd
ffffe4f907ab98a9
ffffffd1611ae189
000000da3aa189bc
0000007d741e88c8
00000bce39428a60
000000cccccccccd
ffffe4f907ab98a9
0000005c2727fa58
00000093e51dbbc7
000000bb8a01262c
00000bce39428a60
000000cccccccccd
ffffe4f907ab98a9
ffffffd013aa162a
000000da04511c37
0000007d54e54758
00000c6b38e8e801
000000cccccccccd
ffffe4f907ab98a9
000000596e7f7d17
0000009488c04569
000000bc5980af3d
00000c6b38e8e801
000000cccccccccd
ffffe4f907ab98a9
ffffffcec7354f12
000000d9cc9e44a1
0000007d34e047cd
00000d08388f45a2
000000cccccccccd
ffffe4f907ab98a9
00000056ace2ed37
0000009528ce833e
000000bd24764e31
00000d08388f45a2
000000cccccccccd
ffffe4f907ab98a9
ffffffcd7bc25874
000000d9938c5a16
0000007d141175bb
00000da53835a344
000000cccccccccd
ffffe4f907ab98a9
00000053e2734e01
00000095c51c520d
000000bdeaaa0afc
00000da53835a344
000000cccccccccd
ffffe4f907ab98a9
ffffffcc3156e57f
000000d9591ec3f7
0000007cf27ac610
00000e4237dc00e5
000000cccccccccd
ffffe4f907ab98a9
000000510f5559fc
000000965d7d9255
000000beabe3f24d
00000e4237dc00e5
000000cccccccccd
ffffe4f907ab98a9
ffffffcae7f88ffa
000000d91d58f960
0000007cd01e36c6
00000edf37825e86
000000cccccccccd
ffffe4f907ab98a9
0000004e33b190fa
00000096f1c64420
000000bf67ec38cd
00000edf37825e86
000000cccccccccd
ffffe4f907ab98a9
ffffffc99facd7ef
000000d8e03e809e
0000007cacfdce90
ffffe41031275a8c
000000cccccccccd
ffffc5f36ad73da4
0000009dbfe2130d
0000004f81645db9
000000b94891f6f5
ffffe41031275a8c
000000cccccccccd
ffffc5f36ad73da4
000000224e6fd677
000000bdbba92fdb
000000a867d46532
ffffe5312768fef8
000000cccccccccd
ffffc5f36ad73da4
0000009bd267e0d2
0000005018278843
000000baa7ea158f
ffffe5312768fef8
000000cccccccccd
ffffc5f36ad73da4
000000202ec83031
000000bdf0e9cd3f
000000a897189938
ffffe6521daaa364
000000cccccccccd
ffffc5f36ad73da4
00000099d9e8d3c2
00000050af403123
000000bc0809712b
ffffe6521daaa364
000000cccccccccd
ffffc5f36ad73da4
0000001e0d64b8a5
000000be22dd4b82
000000a8c36eada9
ffffe77313ec47d0
000000cccccccccd
ffffc5f36ad73da4
00000097d63599d7
00000051469a5283
000000bd68c1604d
ffffe77313ec47d0
000000cccccccccd
ffffc5f36ad73da4
0000001bea611c75
000000be517ba8ae
000000a8eccf86fc
ffffe8940a2dec3c
000000cccccccccd
ffffc5f36ad73da4
00000095c71fe291
00000051de20c21b
000000bec9e08fe8
ffffe8940a2dec3c
000000cccccccccd
ffffc5f36ad73da4
00000019c5d976b2
000000be7cbd6159
000000a9133479fd
ffffe9b5006f90a8
000000cccccccccd
ffffc5f36ad73da4
00000093ac7a8be7
0000005275bd2ab4
000000c02b32f44f
ffffe9b5006f90a8
000000cccccccccd
ffffc5f36ad73da4
000000179fea4a0e
000000bea49b73f8
000000a936974ebd
ffffead5f6b13514
000000cccccccccd
ffffc5f36ad73da4
000000918619d1db
000000530d580658
000000c18c81bba1
ffffead5f6b13514
000000cccccccccd
ffffc5f36ad73da4
0000001578b079d5
000000bec90f63f6
000000a956f24350
ffffebf6ecf2d981
000000cccccccccd
ffffc5f36ad73da4
0000008f53d380a4
00000053a4d8993a
000000c2ed9341e6
ffffebf6ecf2d981
000000cccccccccd
ffffc5f36ad73da4
00000013504942a4
000000beea133c9c
000000a974400e61
ffffed17e3347ded
000000cccccccccd
ffffc5f36ad73da4
0000008d157f2966
000000543c24ed6b
000000c44e2b071f
ffffed17e3347ded
000000cccccccccd
ffffc5f36ad73da4
0000001126d232f1
000000bf07a193b9
000000a98e7be193
ffffee38d9762259
000000cccccccccd
ffffc5f36ad73da4
0000008acaf6597b
00000054d321cf8a
000000c5ae09a77a
ffffee38d9762259
000000cccccccccd
ffffc5f36ad73da4
0000000efc692355
000000bf21b58c18
000000a9a5a16ba9
ffffef59cfb7c6c5
000000cccccccccd
ffffc5f36ad73da4
000000887414d420
0000005569b2cc78
000000c70cecd606
ffffef59cfb7c6c5
000000cccccccccd
ffffc5f36ad73da4
0000000cd12c2eae
000000bf384ad7b3
000000a9b9acda7d
fffff07ac5f96b31
000000cccccccccd
ffffc5f36ad73da4
0000008610b8ce85
00000055ffba3038
000000c86a8f5a09
fffff07ac5f96b31
000000cccccccccd
ffffc5f36ad73da4
0000000aa539aa19
000000bf4b5db9ac
000000a9ca9adcc0
fffff19bbc3b0f9d
000000cccccccccd
ffffc5f36ad73da4
00000083a0c32e07
0000005695190616
000000c9c6a90f62
fffff19bbc3b0f9d
000000cccccccccd
ffffc5f36ad73da4
0000000878b01cbe
000000bf5aeb07ff
000000a9d868a37c
fffff2bcb27cb409
000000cccccccccd
ffffc5f36ad73da4
000000812417c87d
0000005729af1a31
000000cb20eeea1d
fffff2bcb27cb409
000000cccccccccd
ffffc5f36ad73da4
000000064bae3785
000000bf66f02cf9
000000a9e313e35e
fffff3dda8be5875
000000cccccccccd
ffffc5f36ad73da4
0000007e9a9da64e
00000057bd5afc8a
000000cc7912fd98
fffff3dda8be5875
000000cccccccccd
ffffc5f36ad73da4
000000041e52ccab
000000bf6f6b2869
000000a9ea9ad5ca
fffff4fe9efffce2
000000cccccccccd
ffffc5f36ad73da4
0000007c043f4626
000000584ffa05b9
000000cdcec48773
fffff4fe9efffce2
000000cccccccccd
ffffc5f36ad73da4
00000001f0bcc743
000000bf745a908b
000000a9eefc39a4
fffff61f9541a14e
000000cccccccccd
ffffc5f36ad73da4
0000007960eae1f2
00000058e1685d61
000000cf21affe9b
fffff61f9541a14e
000000cccccccccd
ffffc5f36ad73da4
ffffffffc30b22a9
000000bf75bd92af
000000a9f03753ed
fffff7408b8345ba
000000cccccccccd
ffffc5f36ad73da4
00000076b092b4e1
000000597181027c
000000d0717f26ab
fffff7408b8345ba
000000cccccccccd
ffffc5f36ad73da4
fffffffd955ce1e4
000000bf7393f39e
000000a9ee4bf014
fffff86181c4ea26
000000cccccccccd
ffffc5f36ad73da4
00000073f32d41fa
0000005a001dd5ac
000000d1bdd927e8
fffff86181c4ea26
000000cccccccccd
ffffc5f36ad73da4
fffffffb67d1070a
000000bf6dde0faf
000000a9e93a6011
fffff98278068e92
000000cccccccccd
ffffc5f36ad73da4
0000007128b59ae9
0000005a8d17a598
000000d30662ac1e
fffff98278068e92
000000cccccccccd
ffffc5f36ad73da4
fffffff93a868aa2
000000bf649cdaa5
000000a9e1037c3e
fffffaa36e4832fe
000000cccccccccd
ffffc5f36ad73da4
0000006e512ba697
0000005b18463d7d
000000d44abe0080
fffffaa36e4832fe
000000cccccccccd
ffffc5f36ad73da4
fffffff70d9c530e
000000bf57d1df35
000000a9d5a8a2f4
fffffbc46489d76a
000000cccccccccd
ffffc5f36ad73da4
0000006b6c946700
0000005ba18075f3
000000d58a8b3cd8
fffffbc46489d76a
000000cccccccccd
ffffc5f36ad73da4
fffffff4e1312bf9
000000bf477f3e57
000000a9c72bb7e6
fffffce55acb7bd7
000000cccccccccd
ffffc5f36ad73da4
000000687afa3dc6
0000005c289c4819
000000d6c5687018
fffffce55acb7bd7
000000cccccccccd
ffffc5f36ad73da4
fffffff2b563bde3
000000bf33a7ae44
000000a9b58f2348
fffffe06510d2043
000000cccccccccd
ffffc5f36ad73da4
000000657c6d2ef4
0000005cad6ee30e
000000d7faf1d27b
fffffe06510d2043
000000cccccccccd
ffffc5f36ad73da4
fffffff08a5285b8
000000bf1c4e793d
000000a9a0d5d0aa
ffffffc1e2261e6a
000001836ce6b07d
fffff67eeba131c7
000000a8af69153a
0000009ee3fcf189
0000006cca088167
ffffffc1e2261e6a
000001836ce6b07d
fffff67eeba131c7
ffffffe88f2d38f3
000000ec99c373c6
0000005ee74a8140
0000001430b67c45
0000018540552461
fffff6fb2bf181a1
000000a86fa2a983
000000a0521139de
0000006b10442068
0000001430b67c45
0000018540552461
fffff6fb2bf181a1
ffffffe7c0618963
000000ecedf236ea
0000005ddfe2ff53
00000063c572cc58
0000018616748bf4
fffff73416cf3fcf
000000a7ca021e2d
000000a15ce7d5f1
0000006a8319cedf
00000063c572cc58
0000018616748bf4
fffff73416cf3fcf
ffffffe6fda4c4c5
000000ed0afa65fe
0000005d632e4b40
000000b281556ee6
0000018683a177ed
fffff7511c1ba588
000000a6f7b8bde2
000000a23fb051a8
0000006a7509e588
000000b281556ee6
0000018683a177ed
fffff7511c1ba588
ffffffe63f5b73ca
000000ed10ff36b5
0000005d2017ac69
000001015bf9f82c
00000186a53cad5a
fffff75a0afcb1b2
000000a601f3949c
000000a306d40a5a
0000006ac50c568a
000001015bf9f82c
00000186a53cad5a
fffff75a0afcb1b2
ffffffe582b09afd
000000ed0641ddf6
0000005d067efb39
000001513d62dfbe
000001868040f393
fffff750364dffc9
000000a4e78010be
000000a3b5498cfc
0000006b6f47f685
000001513d62dfbe
000001868040f393
fffff750364dffc9
ffffffe4c583a1fe
000000ecebad97a5
0000005d139479bc
000001a35eb48673
00000186082ceb00
fffff7304b14d18b
000000a39e61f32d
000000a447a1ff3e
0000006c85af3f53
000001a35eb48673
00000186082ceb00
fffff7304b14d18b
ffffffe4056a2ece
000000ecbe4909c4
0000005d4e09effb
000001fa49e17e80
0000018508c2313b
fffff6ec662da69d
000000a2068364b8
000000a4ac7adf01
0000006e4d0ec97a
000001fa49e17e80
0000018508c2313b
fffff6ec662da69d
ffffffe33e0230b4
000000ec7226e057
0000005dd2196b56
0000082ef95be810
000000cccccccccd
ffffc5f36ad73da4
000000485927133a
00000060d560d042
000000e1aa6a6b8b
0000082ef95be810
000000cccccccccd
ffffc5f36ad73da4
ffffffdd3af6a7f9
000000bdaf9568fc
000000a85d1c287c
0000094fef9d8c7c
000000cccccccccd
ffffc5f36ad73da4
00000044e205126e
0000006139c59a3a
000000e29460d557
0000094fef9d8c7c
000000cccccccccd
ffffc5f36ad73da4
ffffffdb1d90961d
000000bd765a742f
000000a82a50153d
00000a70e5df30e8
000000cccccccccd
ffffc5f36ad73da4
0000004160500982
0000006199f76ae3
000000e3748e12c8
00000a70e5df30e8
000000cccccccccd
ffffc5f36ad73da4
ffffffd9022210db
000000bd39e5d65f
000000a7f4a7287d
00000b91dc20d554
000000cccccccccd
ffffc5f36ad73da4
0000003dd469d8b2
00000061f5cbd199
000000e44a8f3c5f
00000b91dc20d554
000000cccccccccd
ffffc5f36ad73da4
ffffffd6e8c5367c
000000bcfa411045
000000a7bc29d184
00000cb2d26279c1
000000cccccccccd
ffffc5f36ad73da4
0000003a3ebb93ee
000000624d197223
000000e51603eec8
00000cb2d26279c1
000000cccccccccd
ffffc5f36ad73da4
ffffffd4d1939d3e
000000bcb776114b
000000a780e0e1d2
00000dd3c8a41e2d
000000cccccccccd
ffffc5f36ad73da4
000000369fb5675a
000000629fb83378
000000e5d68eb7d8
00000dd3c8a41e2d
000000cccccccccd
ffffc5f36ad73da4
ffffffd2bca64e03
000000bc718f3360
000000a742d58979
00000ef4bee5c299
000000cccccccccd
ffffc5f36ad73da4
00000032f7ce70f7
00000062ed816e95
000000e68bd583be
00000ef4bee5c299
000000cccccccccd
ffffc5f36ad73da4
ffffffd0aa15bf5a
000000bc289736b1
000000a702115348
00001015b5276705
000000cccccccccd
ffffc5f36ad73da4
0000002f47848f4f
0000006336501d0f
000000e73582097b
00001015b5276705
000000cccccccccd
ffffc5f36ad73da4
ffffffce99f9d0d5
000000bbdc993d44
000000a6be9e20e7
00001136ab690b71
000000cccccccccd
ffffc5f36ad73da4
0000002b8f5c2501
000000637a0106e6
000000e7d34235bc
00001136ab690b71
000000cccccccccd
ffffc5f36ad73da4
ffffffcc8c69c6b1
000000bb8da0c676
000000a6788626d8
00001257a1aaafdd
000000cccccccccd
ffffc5f36ad73da4
00000027cfdfd141
00000063b872ef4d
000000e864c89326
00001257a1aaafdd
000000cccccccccd
ffffc5f36ad73da4
ffffffca817c45d8
000000bb3bb9aa6c
000000a62fd3e869
0000137897ec5449
000000cccccccccd
ffffc5f36ad73da4
0000002409a01d6a
00000063f186bfe5
000000e8e9ccaf24
0000137897ec5449
000000cccccccccd
ffffc5f36ad73da4
ffffffc879475034
000000bae6f01567
000000a5e4923391
000014998e2df8b6
000000cccccccccd
ffffc5f36ad73da4
000000203d331fe5
00000064251fb218
000000e9620b7a3e
000014998e2df8b6
000000cccccccccd
ffffc5f36ad73da4
ffffffc673e0415c
000000ba8f50830d
000000a596cc1cc0
000015ba846f9d22
000000cccccccccd
ffffc5f36ad73da4
0000001c6b3414d9
000000645323761a
000000e9cd47a308
000015ba846f9d22
000000cccccccccd
ffffc5f36ad73da4
ffffffc4715bcb96
000000ba34e7b9ac
000000a5468cfaa6
000016db7ab1418e
000000cccccccccd
ffffc5f36ad73da4
000000189442ed23
000000647b7a5743
000000ea2b49eac8
000016db7ab1418e
000000cccccccccd
ffffc5f36ad73da4
ffffffc271cdf52b
000000b9d7c2c567
000000a4f3e061f3
000017fc70f2e5fa
000000cccccccccd
ffffc5f36ad73da4
00000014b903d439
000000649e0f5d41
000000ea7be172e8
000017fc70f2e5fa
000000cccccccccd
ffffc5f36ad73da4
ffffffc0754a1616
000000b977eef36a
000000a49ed2210f
0000191d67348a66
000000cccccccccd
ffffc5f36ad73da4
00000010da1eadca
00000064bad069f1
000000eabee40274
0000191d67348a66
000000cccccccccd
ffffc5f36ad73da4
ffffffbe7be2d607
000000b91579cd18
000000a4476e3bd0
00001a3e5d762ed2
000000cccccccccd
ffffc5f36ad73da4
0000000cf83e8bfd
00000064d1ae536a
000000eaf42e42d0
00001a3e5d762ed2
000000cccccccccd
ffffc5f36ad73da4
ffffffbc85aa2aba
000000b8b0711331
000000a3edc0e738
00001b5f53b7d33e
000000cccccccccd
ffffc5f36ad73da4
0000000914111f3b
00000064e29cfa03
000000eb1ba3f313
00001b5f53b7d33e
000000cccccccccd
ffffc5f36ad73da4
ffffffba92b1569b
000000b848e2b90c
000000a391d68529
ffff50ce690d3856
000000cccccccccd
fffe5fe3fcfb3982
0000006edbdd7b3a
0000000fc6958ac2
000000e6363431c5
ffff50ce690d3856
000000cccccccccd
fffe5fe3fcfb3982
00000057067cbd5b
000000344263f0c5
000000eb0391879e
ffff57e283d66205
000000cccccccccd
fffe5fe3fcfb3982
0000006bb8ba7e42
0000000fe081bb30
000000e7b07cb2ef
ffff57e283d66205
000000cccccccccd
fffe5fe3fcfb3982
00000053b3f13889
0000003483b16499
000000ec293d18bb
ffff5ef69e9f8bb4
000000cccccccccd
fffe5fe3fcfb3982
0000006886349906
0000000ff9ffa47c
000000e9247bf11c
ffff5ef69e9f8bb4
000000cccccccccd
fffe5fe3fcfb3982
00000050551948f4
00000034c309f45e
000000ed461c1f34
ffff660ab968b563
000000cccccccccd
fffe5fe3fcfb3982
00000065445ff451
000000101305bee8
000000ea91a6d9af
ffff660ab968b563
000000cccccccccd
fffe5fe3fcfb3982
0000004cea3a6094
0000003500539779
000000ee59b987d1
ffff6d1ed431df12
000000cccccccccd
fffe5fe3fcfb3982
00000061f358f0e9
000000102b8a5780
000000ebf76fe37e
ffff6d1ed431df12
000000cccccccccd
fffe5fe3fcfb3982
0000004973a1a1e8
000000353b747556
000000ef63a11758
ffff7432eefb08c1
000000cccccccccd
fffe5fe3fcfb3982
0000005e93448466
0000001043839711
000000ed5547745d
ffff7432eefb08c1
000000cccccccccd
fffe5fe3fcfb3982
00000045f1a3f01d
000000357452feda
000000f0635fdcfe
ffff7b4709c43270
000000cccccccccd
fffe5fe3fcfb3982
0000005b24508fc4
000000105ae789cf
000000eeaa9c50c9
ffff7b4709c43270
000000cccccccccd
fffe5fe3fcfb3982
00000042649df561
00000035aad608b4
000000f15884a8b6
ffff825b248d5c1e
000000cccccccccd
fffe5fe3fcfb3982
00000057a6b42e7c
0000001071ac27a7
000000eff6dc157f
ffff825b248d5c1e
000000cccccccccd
fffe5fe3fcfb3982
0000003eccf41ec8
00000035dee4e65e
000000f242a084a3
ffff896f3f5685cd
000000cccccccccd
fffe5fe3fcfb3982
000000541aaffcd2
0000001087c75d43
000000f13973babd
ffff896f3f5685cd
000000cccccccccd
fffe5fe3fcfb3982
0000003b2b128d2b
00000036106785a2
000000f3214730df
ffff90835a1faf7c
000000cccccccccd
fffe5fe3fcfb3982
00000050808e542a
000000109d2f15a7
000000f271d020b9
ffff90835a1faf7c
000000cccccccccd
fffe5fe3fcfb3982
000000377f6cfa97
000000363f468a71
000000f3f40fa0ac
ffff979774e8d92b
000000cccccccccd
fffe5fe3fcfb3982
0000004cd8a37c04
00000010b1d94467
000000f39f5ea4b2
ffff979774e8d92b
000000cccccccccd
fffe5fe3fcfb3982
00000033ca7e93e7
000000366b6b6ad5
000000f4ba94781b
ffff9eab8fb202da
000000cccccccccd
fffe5fe3fcfb3982
00000049234dce86
00000010c5bbf06b
000000f4c18dbde4
ffff9eab8fb202da
000000cccccccccd
fffe5fe3fcfb3982
000000300cc9c64b
0000003694c08ac1
000000f57474892c
ffffa5bfaa7b2c89
000000cccccccccd
fffe5fe3fcfb3982
0000004560f5cf50
00000010d8cd3f2a
000000f5d7cda174
ffffa5bfaa7b2c89
000000cccccccccd
fffe5fe3fcfb3982
0000002c46d8009f
00000036bb315788
000000f621534f41
ffffacd3c5445638
000000cccccccccd
fffe5fe3fcfb3982
00000041920e338f
00000010eb03804c
000000f6e190ec45
ffffacd3c5445638
000000cccccccccd
fffe5fe3fcfb3982
0000002879396887
00000036deaa62b6
000000f6c0d967da
ffffb3e7e00d7fe7
000000cccccccccd
fffe5fe3fcfb3982
0000003db713da4a
00000010fc5539a2
000000f7de4d5183
ffffb3e7e00d7fe7
000000cccccccccd
fffe5fe3fcfb3982
00000024a484837e
00000036ff197c08
000000f752b50775
ffffbafbfad6a996
000000cccccccccd
fffe5fe3fcfb3982
00000039d08db419
000000110cb93352
000000f8cd7c4c80
ffffbafbfad6a996
000000cccccccccd
fffe5fe3fcfb3982
00000020c955d420
000000371c6dca52
000000f7d69a696b
ffffc210159fd345
000000cccccccccd
fffe5fe3fcfb3982
00000035df0c997c
000000111c268430
000000f9ae9bd474
ffffc210159fd345
000000cccccccccd
fffe5fe3fcfb3982
0000001ce84f6c0b
000000373697e2ff
000000f84c4439b0
ffffc9243068fcf4
000000cccccccccd
fffe5fe3fcfb3982
00000031e32b0f61
000000112a949e0d
000000fa812f1077
ffffc9243068fcf4
000000cccccccccd
fffe5fe3fcfb3982
0000001902187303
000000374d89dffe
000000f8b373f760
ffffd0384b3226a3
000000cccccccccd
fffe5fe3fcfb3982
0000002ddd8cf968
0000001137fb59f2
000000fb44bf0a06
ffffd0384b3226a3
000000cccccccccd
fffe5fe3fcfb3982
00000015175ca3f4
00000037613773d4
000000f90bf24f0b
ffffd74c65fb5052
000000cccccccccd
fffe5fe3fcfb3982
00000029cedf39e0
0000001144530429
000000fbf8db5c46
ffffd74c65fb5052
000000cccccccccd
fffe5fe3fcfb3982
0000001128cbc0c8
000000377195fba2
000000f9558f6bc7
ffffde6080c47a01
000000cccccccccd
fffe5fe3fcfb3982
00000025b7d73f7d
000000114f9467e1
000000fc9d1ade3a
ffffde6080c47a01
000000cccccccccd
fffe5fe3fcfb3982
0000000d3718fdec
000000377e9c8ef2
000000f990233e25
ffffe5749b8da3b0
000000cccccccccd
fffe5fe3fcfb3982
0000002199328135
0000001159b8da60
000000fd311c4604
ffffe5749b8da3b0
000000cccccccccd
fffe5fe3fcfb3982
0000000942fa66b6
0000003788440d09
000000f9bb8db83a
ffffec88b656cd5f
000000cccccccccd
fffe5fe3fcfb3982
0000001d73b5e8cd
0000001162ba459b
000000fdb486c35c
ffffec88b656cd5f
000000cccccccccd
fffe5fe3fcfb3982
000000054d283bd4
000000378e8727b4
000000f9d7b6fe16
fffff39cd11ff70e
000000cccccccccd
fffe5fe3fcfb3982
00000019482d2cf3
000000116a93320d
000000fe270a8f77
fffff39cd11ff70e
000000cccccccccd
fffe5fe3fcfb3982
00000001565c4d0a
0000003791626b53
000000f9e48f8a07
ffffffc344e95529
000001c15c4e0d2b
fffff6f58ca4b7fe
000000a9f2813eb7
0000009ebf8de1d9
0000006b04ad8e3d
ffffffc344e95529
000001c15c4e0d2b
fffff6f58ca4b7fe
ffffffe8758bcc66
000000ece5655f2e
0000005e237bb96d
00000013eaecc0ad
000001c18b746cc9
fffff74407a89617
000000a96e026a9f
0000009fed505785
0000006a146cd163
00000013eaecc0ad
000001c18b746cc9
fffff74407a89617
ffffffe7ae2e0b5e
000000ed14b74db6
0000005d791377f1
00000062a86fda4b
000001c1a65fc91a
fffff770d64243a0
000000a8b7a47ecb
000000a0e801e172
00000069bbd675f5
00000062a86fda4b
000001c1a65fc91a
fffff770d64243a0
ffffffe6ee1427d1
000000ed28328b75
0000005d14b1b35a
000000b0ad42191b
000001c1b4f6254c
fffff7891e104ca7
000000a7e062eb24
000000a1c4910175
00000069c1ea20cd
000000b0ad42191b
000001c1b4f6254c
fffff7891e104ca7
ffffffe63178b935
000000ed2a8f4929
0000005cdb0f7d0f
000000fec5775487
000001c1b9bab482
fffff7910dac2b69
000000a6ec1c9a72
000000a28a2714a2
0000006a157cc262
000000fec5775487
000001c1b9bab482
fffff7910dac2b69
ffffffe576383789
000000ed1f22404b
0000005cc37340fa
0000014db32ccc7b
000001c1b5281504
fffff789712eac8a
000000a5d94e1aba
000000a33ad93138
0000006ab4bb5c0b
0000014db32ccc7b
000001c1b5281504
fffff789712eac8a
ffffffe4ba9009a3
000000ed06702984
0000005ccc22b080
0000019e6733bf95
000001c1a619bf6b
fffff77061ae7c19
000000a4a15b8c68
000000a3d4e8a85a
0000006baa96b45e
0000019e6733bf95
000001c1a619bf6b
fffff77061ae7c19
ffffffe3fc92252c
000000ecdeb50c78
0000005cf8f27aaf
000001f26ef9d949
000001c1889c290f
fffff73f4b783286
000000a333c58748
000000a45040e161
0000006d18c6d13a
000001f26ef9d949
000001c1889c290f
fffff73f4b783286
ffffffe3395d8f85
000000eca22aa367
0000005d574ec332
0000024df7500ba2
000001c14dd4bd5e
fffff6dd75307c94
000000a158ed8df2
000000a48c649e6e
0000006f79cb7a5a
0000024df7500ba2
000001c14dd4bd5e
fffff6dd75307c94
ffffffe269d4e619
000000ec3b726d69
0000005e19d2bd67
00003a65dcfb97e3
000000cccccccccd
fffe5fe3fcfb3982
ffffffef04324f65
00000011769b5ce0
000000fed69eca27
00003a65dcfb97e3
000000cccccccccd
fffe5fe3fcfb3982
ffffffda1b939270
00000036f4e1be42
000000f724c1daf9
00004179f7c4c192
000000cccccccccd
fffe5fe3fcfb3982
ffffffeacf241c07
000000117119e8ca
000000fe8646ef00
00004179f7c4c192
000000cccccccccd
fffe5fe3fcfb3982
ffffffd6491c3bb1
00000036d3738cf6
000000f68e6b0ec4
0000488e128deb41
000000cccccccccd
fffe5fe3fcfb3982
ffffffe69e7e40c7
000000116a671c87
000000fe24874035
0000488e128deb41
000000cccccccccd
fffe5fe3fcfb3982
ffffffd27decdbae
00000036af0130ae
000000f5ea83c42a
00004fa22d5714f0
000000cccccccccd
fffe5fe3fcfb3982
ffffffe27317c26c
0000001162871caf
000000fdb19c32c0
00004fa22d5714f0
000000cccccccccd
fffe5fe3fcfb3982
ffffffceba99ef16
00000036879d4405
000000f5395fa4ed
000056b648203e9f
000000cccccccccd
fffe5fe3fcfb3982
ffffffde4dc24c96
00000011597ebd47
000000fd2dcc3bab
000056b648203e9f
000000cccccccccd
fffe5fe3fcfb3982
ffffffcaffb17524
000000365d5b976f
000000f47b57cc42
00005dca62e9684e
000000cccccccccd
fffe5fe3fcfb3982
ffffffda2f496ecb
000000114f5379b0
000000fc99675a16
00005dca62e9684e
000000cccccccccd
fffe5fe3fcfb3982
ffffffc74dba9c99
00000036305116f2
000000f3b0ca5091
000064de7db291fd
000000cccccccccd
fffe5fe3fcfb3982
ffffffd61871e787
00000011440b6b97
000000fbf4c69357
000064de7db291fd
000000cccccccccd
fffe5fe3fcfb3982
ffffffc3a5357ccb
000000360093af11
000000f2da19c9b6
00006bf2987bbbac
000000cccccccccd
fffe5fe3fcfb3982
ffffffd209f8febe
0000001137ad411c
000000fb404b62d0
00006bf2987bbbac
000000cccccccccd
fffe5fe3fcfb3982
ffffffc0069adafa
00000035ce3a3132
000000f1f7acd4e2
00007306b344e55b
000000cccccccccd
fffe5fe3fcfb3982
ffffffce0493f0cf
000000112a403232
000000fa7c5f1f3f
00007306b344e55b
000000cccccccccd
fffe5fe3fcfb3982
ffffffbc725bfbc7
00000035995c37be
000000f109ed9736
00007a1ace0e0f0a
000000cccccccccd
fffe5fe3fcfb3982
ffffffca08ef6ac5
000000111bcbf56d
000000f9a9725748
00007a1ace0e0f0a
000000cccccccccd
fffe5fe3fcfb3982
ffffffb8e8e280b4
0000003562120a2d
000000f011494020
0000812ee8d738b9
000000cccccccccd
fffe5fe3fcfb3982
ffffffc617af1888
000000110c58b457
000000f8c7fc2721
0000812ee8d738b9
000000cccccccccd
fffe5fe3fcfb3982
ffffffb56a905151
000000352874814b
000000ef0e2f8c8c
0000884303a06268
000000cccccccccd
fffe5fe3fcfb3982
ffffffc2316d453a
00000010fbeeff6c
000000f7d8798932
0000884303a06268
000000cccccccccd
fffe5fe3fcfb3982
ffffffb1f7bf8fc6
00000034ec9cebd1
000000ee01124bc4
00008f571e698c17
000000cccccccccd
fffe5fe3fcfb3982
ffffffbe56ba8df4
00000010ea97c1db
000000f6db6ca383
00008f571e698c17
000000cccccccccd
fffe5fe3fcfb3982
ffffffae90c29829
00000034aea4f39b
000000ecea64e6eb
0000966b3932b5c6
000000cccccccccd
fffe5fe3fcfb3982
ffffffba881da6b5
00000010d85c3532
000000f5d15c13bf
0000966b3932b5c6
000000cccccccccd
fffe5fe3fcfb3982
ffffffab35e40a19
000000346ea683a0
000000ebca9bebe1
00009d7f53fbdf75
000000cccccccccd
fffe5fe3fcfb3982
ffffffb6c6133127
00000010c545d50c
000000f4bad23b79
00009d7f53fbdf75
000000cccccccccd
fffe5fe3fcfb3982
ffffffa7e766dbf5
000000342cbbaec9
000000eaa22c9c3a
0000a4936ec50924
000000cccccccccd
fffe5fe3fcfb3982
ffffffb3110da4b9
00000010b15e52e4
000000f3985c8e62
0000a4936ec50924
000000cccccccccd
fffe5fe3fcfb3982
ffffffa4a58676fe
00000033e8fe97e1
000000e9718c80e4
0000aba7898e32d3
000000cccccccccd
fffe5fe3fcfb3982
ffffffaf69754752
000000109caf8a1f
000000f26a8ae3d3
0000aba7898e32d3
000000cccccccccd
fffe5fe3fcfb3982
ffffffa17076dba7
00000033a3895aa2
000000e83931031c
fffffadef65a75c7
000001f2fb48e886
fffffb246d4d1061
000000bdf14bd8c9
00000097abb84b69
0000005055e50be2
fffffadef65a75c7
000001f2fb48e886
fffffb246d4d1061
fffffff407c1a62a
000000f0f26788b8
00000055a87d8ac2
fffffb1ed7e7f46e
000001f2f6934d25
fffffb26427139ab
000000bd57662d6f
0000009845d5859e
000000509d8601eb
fffffb1ed7e7f46e
000001f2f6934d25
fffffb26427139ab
fffffff36b134361
000000f0ecbe46f4
00000055a1f57673
fffffb6158754893
000001f2dbc54121
fffffb30b0b0aaf0
000000bcbfdbbbe6
00000098f01f968a
00000050be818c8b
fffffb6158754893
000001f2dbc54121
fffffb30b0b0aaf0
fffffff2c7aa5c21
000000f0ed162740
00000055885c1b5a
fffffb9613363502
000001f335ccbe37
fffffb0da827c67e
000000bc10220803
00000099494c96e6
00000051ae0cd90e
fffffb9613363502
000001f335ccbe37
fffffb0da827c67e
fffffff247f79a98
000000f0cb79edaa
00000055d2c53b15
fffffbdea56ff918
000001f2e399d588
fffffb2da4a46e9b
000000bb80a19d48
0000009a1b0f17b6
000000516d289ab3
fffffbdea56ff918
000001f2e399d588
fffffb2da4a46e9b
fffffff194db54ad
000000f0db1663ad
00000055897b3c9c
fffffc1d4f9b5c08
000001f2e81ef24f
fffffb2be25f330a
000000badde8443f
0000009ab13e62c1
00000051c643a623
fffffc1d4f9b5c08
000001f2e81ef24f
fffffb2be25f330a
fffffff0fb86db34
000000f0d1663fba
000000558a60457e
fffffc59597542cd
000001f308c1af89
fffffb1f2f44bb57
000000ba3244012a
0000009b3574458b
0000005252cbd294
fffffc59597542cd
000001f308c1af89
fffffb1f2f44bb57
fffffff069393477
000000f0bf445481
00000055a33a6ee5
fffffc9cc1864a3f
000001f2db5e07bc
fffffb30d8dba831
000000b997fea10d
0000009bee2e42fd
0000005252126d16
fffffc9cc1864a3f
000001f2db5e07bc
fffffb30d8dba831
ffffffefc37a26bb
000000f0c345c927
000000557920e6a2
fffffcd76a51d54b
000001f310d487ee
fffffb1c0afdb904
000000b8e1dbd566
0000009c66c88e37
00000053065ac9ee
fffffcd76a51d54b
000001f310d487ee
fffffb1c0afdb904
ffffffef3523621f
000000f0aa6d94e9
00000055a38dee82
fffffd198b2686a5
000001f2ed34d625
fffffb29e7c383aa
000000b84230febf
0000009d19caee25
0000005317548c15
fffffd198b2686a5
000001f2ed34d625
fffffb29e7c383aa
ffffffee92cfe115
000000f0aaf63df7
000000558198ee4e
ffffff70778de5dc
000001fe49faa178
fffff6be01a14561
000000ab2a1edfe1
0000009cdc302534
0000006bdbf4f5f7
ffffff70778de5dc
000001fe49faa178
fffff6be01a14561
ffffffe933e5785c
000000ecb32382f4
0000005ed021980c
ffffffc3f735ba98
000001fd19349847
fffff7349a910591
000000aadd9cb099
0000009e4d3ee7db
0000006a36dd6363
ffffffc3f735ba98
000001fd19349847
fffff7349a910591
ffffffe8626ec9c3
000000ed04538552
0000005dd0b3054f
00000013be99c747
000001fc744a2b82
fffff774c724625a
000000aa44cdfced
0000009f67ebfe10
0000006984e72183
00000013be99c747
000001fc744a2b82
fffff774c724625a
ffffffe79df746f8
000000ed2852b21d
0000005d430d7a44
00000061e93a0327
000001fc0ffe7d01
fffff79bce64a118
000000a9871fadb3
000000a05b752ae0
00000069453bba5f
00000061e93a0327
000001fc0ffe7d01
fffff79bce64a118
ffffffe6df57b31e
000000ed375436ea
0000005cea1ff0d5
000000af6cfc8155
000001fbd819f665
fffff7b18e4f75b4
000000a8adc667f2
000000a13504f136
00000069561551b9
000000af6cfc8155
000001fbd819f665
fffff7b18e4f75b4
ffffffe623c040ba
000000ed37c69352
0000005cb57455b6
000000fcfe86b18c
000001fbc5299ff8
fffff7b8ecf530e7
000000a7badc774a
000000a1f9e310bb
00000069abd574db
000000fcfe86b18c
000001fbc5299ff8
fffff7b8ecf530e7
ffffffe5695d5011
000000ed2bf73fbe
0000005c9eefb6d9
0000014b4b05f198
000001fbd5add6a8
fffff7b27f9ef974
000000a6acd1a9f8
000000a2abc3cc93
0000006a4570f2ba
0000014b4b05f198
000001fbd5add6a8
fffff7b27f9ef974
ffffffe4ae9e1bd5
000000ed144248f4
0000005ca548f24f
0000019b20f8fff7
000001fc0d1f8c21
fffff79cec61fa8e
000000a57e712d8a
000000a3498826b1
0000006b2b156acf
0000019b20f8fff7
000001fc0d1f8c21
fffff79cec61fa8e
ffffffe3f1d1ee34
000000ecef5c8a6d
0000005ccb3992d5
000001edb578a3c1
000001fc76a689bf
fffff773dbf66f88
000000a4242c5345
000000a3cde624e4
0000006c73a7503b
000001edb578a3c1
000001fc76a689bf
fffff773dbf66f88
ffffffe330a507eb
000000ecb9637c35
0000005d19a7c54c
00000245882cb110
000001fd32c5cb02
fffff72aa79d6bd7
000000a2803b2679
000000a428237ea5
0000006e5f432065
00000245882cb110
000001fd32c5cb02
fffff72aa79d6bd7
ffffffe2669936f9
000000ec6739a3f4
0000005daa9bcaea
000002b3b5664d1d
000001ff63d22ef6
fffff65055175c38
0000009f9d9f3a50
000000a3bbf92035
000000731bb7877e
000002b3b5664d1d
000001ff63d22ef6
fffff65055175c38
ffffffe1772ffd97
000000eb96be4020
0000005f66eb63db
fffffaefed8debd1
0000022100228cea
fffffb5b276dd3fd
000000be7aa1015f
0000009768fa6074
0000004f8da7a501
fffffaefed8debd1
0000022100228cea
fffffb5b276dd3fd
fffffff3d6f7fbb6
000000f10e00e299
0000005553ce031a
fffffb2b57be4f87
00000221355e1cff
fffffb51e55c2121
000000bdde909e74
00000097ed3defc3
0000005006363926
fffffb2b57be4f87
00000221355e1cff
fffffb51e55c2121
fffffff34556c45a
000000f100171fc0
0000005565dbce71
fffffb6d352ad175
00000220f98fd757
fffffb5c4c14cfb1
000000bd48ab40a2
00000098971e6933
00000050261270cc
fffffb6d352ad175
00000220f98fd757
fffffb5c4c14cfb1
fffffff2a329fccd
000000f10069d76a
000000554c282674
fffffba9b3a8b88a
000002211f702b7e
fffffb55b5b8ca68
000000bca9a91ece
000000992211ade8
0000005093ad4b2b
fffffba9b3a8b88a
000002211f702b7e
fffffb55b5b8ca68
fffffff20ee8d370
000000f0f3ce70fd
00000055580a9cc9
fffffbe8f376a1ab
000002211112c44a
fffffb5835493201
000000bc0d02f319
00000099be6cec09
00000050d80171f2
fffffbe8f376a1ab
000002211112c44a
fffffb5835493201
fffffff173939248
000000f0ed98cbe6
000000554fa4a212
fffffc286fbdb7fb
00000220fbb55b7a
fffffb5bec82cba4
000000bb6f64d001
0000009a5d7e774b
0000005116d39dc4
fffffc286fbdb7fb
00000220fbb55b7a
fffffb5bec82cba4
fffffff0d7a99ad6
000000f0e7f48db7
00000055446d3601
fffffc63b477f9c3
00000221461c132d
fffffb4efbf4fa0b
000000bac64434fd
0000009adfd68958
00000051a40d3bab
fffffc63b477f9c3
00000221461c132d
fffffb4efbf4fa0b
fffffff046ed2e82
000000f0d59c0200
000000555e07170e
fffffca54ea9e177
00000220fc5d74cb
fffffb5bcf468e7a
000000ba2aa64f45
0000009b90074963
00000051b87f0f94
fffffca54ea9e177
00000220fc5d74cb
fffffb5bcf468e7a
ffffffefa5830cfe
000000f0d611f52d
000000553e61280d
fffffce2ee09bd60
0000022112c57b76
fffffb57e9ae6de5
000000b982cf12a6
0000009c23c3503e
000000521c318a08
fffffce2ee09bd60
0000022112c57b76
fffffb57e9ae6de5
ffffffef0eb99405
000000f0c9c43603
0000005543b02a6e
fffffd2129940e48
000002211b133df1
fffffb5677f99610
000000b8da79e51d
0000009cbc773b0a
0000005274b6b74f
fffffd2129940e48
000002211b133df1
fffffb5677f99610
ffffffee76660719
000000f0bef2a4f6
00000055437018e9
fffffd566f25a817
0000022244961adb
fffffb22b9ef2f8c
000000b80908cdd8
0000009d02d5f24e
00000053c0b84766
fffffd566f25a817
0000022244961adb
fffffb22b9ef2f8c
ffffffedf6ce1595
000000f08e1fc5d1
00000055b2573d92
ffffff7220ce1dfc
0000023a15d9c48c
fffff6fe4e74bb9d
000000ac145ccec2
0000009c6aa8615b
0000006b0b532995
ffffff7220ce1dfc
0000023a15d9c48c
fffff6fe4e74bb9d
ffffffe91ed92082
000000ecd3107d81
0000005e7b30793c
ffffffc464ce0b3e
00000237ef8943d8
fffff75e0403c74e
000000aba6e00e63
0000009dbbe75b98
00000069ca5cef85
ffffffc464ce0b3e
00000237ef8943d8
fffff75e0403c74e
ffffffe851d3d374
000000ed11eb0de8
0000005daa23cdcf
00000013a186108a
00000236a74a147d
fffff7971a7e29f8
000000ab045da5f3
0000009ece090405
000000693709cb0b
00000013a186108a
00000236a74a147d
fffff7971a7e29f8
ffffffe78ee5092f
000000ed306c9f00
0000005d2a7e20fc
0000006168f43fcd
00000235d9ab9d6c
fffff7badd3bbc84
000000aa42d332dc
0000009fbe19bf93
0000006905786e9e
0000006168f43fcd
00000235d9ab9d6c
fffff7badd3bbc84
ffffffe6d11c987b
000000ed3cf51818
0000005cd7e50351
000000ae94446e01
00000235654a0df5
fffff7cf1ad97085
000000a9687f578a
000000a0963f1691
000000691ce3db45
000000ae94446e01
00000235654a0df5
fffff7cf1ad97085
ffffffe61617c37e
000000ed3c48f21b
0000005ca618e541
000000fbca3c4b76
000002353cf2637d
fffff7d61f026158
000000a876b0be14
000000a15adfbb42
00000069744278eb
000000fbca3c4b76
000002353cf2637d
fffff7d61f026158
ffffffe55c2e6dfc
000000ed303b02db
0000005c90390b45
00000149ab75d5ec
000002355de8cb02
fffff7d0636cb6ec
000000a76bd81912
000000a20d7e09f2
0000006a0aea2f4e
00000149ab75d5ec
000002355de8cb02
fffff7d0636cb6ec
ffffffe4a1ecf023
000000ed19135555
0000005c953522bf
00000198f355d4fe
00000235ce67c653
fffff7bcd2c878c0
000000a6437903d6
000000a2ad442493
0000006ae7adff6d
00000198f355d4fe
00000235ce67c653
fffff7bcd2c878c0
ffffffe3e5c50eb2
000000ecf5c1a261
0000005cb73daa45
000001eaac401501
00000236a1b7323d
fffff79812a71276
000000a4f443917a
000000a33619e45a
0000006c1ca6d0b5
000001eaac401501
00000236a1b7323d
fffff79812a71276
ffffffe325a88daa
000000ecc338d152
0000005cfd3b2a4c
00000240c16a4454
000002380a491499
fffff7595d0fa32d
000000a368ea4d3e
000000a39c3e060b
0000006dd71dfaf7
00000240c16a4454
000002380a491499
fffff7595d0fa32d
ffffffe25e0673ec
000000ec79a70cfd
0000005d7954deb3
000002a151d525b0
0000023ad1e2bcc7
fffff6dd9a9a7d5a
000000a152680bec
000000a3ae8e290f
00000070c7de4a49
000002a151d525b0
0000023ad1e2bcc7
fffff6dd9a9a7d5a
ffffffe18419f4e0
000000ebfa1b3098
0000005e7445818a
fffffaf1859db7f3
0000024f5a2041dc
fffffb6556d593c4
000000bef2799e03
00000096d2acd1de
0000004f8bdb8d4e
fffffaf1859db7f3
0000024f5a2041dc
fffffb6556d593c4
fffffff3cd881512
000000f108bfc4b3
00000055614bff02
fffffb2cd5a9baff
0000024fad7359c0
fffffb5c04a4422d
000000be574e1c33
000000975664e872
0000005005365dcb
fffffb2cd5a9baff
0000024fad7359c0
fffffb5c04a4422d
fffffff33be3539b
000000f0fab7c7bc
00000055739ab71a
fffffb6e83271703
0000024f53ccc489
fffffb660bff6a72
000000bdc1bd0016
00000098000c2895
0000005026d98fc2
fffffb6e83271703
0000024f53ccc489
fffffb660bff6a72
fffffff299eaeef5
000000f0faca9aaf
000000555a95e0f1
fffffbab4f7b3110
0000024f83527295
fffffb60bb16f69e
000000bd2427ba78
000000988d1ba956
000000508f0f7436
fffffbab4f7b3110
0000024f83527295
fffffb60bb16f69e
fffffff204987bc9
000000f0ef133208
0000005563b57553
fffffbea2552d53c
0000024f775caaca
fffffb621198255e
000000bc87a0b812
00000099276f2544
00000050d90518ce
fffffbea2552d53c
0000024f775caaca
fffffb621198255e
fffffff16a0f3552
000000f0e7fc96ae
000000555ddb42a9
fffffc2998a52c20
0000024f54f57ad9
fffffb65eace600a
000000bbeab413a5
00000099c6f4685f
0000005117763e45
fffffc2998a52c20
0000024f54f57ad9
fffffb65eace600a
fffffff0cdf586c3
000000f0e2700ff1
0000005552487d58
fffffc64e8b83a9f
0000024fc42cc5e1
fffffb5979e0e128
000000bb42de4d2f
0000009a49a734a0
00000051a2fc44c3
fffffc64e8b83a9f
0000024fc42cc5e1
fffffb5979e0e128
fffffff03cd15a55
000000f0d05f6783
000000556aeec7b6
fffffca644d76653
0000024f57f5e38e
fffffb6594d93391
000000baa73fe8ba
0000009af930f81e
00000051badd364e
fffffca644d76653
0000024f57f5e38e
fffffb6594d93391
ffffffef9bc5714c
000000f0d0558d75
000000554cb57517
fffffce3fc16bbff
0000024f73e31b44
fffffb62751ac701
000000ba00b5c901
0000009b8e2af400
000000521b4dfe00
fffffce3fc16bbff
0000024f73e31b44
fffffb62751ac701
ffffffef0472bbc4
000000f0c490216b
0000005550558164
fffffd220a7bbb4a
0000024f850bd004
fffffb6089b77434
000000b958d0768e
0000009c260bbdbe
00000052767e9130
fffffd220a7bbb4a
0000024f850bd004
fffffb6089b77434
ffffffee6c4f3fbf
000000f0b95a8e84
0000005551268c97
fffffd586bcef115
0000025117eff0e6
fffffb3377feb84e
000000b88e565477
0000009c757f70e0
00000053a3df0599
fffffd586bcef115
0000025117eff0e6
fffffb3377feb84e
ffffffede95483fb
000000f08d461717
00000055b1e337d2
ffffff191b2951e0
0000027c8190fa23
fffff6583f752212
000000acb38fd97f
00000099c3edd2db
0000006dd8ebb55c
ffffff191b2951e0
0000027c8190fa23
fffff6583f752212
ffffffe9f4efe3f7
000000ec42acc267
00000060141f0a9f
ffffff730560085b
000002756303bf0e
fffff72420737627
000000acd72add08
0000009bd0d33c02
0000006ab1ae018c
ffffff730560085b
000002756303bf0e
fffff72420737627
ffffffe90dc34361
000000ecdd779d0f
0000005e5cf30530
ffffffc4a6b55d36
0000027266262211
fffff779b027384e
000000ac5b2a4895
0000009d159db70d
000000699c9e05a4
ffffffc4a6b55d36
0000027266262211
fffff779b027384e
ffffffe842c2ad9c
000000ed1469afe1
0000005da0026e6a
000000138f9f4c18
000002708a9e4326
fffff7aee2142770
000000abb36426ee
0000009e24079f75
000000691a068b8f
000000138f9f4c18
000002708a9e4326
fffff7aee2142770
ffffffe7809ada66
000000ed30024652
0000005d27cc064f
0000006119622be0
0000026f5c0d05ea
fffff7d0bacbcd71
000000aaefae87fd
0000009f12b807e8
00000068f0cded9e
0000006119622be0
0000026f5c0d05ea
fffff7d0bacbcd71
ffffffe6c3374354
000000ed3b25e520
0000005cd8bea36a
000000ae0d851c0c
0000026eaf44960f
fffff7e40ed6329c
000000aa14e3fdca
0000009fea7192ba
000000690c6a3123
000000ae0d851c0c
0000026eaf44960f
fffff7e40ed6329c
ffffffe6086d4844
000000ed39d1720e
0000005ca8965093
000000fb0a90e6f2
0000026e728cc547
fffff7ead9a365f5
000000a923eb8716
000000a0af2ad87f
0000006965255150
000000fb0a90e6f2
0000026e728cc547
fffff7ead9a365f5
ffffffe54ead6aa8
000000ed2d991760
0000005c9313ec8b
00000148a99aa7d8
0000026ea22b81de
fffff7e585ed62d9
000000a81b38930f
000000a1624b9ba2
00000069fa8987c4
00000148a99aa7d8
0000026ea22b81de
fffff7e585ed62d9
ffffffe49494e838
000000ed16ba41e8
0000005c9745a79c
000001979b14df9f
0000026f468de124
fffff7d3226714b3
000000a6f6b3e108
000000a203207a97
0000006ad2b59daa
000001979b14df9f
0000026f468de124
fffff7d3226714b3
ffffffe3d8a8f2b6
000000ecf44331ad
0000005cb714e814
000001e8d2b5408a
000002707941f9cd
fffff7b0d33c9a9b
000000a5ae34ba59
000000a28e206cf0
0000006bfd609ba6
000001e8d2b5408a
000002707941f9cd
fffff7b0d33c9a9b
ffffffe318ffd455
000000ecc3907540
0000005cf86d7ef1
0000023df7ce67e0
000002727994c617
fffff77783aad92f
000000a43032971b
000000a2f99e750e
0000006d9fa51d75
0000023df7ce67e0
000002727994c617
fffff77783aad92f
ffffffe25274d66e
000000ec7e3db503
0000005d6a0c350e
0000029b6aa383ab
0000027618eb8fb0
fffff70fc72a19e5
000000a247020732
000000a32416e375
0000007031300f22
0000029b6aa383ab
0000027618eb8fb0
fffff70fc72a19e5
ffffffe17d1b47f8
000000ec0f6240df
0000005e3cc81cba
fffffaea895a62d2
0000027ec3278f16
fffffb56c4d8267d
000000bf623db8f2
000000960a3b6c28
0000004ffa066c1e
fffffaea895a62d2
0000027ec3278f16
fffffb56c4d8267d
fffffff3da128908
000000f0f0e17588
00000055a6584e0a
fffffb2716226571
0000027f1301c238
fffffb5030c180d3
000000bec80a4c3c
0000009693853c8e
0000005068217081
fffffb2716226571
0000027f1301c238
fffffb5030c180d3
fffffff3450ba599
000000f0e4d4fd0b
00000055b296b355
fffffb68cf6033ec
0000027ea2f3ab80
fffffb596c00088c
000000be31e45d8c
000000973ca49956
000000508e65ad9d
fffffb68cf6033ec
0000027ea2f3ab80
fffffb596c00088c
fffffff2a2c12cce
000000f0e45958cd
000000559b39b66a
fffffba49372bdf3
0000027f1a1228fb
fffffb4f9bc64271
000000bd9247bb08
00000097c160fe45
000000510c9d0bd8
fffffba49372bdf3
0000027f1a1228fb
fffffb4f9bc64271
fffffff20fe94385
000000f0d52df14d
00000055ae7b63e3
fffffbe53268ad5f
0000027eccdfef6c
fffffb55f7d836d7
000000bcf7cb3f0e
0000009866022e01
00000051406898d8
fffffbe53268ad5f
0000027eccdfef6c
fffffb55f7d836d7
fffffff1708b58f3
000000f0d1da00c3
000000559d5368ed
fffffc248574073d
0000027eb1aba654
fffffb5835953803
000000bc59d0e223
00000099034c6c03
00000051877c33bd
fffffc248574073d
0000027eb1aba654
fffffb5835953803
fffffff0d4964d09
000000f0cb14a038
00000055954a6a2e
fffffc60680b2bd8
0000027f3c2501dc
fffffb4ccd29221d
000000bbb286c4a8
0000009987f463cb
000000520f75a0e0
fffffc60680b2bd8
0000027f3c2501dc
fffffb4ccd29221d
fffffff041bfda73
000000f0b9ab416c
00000055abbdea0c
fffffca21b250e19
0000027ea799e4dd
fffffb5909f22b61
000000bb168f0547
0000009a38f45260
0000005227b585be
fffffca21b250e19
0000027ea799e4dd
fffffb5909f22b61
ffffffef9fa263c5
000000f0b9c462ad
000000558d0df8ea
fffffcdf8a76fb0f
0000027eeeb83064
fffffb532e0ed303
000000ba6e15e0b6
0000009ac984b894
0000005296865312
fffffcdf8a76fb0f
0000027eeeb83064
fffffb532e0ed303
ffffffef08e4ae3f
000000f0abdb3d43
0000005596d0f87c
fffffd1e791ea135
0000027ee5605c68
fffffb53f31a8e04
000000b9c7b0de9d
0000009b66cb057c
00000052e5fb1e76
fffffd1e791ea135
0000027ee5605c68
fffffb53f31a8e04
ffffffee6e3cdf35
000000f0a29d7c78
00000055919925cb
fffffd532ff69931
000002818cb68ea3
fffffb1bfbdef2c9
000000b8f5a63b36
0000009ba1ad10f2
000000544a340559
fffffd532ff69931
000002818cb68ea3
fffffb1bfbdef2c9
ffffffedef9d0783
000000f06ddcb9a4
000000560b2ef0a7
ffffff1b940ef6e2
000002b87a53b66b
fffff6958bfbd7f9
000000ad97b99e52
000000994a720714
0000006d1a6ca790
ffffff1b940ef6e2
000002b87a53b66b
fffff6958bfbd7f9
ffffffe9de95eca5
000000ec60213c04
0000005fc6697038
ffffff73734b4271
000002b0ae08212d
fffff73a01ea1765
000000ad82e1f978
0000009b1d0df298
0000006aa0e842fa
ffffff73734b4271
000002b0ae08212d
fffff73a01ea1765
ffffffe8feff5b10
000000ecdac641e0
0000005e601cffd8
ffffffc4c6ea0429
000002acd960a568
fffff78acbf18e4d
000000acffd59134
0000009c5dde7441
00000069a00e5160
ffffffc4c6ea0429
000002acd960a568
fffff78acbf18e4d
ffffffe834d144cc
000000ed0e3b3914
0000005dac1e841a
0000001386f34754
000002aa6c0d8ffc
fffff7bdfbb2b931
000000ac553ea3da
0000009d6b951b61
000000692604818a
0000001386f34754
000002aa6c0d8ffc
fffff7bdfbb2b931
ffffffe772e6efe6
000000ed28738ea0
0000005d376cfa72
00000060f33b1629
000002a8dda40ca8
fffff7dece392da5
000000ab905cd0a2
0000009e5a5fc0b6
0000006901648f2c
00000060f33b1629
000002a8dda40ca8
fffff7dece392da5
ffffffe6b58c3836
000000ed32e926d5
0000005cea109059
000000adcd6307b7
000002a7f91a51ac
fffff7f1a218e7de
000000aab55f47de
0000009f326d2ed7
000000691f98fca7
000000adcd6307b7
000002a7f91a51ac
fffff7f1a218e7de
ffffffe5fab23704
000000ed313e06a8
0000005cbaaecd22
000000faafa16d01
000002a7a843b04f
fffff7f84afb5265
000000a9c4f8512c
0000009ff784a51a
000000697990cbbf
000000faafa16d01
000002a7a843b04f
fffff7f84afb5265
ffffffe540d5eb1e
000000ed24e89c05
0000005ca5562251
000001482f19ab1a
000002a7e66f0ede
fffff7f32bd3ac27
000000a8bd9c8e6d
000000a0ab01c13e
0000006a0ef2742f
000001482f19ab1a
000002a7e66f0ede
fffff7f32bd3ac27
ffffffe4869cef10
000000ed0e210560
0000005ca923ff50
00000196f6a1922e
000002a8be3854f1
fffff7e164e370d7
000000a79b684f9f
000000a14c3d589f
0000006ae5898679
00000196f6a1922e
000002a8be3854f1
fffff7e164e370d7
ffffffe3ca95a669
000000ecec03a745
0000005cc7e04a8e
000001e7eebf68bd
000002aa4f72a7cb
fffff7c056fb110b
000000a656c4ecc9
000000a1d7e5eedb
0000006c0bf36211
000001e7eebf68bd
000002aa4f72a7cb
fffff7c056fb110b
ffffffe30ae7127e
000000ecbc1d9023
0000005d0701514b
0000023c9fa1131b
000002ace6ddb43c
fffff789af787425
000000a4dfe509ff
000000a2451e55fc
0000006da3b5feb8
0000023c9fa1131b
000002ace6ddb43c
fffff789af787425
ffffffe2449bba5f
000000ec78a9504a
0000005d73c46d2a
00000298c8899b82
000002b16f0b4755
fffff72a1b476045
000000a30a2cb8ee
000000a2778355dd
0000007010a40dbe
00000298c8899b82
000002b16f0b4755
fffff72a1b476045
ffffffe170c819df
000000ec1036e75b
0000005e36b4dfb6
fffffbcf91cd1547
000002b2241d9308
fffffb0e6cc2247e
000000bd4cfeee4a
000000972de196ce
00000052bdae1969
fffffbcf91cd1547
000002b2241d9308
fffffb0e6cc2247e
fffffff1a26e9388
000000f08e2176ab
00000056633e2a39
ffffff1c077f1894
000002f5be58d92b
fffff6a6c449fe76
000000ae3e65d212
00000098864a75fa
0000006d23a50c12
ffffff1c077f1894
000002f5be58d92b
fffff6a6c449fe76
ffffffe9d03aa2b3
000000ec5886affc
0000005fd5d9b54b
ffffff73838d317c
000002ec5b374b32
fffff7435a413e44
000000ae1d0fec81
0000009a5314f1df
0000006aca9d9e67
ffffff73838d317c
000002ec5b374b32
fffff7435a413e44
ffffffe8f1fca5ec
000000eccd9194e8
0000005e7e0f127d
ffffffc4c9ba1068
000002e79908fb26
fffff792ba64eac4
000000ad97680dee
0000009b95959582
00000069cf18120e
ffffffc4c9ba1068
000002e79908fb26
fffff792ba64eac4
ffffffe827caa125
000000ed0057338e
0000005dcbef551c
000000138699b9cc
000002e4911114de
fffff7c54a1bac9f
000000acebadf5f0
0000009ca4fdce83
00000069579449fd
000000138699b9cc
000002e4911114de
fffff7c54a1bac9f
ffffffe765ab983d
000000ed1a54818e
0000005d57d676bb
00000060f2fd29bb
000002e29e694b87
fffff7e5c80a98f4
000000ac26526253
0000009d952374bf
0000006934a15c7f
00000060f2fd29bb
000002e29e694b87
fffff7e5c80a98f4
ffffffe6a807fe8c
000000ed24ace34c
0000005d0ab24342
000000adce53c52f
000002e180159716
fffff7f8702ebbaf
000000ab4b48d5b1
0000009e6e2cb2fc
00000069542c3d5a
000000adce53c52f
000002e180159716
fffff7f8702ebbaf
ffffffe5ecd9275e
000000ed22ed3391
0000005cdb6261ef
000000fab1aa20fd
000002e11ac657d5
fffff7ff0a196d86
000000aa5b2f52d7
0000009f33e0fc9a
00000069af51359c
000000fab1aa20fd
000002e11ac657d5
fffff7ff0a196d86
ffffffe5329f3e73
000000ed168509b2
0000005cc6087570
00000148311ca66f
000002e168b6ce05
fffff7f9f603ecaa
000000a95478f668
0000009fe79ad56c
0000006a45c3116c
00000148311ca66f
000002e168b6ce05
fffff7f9f603ecaa
ffffffe478014a74
000000ecffaaed34
0000005cc9c646b3
00000196f60d954a
000002e2770b008e
fffff7e858bbd15c
000000a83351860c
000000a088ae9cf5
0000006b1d40c012
00000196f60d954a
000002e2770b008e
fffff7e858bbd15c
ffffffe3bb8e9f77
000000ecdd7d88ad
0000005ce85d15bd
000001e7e61b2e00
000002e46d038947
fffff7c7a37f2b98
000000a6f04f56c9
000000a113c3d1c0
0000006c442edb7c
000001e7e61b2e00
000002e46d038947
fffff7c7a37f2b98
ffffffe2fb700a55
000000ecad933b86
0000005d272983d2
0000023c81699366
000002e7a8915cbf
fffff791b74bfff0
000000a57c27bddd
000000a17fffe990
0000006ddb49c750
0000023c81699366
000002e7a8915cbf
fffff791b74bfff0
ffffffe234b744bd
000000ec6a47e6fc
0000005d9311c682
00000298604d79ef
000002ed42e761a7
fffff7344188afb7
000000a3ac9c988a
000000a1b1a3345c
000000704200bb01
00000298604d79ef
000002ed42e761a7
fffff7344188afb7
ffffffe160a9c2ed
000000ec02ea57f5
0000005e52c67685
ffffff1b30353054
00000334cc3192f9
fffff69bedf994e7
000000aebf4a83bc
000000978e4bb2ad
0000006daeb2ae4b
ffffff1b30353054
00000334cc3192f9
fffff69bedf994e7
ffffffe9c6d0ef48
000000ec38c7adfe
0000006021d28de1
ffffff733c2eace9
00000328d33626d8
fffff741058ce2f0
000000aea7777d04
0000009972a46d70
0000006b2bda77d0
ffffff733c2eace9
00000328d33626d8
fffff741058ce2f0
ffffffe8e68ab6c0
000000ecb6513ddb
0000005eb5754c3c
ffffffc4b043dd87
00000322f6382f76
fffff791defe2604
000000ae22dcdf67
0000009abc1efc94
0000006a28af1d57
ffffffc4b043dd87
00000322f6382f76
fffff791defe2604
ffffffe81b960624
000000eceae050bc
0000005dff001a81
000000138e55dd09
0000031f3fea9c91
fffff7c50ee33c31
000000ad7770e820
0000009bcf928619
00000069ae2b3407
000000138e55dd09
0000031f3fea9c91
fffff7c50ee33c31
ffffffe758d6e4ad
000000ed05b27958
0000005d88cdb2c6
0000006117bef914
0000031cdef5a413
fffff7e5dbe6b83f
000000acb234966a
0000009cc253ccf6
000000698a2d2d2e
0000006117bef914
0000031cdef5a413
fffff7e5dbe6b83f
ffffffe69a9b8d19
000000ed10766811
0000005d3a7f6520
000000ae0ee9bee6
0000031b82138cb3
fffff7f8a6b65f53
000000abd73ba89b
0000009d9d017c66
00000069a9e35584
000000ae0ee9bee6
0000031b82138cb3
fffff7f8a6b65f53
ffffffe5ded47e6b
000000ed0ee0f37a
0000005d0a9617a3
000000fb0eae9207
0000031b07578874
fffff7ff431e7c5d
000000aae72ad816
0000009e63908e83
0000006a062cbbc7
000000fb0eae9207
0000031b07578874
fffff7ff431e7c5d
ffffffe523fc8a7e
000000ed026f7d4d
0000005cf5124b73
00000148ace20029
0000031b67a7b935
fffff7fa1309f4be
000000a9e0707d9c
0000009f1764df85
0000006a9ebafc2c
00000148ace20029
0000031b67a7b935
fffff7fa1309f4be
ffffffe468b5955f
000000eceb5a444c
0000005cf91062c4
000001979550b5b9
0000031cb36e4ab3
fffff7e83420502d
000000a8bf275252
0000009fb7bdcd75
0000006b7981998e
000001979550b5b9
0000031cb36e4ab3
fffff7e83420502d
ffffffe3ab880102
000000ecc8b73e16
0000005d18638df4
000001e8b232619a
0000031f1bc9c5de
fffff7c701111790
000000a77bba280e
000000a040ff5621
0000006ca57759fe
000001e8b232619a
0000031f1bc9c5de
fffff7c701111790
ffffffe2ea9054ec
000000ec98029784
0000005d58a14799
0000023d8fb0783f
0000032317644d74
fffff7901592db75
000000a6065a6b42
000000a0a99307a9
0000006e44fb3479
0000023d8fb0783f
0000032317644d74
fffff7901592db75
ffffffe222c33504
000000ec534c09f9
0000005dc758c64b
00000299fd897dfb
0000032a1354c695
fffff72fc75d6000
000000a43223a807
000000a0d2a7681e
00000070bf0cef21
00000299fd897dfb
0000032a1354c695
fffff72fc75d6000
ffffffe14cef0443
000000ebe882f307
0000005e8e57307f
ffffff18337914d9
0000037843e0f497
fffff662a74555c1
000000af0294a682
000000963bee92d8
0000006f12a81907
ffffff18337914d9
0000037843e0f497
fffff662a74555c1
ffffffe9c570f277
000000ebf019edbd
00000060d358fcd6
ffffff7295a89001
000003669bb1a89b
fffff73210f751b1
000000af21445739
00000098783ac4cf
0000006bca07d5ef
ffffff7295a89001
000003669bb1a89b
fffff73210f751b1
ffffffe8dcb9d102
000000ec93ebd664
0000005f08dcde01
ffffffc47902ba7b
0000035f4f6a90e8
fffff787cb3effc8
000000aea1f773db
00000099cf5d379e
0000006aaf9e85dc
ffffffc47902ba7b
0000035f4f6a90e8
fffff787cb3effc8
ffffffe8102fe656
000000eccd42a94e
0000005e469f4e88
000000139e7fefef
0000035ac7d6c667
fffff7bd0090e526
000000adf870606b
0000009ae9aa5422
0000006a2bd14755
000000139e7fefef
0000035ac7d6c667
fffff7bd0090e526
ffffffe74c5f8a49
000000ecea2171f6
0000005dcb4304d6
0000006162e556f7
00000357e7106b45
fffff7decf4f8d7b
000000ad33f92faf
0000009be07c444b
0000006a03c05458
0000006162e556f7
00000357e7106b45
fffff7decf4f8d7b
ffffffe68d3a7248
000000ecf5ea8234
0000005d7a40a6fc
000000ae91685a44
00000356435f49ed
fffff7f21158c288
000000ac5930e56c
0000009cbd8e8c21
0000006a22579433
000000ae91685a44
00000356435f49ed
fffff7f21158c288
ffffffe5d0952c58
000000ecf4c518a0
0000005d4901bf2e
000000fbc9e5b66a
00000355b1859ad6
fffff7f8c29ef981
000000ab68e184bb
0000009d853b6094
0000006a7fbc31be
000000fbc9e5b66a
00000355b1859ad6
fffff7f8c29ef981
ffffffe514dbe385
000000ece854b648
0000005d33287ea1
00000149a6e6abc6
00000356289d380d
fffff7f34bab24ba
000000aa61711a86
0000009e38fc2f69
0000006b1b8f4137
00000149a6e6abc6
00000356289d380d
fffff7f34bab24ba
ffffffe458a4292b
000000ecd0d71d89
0000005d37c0cf46
00000198daec24c6
00000357bdae91c0
fffff7e0b56b5c46
000000a93ec4d68d
0000009ed7e5ff45
0000006bfc458dd2
00000198daec24c6
00000357bdae91c0
fffff7e0b56b5c46
ffffffe39a668743
000000ecad4c88e9
0000005d58cce821
000001ea5d622f3b
0000035ab037ece5
fffff7be16080386
000000a7f8b64608
0000009f5dcb4c4f
0000006d325b4ebd
000001ea5d622f3b
0000035ab037ece5
fffff7be16080386
ffffffe2d822b504
000000ec7aec1073
0000005d9c7e3eb4
0000023fdece0a29
0000035f9e2956de
fffff7842e3df85b
000000a67db50cd6
0000009fbf58c065
0000006ee4def071
0000023fdece0a29
0000035f9e2956de
fffff7842e3df85b
ffffffe20e82e8da
000000ec32ee75b5
0000005e12500231
0000029deb8c2858
000003689abd8132
fffff71a9dcf1886
000000a49727d64a
0000009fd4e3f124
0000007193d520f6
0000029deb8c2858
000003689abd8132
fffff71a9dcf1886
ffffffe134ea01d9
000000ebbec68990
0000005eee6e4b78
ffffff717490d0eb
000003a6893e1ad8
fffff712e744cf74
000000af8600f15f
000000975b125f5d
0000006cb70b64ed
ffffff717490d0eb
000003a6893e1ad8
fffff712e744cf74
ffffffe8d4f34dda
000000ec62e8b4bd
0000005f80a27612
ffffffc41f235889
0000039d22c95573
fffff7730b194b86
000000af130622b6
00000098cb2388f4
0000006b6b9b0203
ffffffc41f235889
0000039d22c95573
fffff7730b194b86
ffffffe805acb52e
000000eca5fd7ae0
0000005ea65e2be0
00000013b821abff
000003978c4e75f2
fffff7ac3136b9b8
000000ae6da20a20
00000099f05010f9
0000006ad5af3de4
00000013b821abff
000003978c4e75f2
fffff7ac3136b9b8
ffffffe74044c378
000000ecc69fd43d
0000005e21933312
00000061d8842674
000003940e500037
fffff7cfe8768063
000000adaad29667
0000009aed278d58
0000006aa586240d
00000061d8842674
000003940e500037
fffff7cfe8768063
ffffffe67fd9c6ec
000000ecd439bc56
0000005dcbd90536
000000af5c545821
000003921642c944
fffff7e40b9be228
000000acd06f1b74
0000009bcd95bca4
0000006ac1506ac9
000000af5c545821
000003921642c944
fffff7e40b9be228
ffffffe5c2090ff7
000000ecd3dea83f
0000005d9855c71b
000000fcec83a213
000003916a88b720
fffff7eae7ee4eaf
000000abdf9556f2
0000009c96afafb3
0000006b1fbd9266
000000fcec83a213
000003916a88b720
fffff7eae7ee4eaf
ffffffe505241908
000000ecc77ce842
0000005d81f1f6fa
0000014b2c0dd54c
00000391ff96739c
fffff7e4f37f3b9f
000000aad69f8a32
0000009d4a15d0c1
0000006bc0474043
0000014b2c0dd54c
00000391ff96739c
fffff7e4f37f3b9f
ffffffe447ab067b
000000ecaf5d4b99
0000005d87994d11
0000019ad9cf65f2
00000393f18e5ceb
fffff7d10e910a6a
000000a9b10ab649
0000009de690bd8f
0000006caa54082c
0000019ad9cf65f2
00000393f18e5ceb
fffff7d10e910a6a
ffffffe387fabe64
000000ec8a56fb57
0000005daba86481
000001ed06c732f3
0000039796ff9b68
fffff7abc3dcc9f8
000000a865877e79
0000009e66e13da1
0000006df15f0d5b
000001ed06c732f3
0000039796ff9b68
fffff7abc3dcc9f8
ffffffe2c3de299f
000000ec5518e681
0000005df5879a65
00000243b0564169
0000039dd4585fb9
fffff76bf321a6f0
000000a6dea5a523
0000009ebc1c2dfb
0000006fc6866e68
00000243b0564169
0000039dd4585fb9
fffff76bf321a6f0
ffffffe1f768cbaa
000000ec070e9e2d
0000005e78d9f9c2
000002a573b5ff36
000003aa61d89b3d
fffff6eb9151727a
000000a4c9b0cb67
0000009ea5c27e35
00000072f174244e
000002a573b5ff36
000003aa61d89b3d
fffff6eb9151727a
ffffffe1161d519f
000000eb7cd28c40
0000005f87a1928f
ffffff6f837cd71a
000003ea788b5e76
fffff6d8484a6efb
000000afc6c69201
00000096029a131b
0000006e29607857
ffffff6f837cd71a
000003ea788b5e76
fffff6d8484a6efb
ffffffe8d09f5bfa
000000ec18d195fd
00000060362f6c76
ffffffc397bf2db1
000003dd36cc2a0d
fffff7504bb363d8
000000af71b9d931
00000097a74bf24d
0000006c6d73c1fb
ffffffc397bf2db1
000003dd36cc2a0d
fffff7504bb363d8
ffffffe7fc4aac61
000000ec71d5553a
0000005f26007af8
00000013dd5f73e0
000003d61a2249ee
fffff790ae12395b
000000aed4829ac5
00000098de5dab30
0000006bb5f6d2ca
00000013dd5f73e0
000003d61a2249ee
fffff790ae12395b
ffffffe73491bd67
000000ec9938efb7
0000005e9066da92
0000006280b25964
000003d1cb10c55c
fffff7b7b017495e
000000ae14d7628b
00000099e447690b
0000006b775e6df6
0000006280b25964
000003d1cb10c55c
fffff7b7b017495e
ffffffe6726f9488
000000eca9e30416
0000005e32d74d44
000000b07c62794c
000003cf67b3ded5
fffff7cd4eba0845
000000ad3b4075f3
0000009ac97b3867
0000006b8dcb214b
000000b07c62794c
000003cf67b3ded5
fffff7cd4eba0845
ffffffe5b318496a
000000ecaad9c9a7
0000005dfbb14711
000000fe88675237
000003ce9d87995c
fffff7d474fccd5c
000000ac4989ee30
0000009b946abe79
0000006bed13f169
000000fe88675237
000003ce9d87995c
fffff7d474fccd5c
ffffffe4f4b0225f
000000ec9e9b721b
0000005de478f39a
0000014d55962d0e
000003cf5cae486c
fffff7cdb281b6cb
000000ab3e000217
0000009c46fb511b
0000006c946000f5
0000014d55962d0e
000003cf5cae486c
fffff7cdb281b6cb
ffffffe4359486c1
000000ec8585d265
0000005debde6397
0000019db805fe85
000003d1cd6fc24f
fffff7b79aa04179
000000aa1361560b
0000009cdf679b9d
0000006d8cd1b113
0000019db805fe85
000003d1cd6fc24f
fffff7b79aa04179
ffffffe373f45136
000000ec5e23cfa9
0000005e14e8245b
000001f0f08addca
000003d67071064f
fffff78da0bbc1a5
000000a8be14c086
0000009d5657ee96
0000006eefca85b1
000001f0f08addca
000003d67071064f
fffff78da0bbc1a5
ffffffe2ad3aa448
000000ec2417181d
0000005e69697736
00000249a66cb3eb
000003dec3bbc3f2
fffff7424242c2fa
000000a71fbaa051
0000009d949d568d
00000071059ff026
00000249a66cb3eb
000003dec3bbc3f2
fffff7424242c2fa
ffffffe1dc35a8f4
000000ebcaa06864
0000005f06ad299b
ffffffc2c771379b
000004211dddf353
fffff717272f631d
000000afb2afe497
0000009650d429cb
0000006ddeb13d5f
ffffffc2c771379b
000004211dddf353
fffff717272f631d
ffffffe7f4b884a0
000000ec28d86a2a
0000005fd8b36180
0000001412acecd0
000004175b25f7f7
fffff7666390fe87
000000af27807877
00000097aa041cfa
0000006ce16853cc
0000001412acecd0
000004175b25f7f7
fffff7666390fe87
ffffffe729699fab
000000ec5df7e6c1
0000005f2138ab23
000000636b11fdb8
00000411d30bda30
fffff7934b5c0eac
000000ae6e0dfab9
00000098bebb5af5
0000006c8826bcd5
000000636b11fdb8
00000411d30bda30
fffff7934b5c0eac
ffffffe664f2b6c8
000000ec7414431e
0000005eb5f2a2b6
000000b209650b8e
0000040ed9916b9b
fffff7ab70f95263
000000ad962eb91d
00000099ab1ef36f
0000006c948f96ec
000000b209650b8e
0000040ed9916b9b
fffff7ab70f95263
ffffffe5a39fb9dc
000000ec774d4075
0000005e78c9a77b
00000100bee1e8d8
0000040de8c20b59
fffff7b313d95e18
000000aca3427d83
0000009a78818fff
0000006cf4436609
00000100bee1e8d8
0000040de8c20b59
fffff7b313d95e18
ffffffe4e344e5f8
000000ec6b57c2e1
0000005e60447a53
000001505357fa0e
0000040ee889cc02
fffff7aaf7726bec
000000ab938c0e35
0000009b294d0460
0000006da5b0f489
000001505357fa0e
0000040ee889cc02
fffff7aaf7726bec
ffffffe42206047a
000000ec50bd1763
0000005e6a9ba3c7
000001a1c123da76
00000412198499dc
fffff7910f46d363
000000aa60538769
0000009bba921fab
0000006eb57cc8f7
000001a1c123da76
00000412198499dc
fffff7910f46d363
ffffffe35dc11d81
000000ec256b9fdb
0000005e9c36ba9b
000001f6adb825b8
000004185aee105d
fffff75e4727441d
000000a8f8d6d4eb
0000009c201ceb61
000000704a88351a
000001f6adb825b8
000004185aee105d
fffff75e4727441d
ffffffe2931d2e62
000000ebe29927ec
0000005f0481f7dd
00000253cc22cf82
000004252469bfdb
fffff6f6794d2a91
000000a721890d09
0000009c270d848c
00000072fa004040
00000253cc22cf82
000004252469bfdb
fffff6f6794d2a91
ffffffe1b9130546
000000eb6dab1e02
0000005fe1028d86
ffffffc12f93d6e1
0000046f00839fc2
fffff6a0a8810991
000000af9f9e6245
0000009474596fb7
000000707d09cc20
ffffffc12f93d6e1
0000046f00839fc2
fffff6a0a8810991
ffffffe7f2556cf6
000000eba6d3350f
00000061161108e1
00000014635f5133
0000045d4bca3b28
fffff722e6a159a7
000000af57e77e65
000000963ba79e7d
0000006e8c258c41
00000014635f5133
0000045d4bca3b28
fffff722e6a159a7
ffffffe71f380da9
000000ec0af290fb
0000005febda7957
00000064b9beca2e
000004557835be1f
fffff75c78b3f1a6
000000aead6d6c85
000000976de06bef
0000006df7d5a384
00000064b9beca2e
000004557835be1f
fffff75c78b3f1a6
ffffffe6575c331e
000000ec2cc1066e
0000005f639ce3d4
000000b43465f88c
00000451877c1765
fffff77974c0e72e
000000add9ca0294
0000009866aa7d14
0000006def85d18e
000000b43465f88c
00000451877c1765
fffff77974c0e72e
ffffffe59362af70
000000ec345948ff
0000005f1b32dcaa
00000103d3d7df49
000004505ea4ca73
fffff781fc46f834
000000ace55628d6
0000009937a43b2e
0000006e4e66d1d8
00000103d3d7df49
000004505ea4ca73
fffff781fc46f834
ffffffe4d075cd5d
000000ec290043a4
0000005f006d1751
0000015489f1b240
00000451d14c1706
fffff77755cc68d4
000000abce77a8f2
00000099e474f3a2
0000006f10e2fc13
0000015489f1b240
00000451d14c1706
fffff77755cc68d4
ffffffe40c4e7da9
000000ec0bb067ba
0000005f10589834
000001a7a3dde6a3
0000045660df279d
fffff755c945fcee
000000aa8ad671e0
0000009a66fca7f9
000000704cbf6725
000001a7a3dde6a3
0000045660df279d
fffff755c945fcee
ffffffe34421cf26
000000ebd8b9f337
0000005f530fc5e5
000001fffa2f32c8
00000460393e2511
fffff70d5dc0ec1e
000000a8f8433446
0000009aa1bace00
0000007257b5f68f
000001fffa2f32c8
00000460393e2511
fffff70d5dc0ec1e
ffffffe27253c24b
000000eb80d9b3e1
0000005febb33ac5
0000001513250654
000004b22dc5fbf0
fffff687cdff57eb
000000af0b74999e
000000940cf5053a
00000071e9ee4559
0000001513250654
000004b22dc5fbf0
fffff687cdff57eb
ffffffe718d76ec3
000000eb65b5639b
000000617cfc53f3
00000066d75db13e
000004a05c214003
fffff6ff99589479
000000aeb5eab96e
00000095c6015b66
00000070293e07b8
00000066d75db13e
000004a05c214003
fffff6ff99589479
ffffffe649b32f6c
000000ebc13aa46d
000000606886a690
000000b781654ffa
0000049a1245d417
fffff729e035e305
000000adf179a4b9
00000096ddb6ced1
0000006fe39be8a4
000000b781654ffa
0000049a1245d417
fffff729e035e305
ffffffe581d3a8d0
000000ebd508e391
0000006001c197ea
0000010879be66e7
000004987b076bc3
fffff734920effb5
000000acfbbe3e52
00000097b5777951
000000703cb58577
0000010879be66e7
000004987b076bc3
fffff734920effb5
ffffffe4bb3b2dbe
000000ebcb65f34f
0000005fe1cce3e8
0000015b16ea4744
0000049b0a3f9eb6
fffff7235d19e1fd
000000abd524655d
00000098566210fc
000000712656bd17
0000015b16ea4744
0000049b0a3f9eb6
fffff7235d19e1fd
ffffffe3f29302b4
000000eba7745f0e
000000600043064c
000001b1eeb6f449
000004a3b57125c7
fffff6e915bef2b1
000000aa60e74cb7
00000098a7a16318
00000072e83ee533
000001b1eeb6f449
000004a3b57125c7
fffff6e915bef2b1
ffffffe3229d7017
000000eb5c77a3bd
000000607a44b912
